regime,score_type,intervention_family,episodes,resolved_episodes,safe_episodes,unsafe_episodes,mean_p_safe,median_p_safe,p90_p_safe,p95_p_safe,p99_p_safe,fraction_p_safe_ge_0_90,fraction_p_safe_ge_0_95,fraction_p_safe_ge_0_99
grouped_iid,RAW,CONTRADICTION,17934,17934,0,17934,0.9511088236883061,0.9749410042519976,0.9857700564312843,0.9863886746806295,0.992935941195859,0.8976246236199398,0.7219805955168953,0.029887364781978364
grouped_iid,RAW,MISSINGNESS,6655,6655,0,6655,0.6323290963879606,0.9473129191519122,0.9852800794737531,0.9859908138542978,0.9923258021367471,0.5981968444778362,0.49135987978963186,0.018031555221637866
grouped_iid,RAW,NATURAL,10106,9048,6231,2817,0.711840195369388,0.957792733670604,0.9853835985061479,0.9860001882289384,0.9925941777859,0.6710864832772611,0.5376014248961013,0.019790223629527013
grouped_iid,RAW,SEVERE_EVIDENCE_LOSS,2224,2224,0,2224,0.00039346736769620746,0.00038947812286973767,0.0006736211053458963,0.0007036050082895824,0.0013671821372643598,0.0,0.0,0.0
grouped_iid,CALIBRATED,CONTRADICTION,17934,17934,0,17934,0.9496060379632175,0.9774535809018567,0.987708947885939,0.987708947885939,0.9927272727272727,0.8479982156797146,0.7251589160254266,0.013884242221478755
grouped_iid,CALIBRATED,MISSINGNESS,6655,6655,0,6655,0.6319164471126985,0.9442204301075269,0.987708947885939,0.987708947885939,0.987708947885939,0.5664913598797896,0.4925619834710744,0.007963936889556725
grouped_iid,CALIBRATED,NATURAL,10106,9048,6231,2817,0.7111206997332811,0.9591078066914498,0.987708947885939,0.987708947885939,0.987708947885939,0.6323965960815358,0.5394814961409063,0.009796160696615873
grouped_iid,CALIBRATED,SEVERE_EVIDENCE_LOSS,2224,2224,0,2224,0.001843988397353594,0.0011838989739542227,0.0011838989739542227,0.0011838989739542227,0.0011838989739542227,0.0,0.0,0.0
temporal,RAW,CONTRADICTION,18805,18805,0,18805,0.8762869594867251,0.9005649914941429,0.980885236057427,0.9873672978243119,0.9896736605756209,0.502844988035097,0.3224674288752991,0.00925285828237171
temporal,RAW,MISSINGNESS,7010,7010,0,7010,0.588750301453048,0.8559570175382787,0.9738705924617976,0.9857321800346959,0.9888943563969609,0.34536376604850216,0.21540656205420827,0.007275320970042796
temporal,RAW,NATURAL,9442,4296,2540,1756,0.7240946889594762,0.8874923239970613,0.9774471905520868,0.9865967492486669,0.9892715186758023,0.4117771658546918,0.25619572124549883,0.008366871425545435
temporal,RAW,SEVERE_EVIDENCE_LOSS,2323,2323,0,2323,0.00014093532660972821,6.184826823028147e-05,0.0003542502729126502,0.0005232533203708295,0.0007030888896102897,0.0,0.0,0.0
temporal,CALIBRATED,CONTRADICTION,18805,18805,0,18805,0.9662006408555979,0.979382686279238,0.991162474507138,0.9925864909390445,0.9925864909390445,0.9356022334485509,0.909173092262696,0.1399095985110343
temporal,CALIBRATED,MISSINGNESS,7010,7010,0,7010,0.6483069279599991,0.964453125,0.9887175629936066,0.991162474507138,0.9925864909390445,0.6245363766048502,0.6135520684736091,0.09215406562054208
temporal,CALIBRATED,NATURAL,9442,4296,2540,1756,0.8003243591476008,0.979382686279238,0.991162474507138,0.991162474507138,0.9925864909390445,0.7728235543317094,0.7490997669985172,0.1089811480618513
temporal,CALIBRATED,SEVERE_EVIDENCE_LOSS,2323,2323,0,2323,0.0009763721434834112,0.0,0.002421307506053269,0.002421307506053269,0.002421307506053269,0.0,0.0,0.0
ood_exposure,RAW,CONTRADICTION,1195,1195,0,1195,0.6115384321090513,0.7038706907338126,0.94008977489105,0.9570252962722451,0.992389759350539,0.1916317991631799,0.06443514644351464,0.012552301255230125
ood_exposure,RAW,MISSINGNESS,496,496,0,496,0.4266339836679193,0.31357802365535886,0.9792964042437489,0.9876472939194125,0.9997284605881269,0.24596774193548387,0.17137096774193547,0.046370967741935484
ood_exposure,RAW,NATURAL,677,606,335,271,0.47003168648912813,0.5346085989293624,0.9395486960370992,0.9500408637431952,0.9945310310405875,0.14623338257016247,0.050221565731166914,0.014771048744460856
ood_exposure,RAW,SEVERE_EVIDENCE_LOSS,168,168,0,168,0.0002294112033883382,6.690983504375084e-05,0.0003375677707558892,0.00039578003004914946,0.003237948645373121,0.0,0.0,0.0
ood_exposure,CALIBRATED,CONTRADICTION,1195,1195,0,1195,0.6099479219659066,0.6206896551724138,0.9285714285714286,0.9556004036326943,0.9907843137254897,0.1799163179916318,0.06778242677824267,0.011715481171548118
ood_exposure,CALIBRATED,MISSINGNESS,496,496,0,496,0.4404320445951853,0.41025641025641024,0.9814560439560439,0.9879424348502528,1.0,0.22983870967741934,0.17338709677419356,0.046370967741935484
ood_exposure,CALIBRATED,NATURAL,677,606,335,271,0.46608612609170125,0.4814814814814814,0.9285714285714286,0.9508196721311475,0.9925490196078433,0.1358936484490399,0.05465288035450517,0.011816838995568686
ood_exposure,CALIBRATED,SEVERE_EVIDENCE_LOSS,168,168,0,168,0.004294190097122097,0.0,0.0,0.0,0.10268528359983753,0.0,0.0,0.0
