episodes,autonomous_execute_count,autonomous_execution_coverage,safe_execute_count,unsafe_execute_count,unsafe_execution_rate,raw_exposure_weighted_unsafe_rate,consequence_weighted_unsafe_rate,mean_expected_policy_loss,mean_realized_normalized_loss,human_escalation_rate,gather_rate,abstention_rate,direct_execute_rate,post_gather_execute_rate,missing_t1_target_on_post_gather_execute,regime,policy,consequence_function,c_G,c_H,c_A,rho_H,beta0,tau1,beta1,tau0,sweep_family,config_label
36919,1516,0.04106286735827081,1481,35,0.02308707124010554,0.058432818109244326,0.02308707124010554,0.09765171159934154,0.09766299195536177,0.9589371326417292,0.04106286735827081,0.0,0.0,0.04106286735827081,0,grouped_iid,VOI_BLIND,UNIFORM,0.02,0.1,0.5,0.0,0.01,0.95,0.05,,risk_budget_frontier,beta0=0.01
36919,1516,0.04106286735827081,1481,35,0.02308707124010554,0.058432818109244326,0.02308707124010554,0.09765171159934154,0.09766299195536177,0.9589371326417292,0.04106286735827081,0.0,0.0,0.04106286735827081,0,grouped_iid,VOI_BLIND,UNIFORM,0.02,0.1,0.5,0.0,0.02,0.95,0.05,,risk_budget_frontier,beta0=0.02
36919,1516,0.04106286735827081,1481,35,0.02308707124010554,0.058432818109244326,0.02308707124010554,0.09765171159934154,0.09766299195536177,0.9589371326417292,0.04106286735827081,0.0,0.0,0.04106286735827081,0,grouped_iid,VOI_BLIND,UNIFORM,0.02,0.1,0.5,0.0,0.05,0.95,0.05,,risk_budget_frontier,beta0=0.05
36919,1516,0.04106286735827081,1481,35,0.02308707124010554,0.058432818109244326,0.02308707124010554,0.09765171159934154,0.09766299195536177,0.9589371326417292,0.04106286735827081,0.0,0.0,0.04106286735827081,0,grouped_iid,VOI_BLIND,UNIFORM,0.02,0.1,0.5,0.0,0.1,0.95,0.05,,risk_budget_frontier,beta0=0.1
36919,1516,0.04106286735827081,1481,35,0.02308707124010554,0.058432818109244326,0.02308707124010554,0.09765171159934154,0.09766299195536177,0.9589371326417292,0.04106286735827081,0.0,0.0,0.04106286735827081,0,grouped_iid,VOI_BLIND,UNIFORM,0.02,0.1,0.5,0.0,0.2,0.95,0.05,,risk_budget_frontier,beta0=0.2
36919,5,0.00013543162057477178,0,5,1.0,,,0.09998645683794254,0.09998645683794254,0.9998645683794253,0.0,0.0,0.00013543162057477178,0.0,0,grouped_iid,RCSE_NO_GATHER,LOG_TRAIN_P90,0.02,0.1,0.5,0.0,0.01,,,,risk_budget_frontier,beta0=0.01
36919,5,0.00013543162057477178,0,5,1.0,,,0.09998645683794254,0.09998645683794254,0.9998645683794253,0.0,0.0,0.00013543162057477178,0.0,0,grouped_iid,RCSE_NO_GATHER,LOG_TRAIN_P90,0.02,0.1,0.5,0.0,0.02,,,,risk_budget_frontier,beta0=0.02
36919,5,0.00013543162057477178,0,5,1.0,,,0.09998645683794254,0.09998645683794254,0.9998645683794253,0.0,0.0,0.00013543162057477178,0.0,0,grouped_iid,RCSE_NO_GATHER,LOG_TRAIN_P90,0.02,0.1,0.5,0.0,0.05,,,,risk_budget_frontier,beta0=0.05
36919,23,0.0006229854546439503,4,19,0.8260869565217391,0.7666666666666667,0.7699843722140108,0.09997787312294489,0.09997845590604468,0.9993770145453561,0.0,0.0,0.0006229854546439503,0.0,0,grouped_iid,RCSE_NO_GATHER,LOG_TRAIN_P90,0.02,0.1,0.5,0.0,0.1,,,,risk_budget_frontier,beta0=0.1
36919,23,0.0006229854546439503,4,19,0.8260869565217391,0.7666666666666667,0.7699843722140108,0.09997787312294489,0.09997845590604468,0.9993770145453561,0.0,0.0,0.0006229854546439503,0.0,0,grouped_iid,RCSE_NO_GATHER,LOG_TRAIN_P90,0.02,0.1,0.5,0.0,0.2,,,,risk_budget_frontier,beta0=0.2
36919,1519,0.04114412633061567,1479,40,0.026333113890717578,0.06126843959834225,0.026385153559500607,0.09736093058528437,0.09746879311835792,0.9588558736693843,0.0410086947100409,0.0,0.00013543162057477178,0.0410086947100409,0,grouped_iid,RCSE_FULL,LOG_TRAIN_P90,0.02,0.1,0.5,0.0,0.01,0.95,0.05,,risk_budget_frontier,beta0=0.01
36919,1519,0.04114412633061567,1479,40,0.026333113890717578,0.06126843959834225,0.026385153559500607,0.09736093058528437,0.09746879311835792,0.9588558736693843,0.0410086947100409,0.0,0.00013543162057477178,0.0410086947100409,0,grouped_iid,RCSE_FULL,LOG_TRAIN_P90,0.02,0.1,0.5,0.0,0.02,0.95,0.05,,risk_budget_frontier,beta0=0.02
36919,1519,0.04114412633061567,1479,40,0.026333113890717578,0.06126843959834225,0.026385153559500607,0.09736093058528437,0.09746879311835792,0.9588558736693843,0.0410086947100409,0.0,0.00013543162057477178,0.0410086947100409,0,grouped_iid,RCSE_FULL,LOG_TRAIN_P90,0.02,0.1,0.5,0.0,0.05,0.95,0.05,,risk_budget_frontier,beta0=0.05
36919,1537,0.04163168016468485,1483,54,0.03513337670787248,0.06127457733694796,0.027743638667161355,0.09735234687028671,0.09746079218646006,0.9583683198353151,0.0410086947100409,0.0,0.0006229854546439503,0.0410086947100409,0,grouped_iid,RCSE_FULL,LOG_TRAIN_P90,0.02,0.1,0.5,0.0,0.1,0.95,0.05,,risk_budget_frontier,beta0=0.1
36919,1537,0.04163168016468485,1483,54,0.03513337670787248,0.06127457733694796,0.027743638667161355,0.09735234687028671,0.09746079218646006,0.9583683198353151,0.0410086947100409,0.0,0.0006229854546439503,0.0410086947100409,0,grouped_iid,RCSE_FULL,LOG_TRAIN_P90,0.02,0.1,0.5,0.0,0.2,0.95,0.05,,risk_budget_frontier,beta0=0.2
37580,680,0.018094731240021287,661,19,0.027941176470588237,0.0344567624963486,0.027941176470588237,0.09897101815747689,0.09905800957956361,0.9819052687599787,0.018094731240021287,0.0,0.0,0.018094731240021287,0,temporal,VOI_BLIND,UNIFORM,0.02,0.1,0.5,0.0,0.01,0.95,0.05,,risk_budget_frontier,beta0=0.01
37580,680,0.018094731240021287,661,19,0.027941176470588237,0.0344567624963486,0.027941176470588237,0.09897101815747689,0.09905800957956361,0.9819052687599787,0.018094731240021287,0.0,0.0,0.018094731240021287,0,temporal,VOI_BLIND,UNIFORM,0.02,0.1,0.5,0.0,0.02,0.95,0.05,,risk_budget_frontier,beta0=0.02
37580,680,0.018094731240021287,661,19,0.027941176470588237,0.0344567624963486,0.027941176470588237,0.09897101815747689,0.09905800957956361,0.9819052687599787,0.018094731240021287,0.0,0.0,0.018094731240021287,0,temporal,VOI_BLIND,UNIFORM,0.02,0.1,0.5,0.0,0.05,0.95,0.05,,risk_budget_frontier,beta0=0.05
37580,680,0.018094731240021287,661,19,0.027941176470588237,0.0344567624963486,0.027941176470588237,0.09897101815747689,0.09905800957956361,0.9819052687599787,0.018094731240021287,0.0,0.0,0.018094731240021287,0,temporal,VOI_BLIND,UNIFORM,0.02,0.1,0.5,0.0,0.1,0.95,0.05,,risk_budget_frontier,beta0=0.1
37580,680,0.018094731240021287,661,19,0.027941176470588237,0.0344567624963486,0.027941176470588237,0.09897101815747689,0.09905800957956361,0.9819052687599787,0.018094731240021287,0.0,0.0,0.018094731240021287,0,temporal,VOI_BLIND,UNIFORM,0.02,0.1,0.5,0.0,0.2,0.95,0.05,,risk_budget_frontier,beta0=0.2
37580,9,0.00023948908994145824,4,5,0.5555555555555556,,,0.09997605109100587,0.09997605109100587,0.9997605109100586,0.0,0.0,0.00023948908994145824,0.0,0,temporal,RCSE_NO_GATHER,LOG_TRAIN_P90,0.02,0.1,0.5,0.0,0.01,,,,risk_budget_frontier,beta0=0.01
37580,9,0.00023948908994145824,4,5,0.5555555555555556,,,0.09997605109100587,0.09997605109100587,0.9997605109100586,0.0,0.0,0.00023948908994145824,0.0,0,temporal,RCSE_NO_GATHER,LOG_TRAIN_P90,0.02,0.1,0.5,0.0,0.02,,,,risk_budget_frontier,beta0=0.02
37580,9,0.00023948908994145824,4,5,0.5555555555555556,,,0.09997605109100587,0.09997605109100587,0.9997605109100586,0.0,0.0,0.00023948908994145824,0.0,0,temporal,RCSE_NO_GATHER,LOG_TRAIN_P90,0.02,0.1,0.5,0.0,0.05,,,,risk_budget_frontier,beta0=0.05
37580,38,0.0010111761575306013,9,29,0.7631578947368421,0.8285714285714286,0.8282066701483533,0.09995162646561906,0.0999548750769401,0.9989888238424695,0.0,0.0,0.0010111761575306013,0.0,0,temporal,RCSE_NO_GATHER,LOG_TRAIN_P90,0.02,0.1,0.5,0.0,0.1,,,,risk_budget_frontier,beta0=0.1
37580,38,0.0010111761575306013,9,29,0.7631578947368421,0.8285714285714286,0.8282066701483533,0.09995162646561906,0.0999548750769401,0.9989888238424695,0.0,0.0,0.0010111761575306013,0.0,0,temporal,RCSE_NO_GATHER,LOG_TRAIN_P90,0.02,0.1,0.5,0.0,0.2,,,,risk_budget_frontier,beta0=0.2
37580,686,0.018254390633315593,662,24,0.03498542274052478,0.0368863499398743,0.03154545708095825,0.09883177234320714,0.09893843898603133,0.9817456093666844,0.018014901543374134,0.0,0.00023948908994145824,0.018014901543374134,0,temporal,RCSE_FULL,LOG_TRAIN_P90,0.02,0.1,0.5,0.0,0.01,0.95,0.05,,risk_budget_frontier,beta0=0.01
37580,686,0.018254390633315593,662,24,0.03498542274052478,0.0368863499398743,0.03154545708095825,0.09883177234320714,0.09893843898603133,0.9817456093666844,0.018014901543374134,0.0,0.00023948908994145824,0.018014901543374134,0,temporal,RCSE_FULL,LOG_TRAIN_P90,0.02,0.1,0.5,0.0,0.02,0.95,0.05,,risk_budget_frontier,beta0=0.02
37580,686,0.018254390633315593,662,24,0.03498542274052478,0.0368863499398743,0.03154545708095825,0.09883177234320714,0.09893843898603133,0.9817456093666844,0.018014901543374134,0.0,0.00023948908994145824,0.018014901543374134,0,temporal,RCSE_FULL,LOG_TRAIN_P90,0.02,0.1,0.5,0.0,0.05,0.95,0.05,,risk_budget_frontier,beta0=0.05
37580,714,0.018999467802022354,667,47,0.06582633053221289,0.03690120521275762,0.03557730090058098,0.09880792911318267,0.0989178443673279,0.9810005321979777,0.018014901543374134,0.0,0.000984566258648217,0.018014901543374134,0,temporal,RCSE_FULL,LOG_TRAIN_P90,0.02,0.1,0.5,0.0,0.1,0.95,0.05,,risk_budget_frontier,beta0=0.1
37580,714,0.018999467802022354,667,47,0.06582633053221289,0.03690120521275762,0.03557730090058098,0.09880792911318267,0.0989178443673279,0.9810005321979777,0.018014901543374134,0.0,0.000984566258648217,0.018014901543374134,0,temporal,RCSE_FULL,LOG_TRAIN_P90,0.02,0.1,0.5,0.0,0.2,0.95,0.05,,risk_budget_frontier,beta0=0.2
2536,69,0.02720820189274448,52,17,0.2463768115942029,0.7552103935290229,0.2463768115942029,0.09849448636159558,0.10448738170347004,0.9727917981072555,0.025236593059936908,0.0,0.001971608832807571,0.025236593059936908,0,ood_exposure,VOI_BLIND,UNIFORM,0.02,0.1,0.5,0.0,0.01,0.95,0.05,,risk_budget_frontier,beta0=0.01
2536,69,0.02720820189274448,52,17,0.2463768115942029,0.7552103935290229,0.2463768115942029,0.09849448636159558,0.10448738170347004,0.9727917981072555,0.025236593059936908,0.0,0.001971608832807571,0.025236593059936908,0,ood_exposure,VOI_BLIND,UNIFORM,0.02,0.1,0.5,0.0,0.02,0.95,0.05,,risk_budget_frontier,beta0=0.02
2536,70,0.027602523659305992,52,18,0.2571428571428571,0.7610641508629628,0.2571428571428571,0.09847056276944642,0.1048422712933754,0.972397476340694,0.025236593059936908,0.0,0.002365930599369085,0.025236593059936908,0,ood_exposure,VOI_BLIND,UNIFORM,0.02,0.1,0.5,0.0,0.05,0.95,0.05,,risk_budget_frontier,beta0=0.05
2536,71,0.027996845425867507,52,19,0.2676056338028169,0.7651277839601056,0.2676056338028169,0.09847015968282358,0.10519716088328075,0.9720031545741324,0.025236593059936908,0.0,0.0027602523659305996,0.025236593059936908,0,ood_exposure,VOI_BLIND,UNIFORM,0.02,0.1,0.5,0.0,0.1,0.95,0.05,,risk_budget_frontier,beta0=0.1
2536,71,0.027996845425867507,52,19,0.2676056338028169,0.7651277839601056,0.2676056338028169,0.09847015968282358,0.10519716088328075,0.9720031545741324,0.025236593059936908,0.0,0.0027602523659305996,0.025236593059936908,0,ood_exposure,VOI_BLIND,UNIFORM,0.02,0.1,0.5,0.0,0.2,0.95,0.05,,risk_budget_frontier,beta0=0.2
2536,5,0.001971608832807571,0,5,1.0,1.0,1.0,0.09980324901006588,0.10311949113107466,0.9980283911671924,0.0,0.0,0.001971608832807571,0.0,0,ood_exposure,RCSE_NO_GATHER,LOG_TRAIN_P90,0.02,0.1,0.5,0.0,0.01,,,,risk_budget_frontier,beta0=0.01
2536,5,0.001971608832807571,0,5,1.0,1.0,1.0,0.09980324901006588,0.10311949113107466,0.9980283911671924,0.0,0.0,0.001971608832807571,0.0,0,ood_exposure,RCSE_NO_GATHER,LOG_TRAIN_P90,0.02,0.1,0.5,0.0,0.02,,,,risk_budget_frontier,beta0=0.02
2536,5,0.001971608832807571,0,5,1.0,1.0,1.0,0.09980324901006588,0.10311949113107466,0.9980283911671924,0.0,0.0,0.001971608832807571,0.0,0,ood_exposure,RCSE_NO_GATHER,LOG_TRAIN_P90,0.02,0.1,0.5,0.0,0.05,,,,risk_budget_frontier,beta0=0.05
2536,6,0.002365930599369085,0,6,1.0,1.0,1.0,0.09978703194137939,0.1036703270334543,0.9976340694006309,0.0,0.0,0.002365930599369085,0.0,0,ood_exposure,RCSE_NO_GATHER,LOG_TRAIN_P90,0.02,0.1,0.5,0.0,0.1,,,,risk_budget_frontier,beta0=0.1
2536,6,0.002365930599369085,0,6,1.0,1.0,1.0,0.09978703194137939,0.1036703270334543,0.9976340694006309,0.0,0.0,0.002365930599369085,0.0,0,ood_exposure,RCSE_NO_GATHER,LOG_TRAIN_P90,0.02,0.1,0.5,0.0,0.2,,,,risk_budget_frontier,beta0=0.2
2536,66,0.026025236593059938,49,17,0.25757575757575757,0.7786804968488608,0.27604757823713094,0.09873730402438106,0.10734624572386305,0.9739747634069401,0.024053627760252366,0.0,0.001971608832807571,0.024053627760252366,0,ood_exposure,RCSE_FULL,LOG_TRAIN_P90,0.02,0.1,0.5,0.0,0.01,0.95,0.05,,risk_budget_frontier,beta0=0.01
2536,66,0.026025236593059938,49,17,0.25757575757575757,0.7786804968488608,0.27604757823713094,0.09873730402438106,0.10734624572386305,0.9739747634069401,0.024053627760252366,0.0,0.001971608832807571,0.024053627760252366,0,ood_exposure,RCSE_FULL,LOG_TRAIN_P90,0.02,0.1,0.5,0.0,0.02,0.95,0.05,,risk_budget_frontier,beta0=0.02
2536,66,0.026025236593059938,49,17,0.25757575757575757,0.7786804968488608,0.27604757823713094,0.09873730402438106,0.10734624572386305,0.9739747634069401,0.024053627760252366,0.0,0.001971608832807571,0.024053627760252366,0,ood_exposure,RCSE_FULL,LOG_TRAIN_P90,0.02,0.1,0.5,0.0,0.05,0.95,0.05,,risk_budget_frontier,beta0=0.05
2536,67,0.02641955835962145,49,18,0.26865671641791045,0.7841334294671638,0.288296226544575,0.09872108695569459,0.10789708162624269,0.9735804416403786,0.024053627760252366,0.0,0.002365930599369085,0.024053627760252366,0,ood_exposure,RCSE_FULL,LOG_TRAIN_P90,0.02,0.1,0.5,0.0,0.1,0.95,0.05,,risk_budget_frontier,beta0=0.1
2536,67,0.02641955835962145,49,18,0.26865671641791045,0.7841334294671638,0.288296226544575,0.09872108695569459,0.10789708162624269,0.9735804416403786,0.024053627760252366,0.0,0.002365930599369085,0.024053627760252366,0,ood_exposure,RCSE_FULL,LOG_TRAIN_P90,0.02,0.1,0.5,0.0,0.2,0.95,0.05,,risk_budget_frontier,beta0=0.2
