delta,intervention_family,episodes,blocked_count,block_rate,valid_rate,incomplete_rate,contradictory_rate
0.05,CONTRADICTION,120000,111043,0.9253583333333333,0.07464166666666666,0.000875,0.9244833333333333
0.05,MISSINGNESS,45000,45000,1.0,0.0,0.6640888888888888,0.3359111111111111
0.05,NATURAL,66682,17703,0.26548393869410036,0.7345160613058996,0.25846555292282775,0.007018385771272608
0.05,SEVERE_EVIDENCE_LOSS,15000,15000,1.0,0.0,0.0,1.0
0.1,CONTRADICTION,120000,78652,0.6554333333333333,0.3445666666666667,0.003958333333333334,0.651475
0.1,MISSINGNESS,45000,45000,1.0,0.0,0.6640888888888888,0.3359111111111111
0.1,NATURAL,66682,17703,0.26548393869410036,0.7345160613058996,0.25846555292282775,0.007018385771272608
0.1,SEVERE_EVIDENCE_LOSS,15000,15000,1.0,0.0,0.0,1.0
0.25,CONTRADICTION,120000,53797,0.4483083333333333,0.5516916666666667,0.006108333333333334,0.4422
0.25,MISSINGNESS,45000,45000,1.0,0.0,0.6641111111111111,0.3358888888888889
0.25,NATURAL,66682,17703,0.26548393869410036,0.7345160613058996,0.25846555292282775,0.007018385771272608
0.25,SEVERE_EVIDENCE_LOSS,15000,15000,1.0,0.0,0.0,1.0
0.5,CONTRADICTION,120000,24253,0.20210833333333333,0.7978916666666667,0.008791666666666666,0.19331666666666666
0.5,MISSINGNESS,45000,45000,1.0,0.0,0.6641555555555556,0.33584444444444445
0.5,NATURAL,66682,17703,0.26548393869410036,0.7345160613058996,0.25846555292282775,0.007018385771272608
0.5,SEVERE_EVIDENCE_LOSS,15000,15000,1.0,0.0,0.0,1.0
