delta,rule,overall_trigger_count,overall_trigger_rate,natural_trigger_count,natural_trigger_rate,missingness_trigger_count,missingness_trigger_rate,contradiction_trigger_count,contradiction_trigger_rate,severe_evidence_loss_trigger_count,severe_evidence_loss_trigger_rate
0.05,missing_po_value,30000,0.12161406182858904,0,0.0,15000,0.3333333333333333,0,0.0,15000,1.0
0.05,missing_invoice_value,30000,0.12161406182858904,0,0.0,15000,0.3333333333333333,0,0.0,15000,1.0
0.05,missing_required_gr,46682,0.18923958780940645,16682,0.25017246033412316,15000,0.3333333333333333,0,0.0,15000,1.0
0.05,missing_vendor_invoice_evidence,3919,0.01588685027687468,1986,0.029783149875528627,438,0.009733333333333333,1321,0.011008333333333334,174,0.0116
0.05,missing_po_creation_evidence,0,0.0,0,0.0,0,0.0,0,0.0,0,0.0
0.05,gr_flag_false_but_gr_count_positive,30000,0.12161406182858904,0,0.0,15000,0.3333333333333333,0,0.0,15000,1.0
0.05,gr_flag_true_but_gr_count_zero,0,0.0,0,0.0,0,0.0,0,0.0,0,0.0
0.05,gr_cancel_flag_without_cancel_count,0,0.0,0,0.0,0,0.0,0,0.0,0,0.0
0.05,invoice_cancel_flag_without_cancel_count,0,0.0,0,0.0,0,0.0,0,0.0,0,0.0
0.05,price_change_flag_without_count,0,0.0,0,0.0,0,0.0,0,0.0,0,0.0
0.05,quantity_change_flag_without_count,0,0.0,0,0.0,0,0.0,0,0.0,0,0.0
0.05,payment_block_flag_without_history,0,0.0,0,0.0,0,0.0,0,0.0,0,0.0
0.05,value_inconsistency_delta_0.05,111630,0.4525259240641798,468,0.007018385771272608,224,0.004977777777777778,110938,0.9244833333333333,0,0.0
0.1,missing_po_value,30000,0.12161406182858904,0,0.0,15000,0.3333333333333333,0,0.0,15000,1.0
0.1,missing_invoice_value,30000,0.12161406182858904,0,0.0,15000,0.3333333333333333,0,0.0,15000,1.0
0.1,missing_required_gr,46682,0.18923958780940645,16682,0.25017246033412316,15000,0.3333333333333333,0,0.0,15000,1.0
0.1,missing_vendor_invoice_evidence,3919,0.01588685027687468,1986,0.029783149875528627,438,0.009733333333333333,1321,0.011008333333333334,174,0.0116
0.1,missing_po_creation_evidence,0,0.0,0,0.0,0,0.0,0,0.0,0,0.0
0.1,gr_flag_false_but_gr_count_positive,30000,0.12161406182858904,0,0.0,15000,0.3333333333333333,0,0.0,15000,1.0
0.1,gr_flag_true_but_gr_count_zero,0,0.0,0,0.0,0,0.0,0,0.0,0,0.0
0.1,gr_cancel_flag_without_cancel_count,0,0.0,0,0.0,0,0.0,0,0.0,0,0.0
0.1,invoice_cancel_flag_without_cancel_count,0,0.0,0,0.0,0,0.0,0,0.0,0,0.0
0.1,price_change_flag_without_count,0,0.0,0,0.0,0,0.0,0,0.0,0,0.0
0.1,quantity_change_flag_without_count,0,0.0,0,0.0,0,0.0,0,0.0,0,0.0
0.1,payment_block_flag_without_history,0,0.0,0,0.0,0,0.0,0,0.0,0,0.0
0.1,value_inconsistency_delta_0.1,78869,0.31971931474529963,468,0.007018385771272608,224,0.004977777777777778,78177,0.651475,0,0.0
0.25,missing_po_value,30000,0.12161406182858904,0,0.0,15000,0.3333333333333333,0,0.0,15000,1.0
0.25,missing_invoice_value,30000,0.12161406182858904,0,0.0,15000,0.3333333333333333,0,0.0,15000,1.0
0.25,missing_required_gr,46682,0.18923958780940645,16682,0.25017246033412316,15000,0.3333333333333333,0,0.0,15000,1.0
0.25,missing_vendor_invoice_evidence,3919,0.01588685027687468,1986,0.029783149875528627,438,0.009733333333333333,1321,0.011008333333333334,174,0.0116
0.25,missing_po_creation_evidence,0,0.0,0,0.0,0,0.0,0,0.0,0,0.0
0.25,gr_flag_false_but_gr_count_positive,30000,0.12161406182858904,0,0.0,15000,0.3333333333333333,0,0.0,15000,1.0
0.25,gr_flag_true_but_gr_count_zero,0,0.0,0,0.0,0,0.0,0,0.0,0,0.0
0.25,gr_cancel_flag_without_cancel_count,0,0.0,0,0.0,0,0.0,0,0.0,0,0.0
0.25,invoice_cancel_flag_without_cancel_count,0,0.0,0,0.0,0,0.0,0,0.0,0,0.0
0.25,price_change_flag_without_count,0,0.0,0,0.0,0,0.0,0,0.0,0,0.0
0.25,quantity_change_flag_without_count,0,0.0,0,0.0,0,0.0,0,0.0,0,0.0
0.25,payment_block_flag_without_history,0,0.0,0,0.0,0,0.0,0,0.0,0,0.0
0.25,value_inconsistency_delta_0.25,53755,0.21791212978652677,468,0.007018385771272608,223,0.004955555555555556,53064,0.4422,0,0.0
0.5,missing_po_value,30000,0.12161406182858904,0,0.0,15000,0.3333333333333333,0,0.0,15000,1.0
0.5,missing_invoice_value,30000,0.12161406182858904,0,0.0,15000,0.3333333333333333,0,0.0,15000,1.0
0.5,missing_required_gr,46682,0.18923958780940645,16682,0.25017246033412316,15000,0.3333333333333333,0,0.0,15000,1.0
0.5,missing_vendor_invoice_evidence,3919,0.01588685027687468,1986,0.029783149875528627,438,0.009733333333333333,1321,0.011008333333333334,174,0.0116
0.5,missing_po_creation_evidence,0,0.0,0,0.0,0,0.0,0,0.0,0,0.0
0.5,gr_flag_false_but_gr_count_positive,30000,0.12161406182858904,0,0.0,15000,0.3333333333333333,0,0.0,15000,1.0
0.5,gr_flag_true_but_gr_count_zero,0,0.0,0,0.0,0,0.0,0,0.0,0,0.0
0.5,gr_cancel_flag_without_cancel_count,0,0.0,0,0.0,0,0.0,0,0.0,0,0.0
0.5,invoice_cancel_flag_without_cancel_count,0,0.0,0,0.0,0,0.0,0,0.0,0,0.0
0.5,price_change_flag_without_count,0,0.0,0,0.0,0,0.0,0,0.0,0,0.0
0.5,quantity_change_flag_without_count,0,0.0,0,0.0,0,0.0,0,0.0,0,0.0
0.5,payment_block_flag_without_history,0,0.0,0,0.0,0,0.0,0,0.0,0,0.0
0.5,value_inconsistency_delta_0.5,23887,0.09683316982998354,468,0.007018385771272608,221,0.004911111111111111,23198,0.19331666666666666,0,0.0
