regime,threshold,fpr,tpr
grouped_iid,inf,0.0,0.0
grouped_iid,0.2927948032365571,3.406806799986373e-05,0.0
grouped_iid,0.25534157966515963,0.022621197151909515,0.03528945281522601
grouped_iid,0.2553134854742465,0.03951895887984192,0.05590800951625694
grouped_iid,0.25509947447340914,0.03955302694784179,0.05590800951625694
grouped_iid,0.25420053935826686,0.03975743535584097,0.05617234998678298
grouped_iid,0.2538096202453566,0.0529758457397881,0.07401533174729051
grouped_iid,0.25378169895555935,0.1008755493475965,0.13706053396775048
grouped_iid,0.25265802900605366,0.10370319899158519,0.13983610890827386
grouped_iid,0.2526301915108936,0.10973324702756107,0.14882368490615913
grouped_iid,0.252002255598114,0.10980138316356079,0.14882368490615913
grouped_iid,0.251974465994515,0.11007392770755971,0.1492201956119482
grouped_iid,0.25163094776341477,0.11014206384355943,0.1492201956119482
grouped_iid,0.2513132074342824,0.2706026641229176,0.3569918054454137
grouped_iid,0.2512884971085392,0.2707048683269172,0.3569918054454137
grouped_iid,0.25128556958445736,0.5193336285899227,0.6790906687813905
grouped_iid,0.25110900174458356,0.5197083773379212,0.6800158604282316
grouped_iid,0.25095595377157615,0.5198105815419207,0.6800158604282316
grouped_iid,0.2507795399628132,0.5198105815419207,0.6802802008987576
grouped_iid,0.25069643735753994,0.5198446496099206,0.6802802008987576
grouped_iid,0.25068663983240347,0.5198446496099206,0.6804123711340206
grouped_iid,0.2504584034805069,0.5201512622219194,0.6809410520750727
grouped_iid,0.2504309533126184,0.5210711000579157,0.6818662437219138
grouped_iid,0.2502822225655324,0.5215480530099138,0.6823949246629659
grouped_iid,0.2502547852600616,0.5266923312778933,0.6907216494845361
grouped_iid,0.2492363624073001,0.526726399345893,0.6907216494845361
grouped_iid,0.24786781195182245,0.5929547235376282,0.7809939201691779
grouped_iid,0.24784696033011658,0.5929547235376282,0.7811260904044409
grouped_iid,0.2478450425447147,0.592988791605628,0.7811260904044409
grouped_iid,0.24784055182943984,0.7163151977651347,0.9398625429553265
grouped_iid,0.24774950670574813,0.725241031581099,0.9529473962463653
grouped_iid,0.24772227259778548,0.7281368173610875,0.9565159925984669
grouped_iid,0.24570360511193176,0.7282049534970871,0.9565159925984669
grouped_iid,0.24073571026313875,0.7282730896330869,0.9567803330689929
grouped_iid,0.240292952232929,0.7282730896330869,0.9569125033042559
grouped_iid,0.23946308584697376,0.7283071577010868,0.9569125033042559
grouped_iid,0.23872934723862685,0.7540285490409839,0.9902194025905366
grouped_iid,0.23870308075662092,0.7593090995809627,0.9970922548242136
grouped_iid,0.2374752156200859,0.7593431676489626,0.9970922548242136
grouped_iid,0.2338461570315508,0.7593431676489626,0.9972244250594766
grouped_iid,0.20830608329790828,0.7598541886689606,0.9978852762357917
grouped_iid,0.20828317411462463,0.7599223248049604,0.9978852762357917
grouped_iid,0.12366363454314751,0.7609102987769564,0.9992069785884219
grouped_iid,0.12364967326110075,0.7610806391169557,0.9994713190589479
grouped_iid,0.10632425966848709,0.7612169113889551,0.9994713190589479
grouped_iid,0.10619468075735698,0.7612169113889551,0.999603489294211
grouped_iid,0.09948463268261974,0.7612850475249548,0.999603489294211
grouped_iid,0.09710166897197356,0.7612850475249548,0.999735659529474
grouped_iid,0.08777034275493141,0.7613191155929547,0.999735659529474
grouped_iid,0.08529125824960145,0.7613872517289545,0.999735659529474
grouped_iid,0.07966884907207795,0.761489455932954,0.999735659529474
grouped_iid,0.07691378924359009,0.7616938643409532,1.0
grouped_iid,0.06809312412434443,0.761762000476953,1.0
grouped_iid,0.0,1.0,1.0
temporal,inf,0.0,0.0
temporal,0.4947537091601322,0.0,0.00012779552715654952
temporal,0.4879199921140844,3.360779700890607e-05,0.00012779552715654952
temporal,0.4879156250248676,3.360779700890607e-05,0.00025559105431309905
temporal,0.4562641721884518,0.0002016467820534364,0.00025559105431309905
temporal,0.45608832169570396,0.0002016467820534364,0.00038338658146964857
temporal,0.4463796952357686,0.00023525457906234246,0.00038338658146964857
temporal,0.34803986349535393,0.00026886237607124855,0.0005111821086261981
temporal,0.2670967296216654,0.0003024701730801546,0.0005111821086261981
temporal,0.26707043862081714,0.004839522769282473,0.007539936102236422
temporal,0.2670523186218096,0.01922365988909427,0.025559105431309903
temporal,0.2667660123904663,0.019358091077129894,0.025942492012779553
temporal,0.258348499974936,0.019425306671147707,0.025942492012779553
temporal,0.25338087712635055,0.020198286002352545,0.0268370607028754
temporal,0.2533636876264527,0.020231893799361453,0.026964856230031947
temporal,0.2533631266108826,0.020265501596370358,0.026964856230031947
temporal,0.2533559411317464,0.03135607460930936,0.0412779552715655
temporal,0.2533404598430977,0.031389682406318266,0.0412779552715655
temporal,0.2533387550149109,0.27729793312048395,0.3447923322683706
temporal,0.25306720458893767,0.27753318769954627,0.34492012779552716
temporal,0.25025436204709767,0.2776004032935641,0.34492012779552716
temporal,0.24847940166177993,0.2827760040329356,0.3515654952076677
temporal,0.24663797140108343,0.2828096118299446,0.3515654952076677
temporal,0.24637123349649176,0.2828096118299446,0.3516932907348243
temporal,0.24584971745637316,0.28284321962695347,0.3516932907348243
temporal,0.24489404538490728,0.28284321962695347,0.35194888178913736
temporal,0.24443501511949883,0.28287682742396236,0.35207667731629394
temporal,0.24441843589458973,0.28291043522097126,0.35207667731629394
temporal,0.24441096442181065,0.2875483112082003,0.3603833865814696
temporal,0.24440031212872967,0.2875483112082003,0.3605111821086262
temporal,0.24439438845919018,0.5722399596706436,0.7269009584664536
temporal,0.24434119029836202,0.5723071752646613,0.7269009584664536
temporal,0.24433372354730823,0.5748277600403293,0.7313738019169329
temporal,0.24431911462262193,0.5748949756343472,0.7313738019169329
temporal,0.24431715805963639,0.6338094437909595,0.8066453674121405
temporal,0.24413247875614386,0.6339774827760041,0.8070287539936102
temporal,0.24405541377252665,0.6352881868593514,0.8086900958466454
temporal,0.24381485956159243,0.6356578726264493,0.8089456869009585
temporal,0.24379831574943175,0.6356914804234582,0.8089456869009585
temporal,0.24379530953444084,0.6356914804234582,0.809073482428115
temporal,0.2437908602357991,0.6434884893295244,0.8175079872204473
temporal,0.24377678934155542,0.6435557049235423,0.8175079872204473
temporal,0.2437743196802679,0.7432028230549488,0.9426198083067092
temporal,0.24358991844029665,0.7434044698370021,0.9427476038338658
temporal,0.24353691419116996,0.7436061166190556,0.9431309904153354
temporal,0.2435129695492611,0.7455889766425811,0.9463258785942492
temporal,0.2426869212544168,0.7457570156276256,0.9465814696485623
temporal,0.24267044534243304,0.7458242312216434,0.9465814696485623
temporal,0.2426630204285818,0.7465299949588304,0.9474760383386581
temporal,0.24264654776156191,0.7602083683414552,0.963961661341853
temporal,0.24256345934727822,0.7602419761384641,0.9642172523961662
temporal,0.240942090080511,0.7603091917324819,0.9642172523961662
temporal,0.23874331472049998,0.7603764073264997,0.9643450479233227
temporal,0.23757435608769073,0.7604436229205176,0.9646006389776358
temporal,0.23755095722821087,0.7608469164846244,0.9652396166134185
temporal,0.237534830521155,0.7675684758864056,0.9735463258785942
temporal,0.23407203702616913,0.7676020836834145,0.9735463258785942
temporal,0.23332573156794198,0.7677029070744412,0.9735463258785942
temporal,0.23147343775276574,0.7677365148714502,0.9735463258785942
temporal,0.22999552528261327,0.7677701226684591,0.9736741214057508
temporal,0.22425210051873595,0.7677701226684591,0.9740575079872205
temporal,0.22420689737708968,0.767803730465468,0.9740575079872205
temporal,0.22292707705756576,0.7684086708116283,0.9752076677316294
temporal,0.22291198228297052,0.7684422786086372,0.9752076677316294
temporal,0.22290517978062627,0.7711309023693497,0.9789137380191694
temporal,0.2228900879711893,0.7887413880020164,0.9985942492012779
temporal,0.22265162827779436,0.7888758191900521,0.9989776357827476
temporal,0.22048204847595604,0.788909426987061,0.9989776357827476
temporal,0.21995658884658176,0.788909426987061,0.9991054313099041
temporal,0.2196525449376412,0.7889766425810788,0.9991054313099041
temporal,0.21937573716040104,0.7891446815661234,0.9993610223642172
temporal,0.16552779564156545,0.789279112754159,0.9993610223642172
temporal,0.16101723716303903,0.789279112754159,0.9994888178913738
temporal,0.08669103355695798,0.7893799361451856,0.9994888178913738
temporal,0.08333333333333334,0.7895143673332213,0.9994888178913738
temporal,0.08332581665313664,0.7897496219122836,0.9996166134185304
temporal,0.08332063601612948,0.7898504453033104,0.999744408945687
temporal,0.0,1.0,1.0
ood_exposure,inf,0.0,0.0
ood_exposure,0.9998764135203608,0.00248015873015873,0.0
ood_exposure,0.9010222276755581,0.003472222222222222,0.0
ood_exposure,0.8180990848777309,0.005456349206349206,0.0
ood_exposure,0.7984908614064995,0.005952380952380952,0.0
ood_exposure,0.7916639994302005,0.007936507936507936,0.0038461538461538464
ood_exposure,0.7802442686716742,0.008928571428571428,0.0038461538461538464
ood_exposure,0.6947338746566157,0.01240079365079365,0.009615384615384616
ood_exposure,0.6717605861160597,0.012896825396825396,0.009615384615384616
ood_exposure,0.6637783553410629,0.012896825396825396,0.011538461538461539
ood_exposure,0.567000270633505,0.016865079365079364,0.011538461538461539
ood_exposure,0.5636403162374679,0.019345238095238096,0.013461538461538462
ood_exposure,0.5148409588640536,0.023313492063492064,0.013461538461538462
ood_exposure,0.5105211738875215,0.023313492063492064,0.015384615384615385
ood_exposure,0.485346269539942,0.025793650793650792,0.015384615384615385
ood_exposure,0.48504425364202314,0.025793650793650792,0.01730769230769231
ood_exposure,0.4750737612703426,0.027777777777777776,0.01730769230769231
ood_exposure,0.4689175795896822,0.027777777777777776,0.019230769230769232
ood_exposure,0.43717432993888505,0.037698412698412696,0.019230769230769232
ood_exposure,0.43367767119706,0.037698412698412696,0.021153846153846155
ood_exposure,0.42954671847814013,0.039186507936507936,0.021153846153846155
ood_exposure,0.42814093805743647,0.039186507936507936,0.023076923076923078
ood_exposure,0.422679153180556,0.04117063492063492,0.023076923076923078
ood_exposure,0.4192535689408556,0.04117063492063492,0.032692307692307694
ood_exposure,0.4172132769058328,0.04265873015873016,0.032692307692307694
ood_exposure,0.4163307755385188,0.04265873015873016,0.038461538461538464
ood_exposure,0.41606973185287865,0.043154761904761904,0.038461538461538464
ood_exposure,0.4150519472415236,0.043154761904761904,0.04230769230769231
ood_exposure,0.4148383199297011,0.04365079365079365,0.04230769230769231
ood_exposure,0.41170790975242355,0.04365079365079365,0.05576923076923077
ood_exposure,0.4115956918315675,0.0441468253968254,0.05576923076923077
ood_exposure,0.4115218770501284,0.0441468253968254,0.057692307692307696
ood_exposure,0.411373912140641,0.04513888888888889,0.057692307692307696
ood_exposure,0.4111325335849079,0.04513888888888889,0.06153846153846154
ood_exposure,0.4106692350382952,0.046130952380952384,0.06153846153846154
ood_exposure,0.4090994141096982,0.046130952380952384,0.0673076923076923
ood_exposure,0.406503681274596,0.049107142857142856,0.0673076923076923
ood_exposure,0.4059039268883611,0.049107142857142856,0.06923076923076923
ood_exposure,0.40131697105141373,0.05257936507936508,0.06923076923076923
ood_exposure,0.4002677786565752,0.05257936507936508,0.07115384615384615
ood_exposure,0.3917670025558936,0.05853174603174603,0.07115384615384615
ood_exposure,0.3889497253030244,0.05853174603174603,0.07307692307692308
ood_exposure,0.38803213922372026,0.05952380952380952,0.07307692307692308
ood_exposure,0.3877449321927297,0.05952380952380952,0.075
ood_exposure,0.38771692592664614,0.06001984126984127,0.075
ood_exposure,0.3872220851220948,0.06001984126984127,0.07884615384615384
ood_exposure,0.3840928603805698,0.06398809523809523,0.07884615384615384
ood_exposure,0.3834458637228246,0.06398809523809523,0.08269230769230769
ood_exposure,0.3826331379833326,0.06448412698412699,0.08269230769230769
ood_exposure,0.38166280684077647,0.06448412698412699,0.08461538461538462
ood_exposure,0.3816210614577926,0.06498015873015874,0.08461538461538462
ood_exposure,0.3800955580350153,0.06498015873015874,0.09230769230769231
ood_exposure,0.3799683662064055,0.06547619047619048,0.09230769230769231
ood_exposure,0.37709597884081103,0.06547619047619048,0.10576923076923077
ood_exposure,0.37518953186307435,0.06746031746031746,0.10576923076923077
ood_exposure,0.3737135943792973,0.06746031746031746,0.1076923076923077
ood_exposure,0.37314347597500425,0.0679563492063492,0.1076923076923077
ood_exposure,0.3713346832988438,0.0679563492063492,0.10961538461538461
ood_exposure,0.36942153652197723,0.07093253968253968,0.10961538461538461
ood_exposure,0.3692562671692711,0.07093253968253968,0.11153846153846154
ood_exposure,0.36680598978284984,0.07490079365079365,0.11153846153846154
ood_exposure,0.36674139199101885,0.07490079365079365,0.11346153846153846
ood_exposure,0.3664587233452824,0.07539682539682539,0.11346153846153846
ood_exposure,0.36575131323530585,0.07539682539682539,0.11538461538461539
ood_exposure,0.3638979672334291,0.07738095238095238,0.11538461538461539
ood_exposure,0.36338816420006004,0.07738095238095238,0.11923076923076924
ood_exposure,0.36336042744609404,0.07787698412698413,0.11923076923076924
ood_exposure,0.3626688135540848,0.07787698412698413,0.12307692307692308
ood_exposure,0.362320167590503,0.07886904761904762,0.12307692307692308
ood_exposure,0.3597871481270395,0.07886904761904762,0.1346153846153846
ood_exposure,0.35889762109289186,0.0798611111111111,0.1346153846153846
ood_exposure,0.35739964647150263,0.0798611111111111,0.1519230769230769
ood_exposure,0.35728190166332735,0.08035714285714286,0.1519230769230769
ood_exposure,0.35638357837435813,0.08035714285714286,0.16346153846153846
ood_exposure,0.3560529198744225,0.08134920634920635,0.16346153846153846
ood_exposure,0.3549765398160779,0.08134920634920635,0.17884615384615385
ood_exposure,0.35496670286878135,0.0818452380952381,0.17884615384615385
ood_exposure,0.3548625788870653,0.0818452380952381,0.18269230769230768
ood_exposure,0.3547245159802212,0.08234126984126984,0.18269230769230768
ood_exposure,0.3546874802828754,0.08234126984126984,0.18461538461538463
ood_exposure,0.35426427159123747,0.08333333333333333,0.18461538461538463
ood_exposure,0.35410536816230603,0.08333333333333333,0.18846153846153846
ood_exposure,0.3540190003302781,0.08382936507936507,0.18846153846153846
ood_exposure,0.35348065179685323,0.08382936507936507,0.19230769230769232
ood_exposure,0.3531826283738954,0.08432539682539683,0.19230769230769232
ood_exposure,0.3528394554358256,0.08432539682539683,0.19423076923076923
ood_exposure,0.3524778384811011,0.08531746031746032,0.19423076923076923
ood_exposure,0.3524431365195558,0.08531746031746032,0.19615384615384615
ood_exposure,0.3515107546945419,0.08680555555555555,0.19615384615384615
ood_exposure,0.3513433666164631,0.08680555555555555,0.19807692307692307
ood_exposure,0.34910419860664066,0.08928571428571429,0.19807692307692307
ood_exposure,0.3485968895626959,0.09027777777777778,0.20192307692307693
ood_exposure,0.3471452165962968,0.09325396825396826,0.20192307692307693
ood_exposure,0.3471262271648725,0.09325396825396826,0.20384615384615384
ood_exposure,0.3469516235839113,0.09424603174603174,0.20384615384615384
ood_exposure,0.3457408957455418,0.09424603174603174,0.2076923076923077
ood_exposure,0.3441095234468166,0.09573412698412699,0.2076923076923077
ood_exposure,0.3423055747361055,0.09573412698412699,0.21346153846153845
ood_exposure,0.33929799040677966,0.09821428571428571,0.21346153846153845
ood_exposure,0.3392314665105032,0.09821428571428571,0.2153846153846154
ood_exposure,0.3386668110762817,0.09970238095238096,0.2153846153846154
ood_exposure,0.33842322289986815,0.09970238095238096,0.2173076923076923
ood_exposure,0.3360484597271994,0.1056547619047619,0.2173076923076923
ood_exposure,0.33593091993985963,0.1076388888888889,0.22115384615384615
ood_exposure,0.3353048552824112,0.1076388888888889,0.2230769230769231
ood_exposure,0.3340800986401068,0.10912698412698413,0.2230769230769231
ood_exposure,0.3332573822431679,0.10912698412698413,0.225
ood_exposure,0.332522320216875,0.1111111111111111,0.225
ood_exposure,0.33251839563785496,0.1111111111111111,0.22692307692307692
ood_exposure,0.3310234189395222,0.11160714285714286,0.22692307692307692
ood_exposure,0.3302188285828554,0.11160714285714286,0.22884615384615384
ood_exposure,0.3286643320661735,0.11359126984126984,0.22884615384615384
ood_exposure,0.3282772090662738,0.11359126984126984,0.23076923076923078
ood_exposure,0.3274156796753637,0.11408730158730158,0.23076923076923078
ood_exposure,0.3265981163748697,0.11408730158730158,0.2326923076923077
ood_exposure,0.3263443833224409,0.11458333333333333,0.2326923076923077
ood_exposure,0.32606268248826986,0.11458333333333333,0.23461538461538461
ood_exposure,0.32589875913959626,0.11557539682539683,0.23461538461538461
ood_exposure,0.3244121551984943,0.11557539682539683,0.2423076923076923
ood_exposure,0.3243118553281621,0.11607142857142858,0.2423076923076923
ood_exposure,0.324276770924142,0.11607142857142858,0.24423076923076922
ood_exposure,0.32416965717931,0.11656746031746032,0.24423076923076922
ood_exposure,0.32404819009394514,0.11656746031746032,0.24615384615384617
ood_exposure,0.321685696466523,0.11904761904761904,0.24615384615384617
ood_exposure,0.32149042509335085,0.11904761904761904,0.2519230769230769
ood_exposure,0.3181652831815552,0.12351190476190477,0.2519230769230769
ood_exposure,0.31784721116297704,0.12351190476190477,0.25384615384615383
ood_exposure,0.3150395975700545,0.12698412698412698,0.25384615384615383
ood_exposure,0.3144960336682772,0.12698412698412698,0.25961538461538464
ood_exposure,0.31386297568563515,0.12797619047619047,0.25961538461538464
ood_exposure,0.31362400620372954,0.12797619047619047,0.26346153846153847
ood_exposure,0.31129264264033485,0.12896825396825398,0.26346153846153847
ood_exposure,0.3106328738726444,0.12896825396825398,0.2653846153846154
ood_exposure,0.30750991704076774,0.1324404761904762,0.2653846153846154
ood_exposure,0.3069040657011944,0.1324404761904762,0.2673076923076923
ood_exposure,0.3049406919407516,0.13442460317460317,0.2673076923076923
ood_exposure,0.3045870153115944,0.13442460317460317,0.2692307692307692
ood_exposure,0.30363600143700437,0.1359126984126984,0.2692307692307692
ood_exposure,0.30340669335332693,0.1359126984126984,0.27115384615384613
ood_exposure,0.3000199566974845,0.13938492063492064,0.27115384615384613
ood_exposure,0.2983774451986615,0.13938492063492064,0.27307692307692305
ood_exposure,0.29644770183182406,0.14037698412698413,0.27307692307692305
ood_exposure,0.2957538734527585,0.14037698412698413,0.27692307692307694
ood_exposure,0.28955442340812226,0.14434523809523808,0.27692307692307694
ood_exposure,0.28900740763557253,0.14434523809523808,0.28076923076923077
ood_exposure,0.2843246087731389,0.14781746031746032,0.28076923076923077
ood_exposure,0.28412710719980944,0.4399801587301587,0.6057692307692307
ood_exposure,0.283514990212491,0.4399801587301587,0.6076923076923076
ood_exposure,0.28287774967749035,0.44047619047619047,0.6076923076923076
ood_exposure,0.2826164484910741,0.44047619047619047,0.6096153846153847
ood_exposure,0.2800303327948465,0.44494047619047616,0.6096153846153847
ood_exposure,0.27987222777133214,0.4503968253968254,0.6096153846153847
ood_exposure,0.278592743404416,0.4523809523809524,0.6096153846153847
ood_exposure,0.27843782793891636,0.5823412698412699,0.8942307692307693
ood_exposure,0.27270761014243367,0.5868055555555556,0.8942307692307693
ood_exposure,0.2717977225922298,0.6096230158730159,0.8942307692307693
ood_exposure,0.2712211284724018,0.6106150793650794,0.8942307692307693
ood_exposure,0.27037822273624673,0.6116071428571429,0.8942307692307693
ood_exposure,0.2628544259965143,0.6155753968253969,0.8942307692307693
ood_exposure,0.26273283799966496,0.6155753968253969,0.8961538461538462
ood_exposure,0.26069567720850406,0.6180555555555556,0.8961538461538462
ood_exposure,0.2578492085970472,0.6180555555555556,0.8980769230769231
ood_exposure,0.2565932748768112,0.6190476190476191,0.8980769230769231
ood_exposure,0.25628011285707,0.6512896825396826,0.9173076923076923
ood_exposure,0.2512012113424867,0.6636904761904762,0.9192307692307692
ood_exposure,0.2493618596389416,0.6646825396825397,0.9211538461538461
ood_exposure,0.24888429767903483,0.6656746031746031,0.9211538461538461
ood_exposure,0.24811731937971626,0.6661706349206349,0.9211538461538461
ood_exposure,0.24617784776662208,0.6681547619047619,0.925
ood_exposure,0.24609075846375517,0.6686507936507936,0.925
ood_exposure,0.23534387785519248,0.6939484126984127,0.9307692307692308
ood_exposure,0.195096129709277,0.6969246031746031,0.9307692307692308
ood_exposure,0.1950172128316584,0.7028769841269841,0.9326923076923077
ood_exposure,0.08572840618083537,0.7078373015873016,0.9326923076923077
ood_exposure,0.00020391863646405085,0.7098214285714286,0.9326923076923077
ood_exposure,0.00020278081295190022,0.7123015873015873,0.9326923076923077
ood_exposure,0.0002019562763618861,0.7127976190476191,0.9326923076923077
ood_exposure,0.00020121447977283823,0.7157738095238095,0.9365384615384615
ood_exposure,0.00020104015169690906,0.7202380952380952,0.9384615384615385
ood_exposure,0.00020016728872223068,0.7242063492063492,0.9384615384615385
ood_exposure,0.00019937467233100038,0.7247023809523809,0.9384615384615385
ood_exposure,0.00019925181303004,0.7281746031746031,0.9384615384615385
ood_exposure,0.00019893851205607572,0.7356150793650794,0.9423076923076923
ood_exposure,0.0001987502117582841,0.7361111111111112,0.9423076923076923
ood_exposure,0.00019873293412823865,0.7371031746031746,0.9423076923076923
ood_exposure,0.000198251021836923,0.7385912698412699,0.9423076923076923
ood_exposure,0.00019824310372569006,0.7425595238095238,0.95
ood_exposure,0.00019824170285617166,0.7524801587301587,0.95
ood_exposure,0.0001977707168461387,0.7534722222222222,0.95
ood_exposure,0.00019760461035768387,0.7579365079365079,0.95
ood_exposure,0.00019699107173834065,0.7604166666666666,0.95
ood_exposure,0.00019652097111493114,0.7609126984126984,0.95
ood_exposure,0.00019482362283794176,0.7628968253968254,0.95
ood_exposure,0.00019434685904602144,0.7633928571428571,0.95
ood_exposure,0.00019433026723356142,0.7648809523809523,0.95
ood_exposure,0.00019408442661835657,0.7658730158730159,0.95
ood_exposure,0.00019406997507898197,0.7723214285714286,0.95
ood_exposure,0.0001936058451335874,0.7946428571428571,0.95
ood_exposure,0.00017884920932012346,0.7951388888888888,0.95
ood_exposure,0.0,1.0,1.0
