regime,threshold,precision,recall
grouped_iid,0.0,0.20493512825374469,1.0
grouped_iid,0.06809312412434443,0.2528236316246742,1.0
grouped_iid,0.07691378924359009,0.2528405293409972,1.0
grouped_iid,0.07966884907207795,0.25284128894237196,0.999735659529474
grouped_iid,0.07989594946116686,0.2528497409326425,0.999735659529474
grouped_iid,0.08391393554197757,0.25285819348799893,0.999735659529474
grouped_iid,0.08529125824960145,0.252866646608498,0.999735659529474
grouped_iid,0.08777034275493141,0.2528835545451506,0.999735659529474
grouped_iid,0.09710166897197356,0.2528920093614176,0.999735659529474
grouped_iid,0.09948463268261974,0.2528670299909726,0.999603489294211
grouped_iid,0.10504410465795898,0.252875484820115,0.999603489294211
grouped_iid,0.10619468075735698,0.2528839402146655,0.999603489294211
grouped_iid,0.10632425966848709,0.25285895806861497,0.9994713190589479
grouped_iid,0.11288535965465268,0.25286741347600733,0.9994713190589479
grouped_iid,0.11854293299852514,0.25287586944890317,0.9994713190589479
grouped_iid,0.1233372669204803,0.2528843259873591,0.9994713190589479
grouped_iid,0.12364967326110075,0.25289278309143204,0.9994713190589479
grouped_iid,0.12366363454314751,0.25288509784244856,0.9992069785884219
grouped_iid,0.20828317411462463,0.25288049303322613,0.9978852762357917
grouped_iid,0.20830608329790828,0.2528974341796744,0.9978852762357917
grouped_iid,0.2338461570315508,0.2528993765502447,0.9972244250594766
grouped_iid,0.2374752156200859,0.25287433379143903,0.9970922548242136
grouped_iid,0.23870308075662092,0.2528828104049343,0.9970922548242136
grouped_iid,0.23872934723862685,0.2528945147679325,0.9902194025905366
grouped_iid,0.23946308584697376,0.2529876301628346,0.9569125033042559
grouped_iid,0.240292952232929,0.2529964706293462,0.9569125033042559
grouped_iid,0.24073571026313875,0.25297036622868324,0.9567803330689929
grouped_iid,0.24570360511193176,0.2529358311198099,0.9565159925984669
grouped_iid,0.24772227259778548,0.252953512757777,0.9565159925984669
grouped_iid,0.24774950670574813,0.2530002105410906,0.9529473962463653
grouped_iid,0.24784055182943984,0.2527277250595302,0.9398625429553265
grouped_iid,0.2478450425447147,0.2534740092640247,0.7811260904044409
grouped_iid,0.24784696033011658,0.2534848809779112,0.7811260904044409
grouped_iid,0.24786781195182245,0.2534528609419233,0.7809939201691779
grouped_iid,0.2492363624073001,0.25262241987721756,0.6907216494845361
grouped_iid,0.2502547852600616,0.2526346321183409,0.6907216494845361
grouped_iid,0.2502822225655324,0.25219812426729193,0.6823949246629659
grouped_iid,0.2504309533126184,0.2522245037645448,0.6818662437219138
grouped_iid,0.2504584034805069,0.25230166503428014,0.6809410520750727
grouped_iid,0.25068663983240347,0.25226637918361344,0.6804123711340206
grouped_iid,0.25069643735753994,0.2522297363520533,0.6802802008987576
grouped_iid,0.2507795399628132,0.2522420975251164,0.6802802008987576
grouped_iid,0.25095595377157615,0.2521687987060726,0.6800158604282316
grouped_iid,0.25110900174458356,0.25220588235294117,0.6800158604282316
grouped_iid,0.25128556958445736,0.25208517319203216,0.6790906687813905
grouped_iid,0.2512884971085392,0.25368648445571523,0.3569918054454137
grouped_iid,0.2513053320795734,0.2537103137328574,0.3569918054454137
grouped_iid,0.2513096970719873,0.2537341474870831,0.3569918054454137
grouped_iid,0.2513132074342824,0.25375798571965424,0.3569918054454137
grouped_iid,0.25163094776341477,0.25882622650160475,0.1492201956119482
grouped_iid,0.25193179185193004,0.25888557670259116,0.1492201956119482
grouped_iid,0.251974465994515,0.2589449541284404,0.1492201956119482
grouped_iid,0.252002255598114,0.25891009427454587,0.14882368490615913
grouped_iid,0.25241434299016413,0.25896964121435145,0.14882368490615913
grouped_iid,0.2526301915108936,0.2590292155509547,0.14882368490615913
grouped_iid,0.25265802900605366,0.25792296440760604,0.13983610890827386
grouped_iid,0.25378169895555935,0.25937968984492243,0.13706053396775048
grouped_iid,0.2538096202453566,0.2647754137115839,0.07401533174729051
grouped_iid,0.25420053935826686,0.26695979899497485,0.05617234998678298
grouped_iid,0.25509947447340914,0.26704545454545453,0.05590800951625694
grouped_iid,0.2553134854742465,0.26721415034744156,0.05590800951625694
grouped_iid,0.25534157966515963,0.28678839957035446,0.03528945281522601
grouped_iid,0.2927948032365571,0.0,0.0
grouped_iid,,1.0,0.0
temporal,0.0,0.20822245875465673,1.0
temporal,0.08332063601612948,0.2497366320830008,0.999744408945687
temporal,0.08332581665313664,0.2497365984483254,0.9996166134185304
temporal,0.08333333333333334,0.24976846677098968,0.9994888178913738
temporal,0.08669103355695798,0.24980037688843462,0.9994888178913738
temporal,0.09701492537313433,0.24980835569183596,0.9994888178913738
temporal,0.10443401594240899,0.24981633500495096,0.9994888178913738
temporal,0.16101723716303903,0.24982431482782852,0.9994888178913738
temporal,0.16552779564156545,0.24980035138156845,0.9993610223642172
temporal,0.1872047146080018,0.24980833120368004,0.9993610223642172
temporal,0.2126267003097784,0.24981631153563555,0.9993610223642172
temporal,0.2128232697632593,0.24982429237748385,0.9993610223642172
temporal,0.21937573716040104,0.24983227372927383,0.9993610223642172
temporal,0.2196525449376412,0.2498242474595769,0.9991054313099041
temporal,0.21994346184650979,0.24983223085034992,0.9991054313099041
temporal,0.21995658884658176,0.24984021475137416,0.9991054313099041
temporal,0.22048204847595604,0.2498162410916877,0.9989776357827476
temporal,0.22265162827779436,0.24982422499201024,0.9989776357827476
temporal,0.2228900879711893,0.2497842278553847,0.9985942492012779
temporal,0.22290517978062627,0.25028590099656917,0.9789137380191694
temporal,0.22291198228297052,0.2502295383001049,0.9752076677316294
temporal,0.22292707705756576,0.2502377438924414,0.9752076677316294
temporal,0.22420689737708968,0.25016410660364974,0.9740575079872205
temporal,0.22425210051873595,0.2501723175895231,0.9740575079872205
temporal,0.2267636984326525,0.25014770563907307,0.9739297124600639
temporal,0.22860212087187046,0.25012309207287053,0.9738019169329073
temporal,0.22999552528261327,0.2500984768907563,0.9736741214057508
temporal,0.23147343775276574,0.25008206946359396,0.9735463258785942
temporal,0.23332573156794198,0.25009027937362527,0.9735463258785942
temporal,0.23407203702616913,0.2501149123383019,0.9735463258785942
temporal,0.237534830521155,0.2501231244048987,0.9735463258785942
temporal,0.23755095722821087,0.25016560678325384,0.9652396166134185
temporal,0.23757435608769073,0.25014084507042256,0.9646006389776358
temporal,0.23874331472049998,0.25010771933313447,0.9643450479233227
temporal,0.240942090080511,0.2500994431185362,0.9642172523961662
temporal,0.24096616179796446,0.25010773361620314,0.9642172523961662
temporal,0.24256345934727822,0.2501160246635285,0.9642172523961662
temporal,0.24264654776156191,0.2500745947021185,0.963961661341853
temporal,0.2426630204285818,0.2502447092179431,0.9474760383386581
temporal,0.24267044534243304,0.25024494070745634,0.9465814696485623
temporal,0.2426869212544168,0.2502618508632632,0.9465814696485623
temporal,0.2435129695492611,0.2502534640081108,0.9463258785942492
temporal,0.24353691419116996,0.25011861994170675,0.9431309904153354
temporal,0.24358991844029665,0.25009322981998167,0.9427476038338658
temporal,0.2437743196802679,0.25011868429976264,0.9426198083067092
temporal,0.24377678934155542,0.25041102325217257,0.8175079872204473
temporal,0.24377709232313755,0.2504208259933451,0.8175079872204473
temporal,0.2437908602357991,0.2504306295020357,0.8175079872204473
temporal,0.24379530953444084,0.25077239958805353,0.809073482428115
temporal,0.24379831574943175,0.25074272133095665,0.8089456869009585
temporal,0.24381485956159243,0.2507526540960228,0.8089456869009585
temporal,0.24405541377252665,0.2508025841227062,0.8086900958466454
temporal,0.24413247875614386,0.2508042416299297,0.8070287539936102
temporal,0.24431715805963639,0.2507647689801756,0.8066453674121405
temporal,0.24431911462262193,0.25068991195409346,0.7313738019169329
temporal,0.2443246255543309,0.25070089363939024,0.7313738019169329
temporal,0.24433372354730823,0.25071187628685326,0.7313738019169329
temporal,0.24434119029836202,0.2503851740986926,0.7269009584664536
temporal,0.2443858274701784,0.25039619651347067,0.7269009584664536
temporal,0.24439438845919018,0.2504072198987453,0.7269009584664536
temporal,0.24440031212872967,0.24795640326975477,0.3605111821086262
temporal,0.24441096442181065,0.2478902953586498,0.3603833865814696
temporal,0.24441843589458973,0.24657656851338047,0.35207667731629394
temporal,0.24443501511949883,0.2465986394557823,0.35207667731629394
temporal,0.24489404538490728,0.24655326768128916,0.35194888178913736
temporal,0.24582531588634304,0.24648580893544633,0.35182108626198083
temporal,0.24584971745637316,0.24641833810888253,0.3516932907348243
temporal,0.24637123349649176,0.2464404047640369,0.3516932907348243
temporal,0.24663797140108343,0.24637291778613649,0.3515654952076677
temporal,0.24847940166177993,0.2463949843260188,0.3515654952076677
temporal,0.25025436204709767,0.24628159503604344,0.34492012779552716
temporal,0.2529676927268698,0.2463040700857821,0.34492012779552716
temporal,0.25306720458893767,0.2463265492379301,0.34492012779552716
temporal,0.2533387550149109,0.24641519773495296,0.3447923322683706
temporal,0.2533404598430977,0.2569610182975338,0.0412779552715655
temporal,0.2533559411317464,0.2571656050955414,0.0412779552715655
temporal,0.2533631266108826,0.2592137592137592,0.026964856230031947
temporal,0.2533636876264527,0.25953259532595324,0.026964856230031947
temporal,0.25338087712635055,0.2589395807644883,0.0268370607028754
temporal,0.258348499974936,0.2599231754161332,0.025942492012779553
temporal,0.2609909308362763,0.2602564102564103,0.025942492012779553
temporal,0.2667660123904663,0.2605905006418485,0.025942492012779553
temporal,0.2670523186218096,0.25906735751295334,0.025559105431309903
temporal,0.26707043862081714,0.29064039408866993,0.007539936102236422
temporal,0.2670967296216654,0.3076923076923077,0.0005111821086261981
temporal,0.34803986349535393,0.3333333333333333,0.0005111821086261981
temporal,0.4463796952357686,0.3,0.00038338658146964857
temporal,0.45608832169570396,0.3333333333333333,0.00038338658146964857
temporal,0.4562641721884518,0.25,0.00025559105431309905
temporal,0.46188494077460945,0.2857142857142857,0.00025559105431309905
temporal,0.4852349938287458,0.3333333333333333,0.00025559105431309905
temporal,0.48786760979061855,0.4,0.00025559105431309905
temporal,0.48789538628641455,0.5,0.00025559105431309905
temporal,0.4879156250248676,0.6666666666666666,0.00025559105431309905
temporal,0.4879199921140844,0.5,0.00012779552715654952
temporal,0.4947537091601322,1.0,0.00012779552715654952
temporal,,1.0,0.0
ood_exposure,0.0,0.20504731861198738,1.0
ood_exposure,0.00017884920932012346,0.23557463042441584,0.95
ood_exposure,0.0001936058451335874,0.23568702290076335,0.95
ood_exposure,0.00019406997507898197,0.24085811799122378,0.95
ood_exposure,0.00019408442661835657,0.2423945044160942,0.95
ood_exposure,0.00019429575155587549,0.242513500245459,0.95
ood_exposure,0.00019433026723356142,0.24263261296660119,0.95
ood_exposure,0.00019434685904602144,0.24299065420560748,0.95
ood_exposure,0.00019482362283794176,0.24311023622047245,0.95
ood_exposure,0.00019652097111493114,0.24358974358974358,0.95
ood_exposure,0.00019699107173834065,0.2437099161322151,0.95
ood_exposure,0.00019760461035768387,0.2443125618199802,0.95
ood_exposure,0.0001977707168461387,0.24540486835568803,0.95
ood_exposure,0.0001978480461042619,0.24552683896620278,0.95
ood_exposure,0.00019824170285617166,0.24564893088015913,0.95
ood_exposure,0.00019824310372569006,0.24811652435961828,0.95
ood_exposure,0.000198251021836923,0.24759979787771602,0.9423076923076923
ood_exposure,0.00019825535289452818,0.24772497472194135,0.9423076923076923
ood_exposure,0.00019858012571246072,0.24785027819929187,0.9423076923076923
ood_exposure,0.00019873293412823865,0.2479757085020243,0.9423076923076923
ood_exposure,0.0001987502117582841,0.24822695035460993,0.9423076923076923
ood_exposure,0.00019893851205607572,0.2483527622909275,0.9423076923076923
ood_exposure,0.00019925181303004,0.24948875255623723,0.9384615384615385
ood_exposure,0.00019937467233100038,0.2503848127244741,0.9384615384615385
ood_exposure,0.00020016728872223068,0.25051334702258726,0.9384615384615385
ood_exposure,0.00020104015169690906,0.2515463917525773,0.9384615384615385
ood_exposure,0.00020121447977283823,0.2523316062176166,0.9365384615384615
ood_exposure,0.0002019562763618861,0.2523413111342352,0.9326923076923077
ood_exposure,0.00020278081295190022,0.25247267048412286,0.9326923076923077
ood_exposure,0.00020391863646405085,0.2531315240083507,0.9326923076923077
ood_exposure,0.00020732397870264427,0.25339602925809823,0.9326923076923077
ood_exposure,0.08572840618083537,0.2536610878661088,0.9326923076923077
ood_exposure,0.09547779217827984,0.25379382522239663,0.9326923076923077
ood_exposure,0.11495409623591761,0.25392670157068065,0.9326923076923077
ood_exposure,0.1292535071131185,0.25405971712938713,0.9326923076923077
ood_exposure,0.16805897882194132,0.25419287211740044,0.9326923076923077
ood_exposure,0.17838012003830533,0.254326166754064,0.9326923076923077
ood_exposure,0.17873429781838715,0.25445960125918154,0.9326923076923077
ood_exposure,0.1849736295557671,0.2545931758530184,0.9326923076923077
ood_exposure,0.18532729038236634,0.2547268907563025,0.9326923076923077
ood_exposure,0.1946844656726308,0.254860746190226,0.9326923076923077
ood_exposure,0.1950172128316584,0.25499474237644587,0.9326923076923077
ood_exposure,0.195096129709277,0.25622022233986236,0.9307692307692308
ood_exposure,0.2084237479085999,0.2563559322033898,0.9307692307692308
ood_exposure,0.21230193458577531,0.2564917859035506,0.9307692307692308
ood_exposure,0.2242037324207463,0.256627783669141,0.9307692307692308
ood_exposure,0.22601118134695508,0.25676392572944295,0.9307692307692308
ood_exposure,0.23063671536469962,0.25690021231422505,0.9307692307692308
ood_exposure,0.23534387785519248,0.257036643653744,0.9307692307692308
ood_exposure,0.24609075846375517,0.2629852378348824,0.925
ood_exposure,0.24617784776662208,0.263129102844639,0.925
ood_exposure,0.24720023657806317,0.26301369863013696,0.9230769230769231
ood_exposure,0.24811731937971626,0.2628979143798024,0.9211538461538461
ood_exposure,0.24888429767903483,0.2630422844590884,0.9211538461538461
ood_exposure,0.2493618596389416,0.2633315008246289,0.9211538461538461
ood_exposure,0.2512012113424867,0.263215859030837,0.9192307692307692
ood_exposure,0.25628011285707,0.2664804469273743,0.9173076923076923
ood_exposure,0.2565932748768112,0.27230320699708455,0.8980769230769231
ood_exposure,0.2576376460098325,0.2724620770128355,0.8980769230769231
ood_exposure,0.2578492085970472,0.2726211325160537,0.8980769230769231
ood_exposure,0.26069567720850406,0.272196261682243,0.8961538461538462
ood_exposure,0.26099043698266444,0.27235534774985387,0.8961538461538462
ood_exposure,0.261206659182038,0.27251461988304093,0.8961538461538462
ood_exposure,0.2620938844885281,0.272674078408426,0.8961538461538462
ood_exposure,0.2622856283290199,0.2728337236533958,0.8961538461538462
ood_exposure,0.26273283799966496,0.27299355594610425,0.8961538461538462
ood_exposure,0.2628544259965143,0.27256740914419697,0.8942307692307693
ood_exposure,0.263248481129299,0.2727272727272727,0.8942307692307693
ood_exposure,0.26379300177996623,0.272887323943662,0.8942307692307693
ood_exposure,0.26398818247709255,0.273047563123899,0.8942307692307693
ood_exposure,0.2642410276955698,0.27320799059929496,0.8942307692307693
ood_exposure,0.2648573244614415,0.27336860670194,0.8942307692307693
ood_exposure,0.26734311936613814,0.2735294117647059,0.8942307692307693
ood_exposure,0.26896984830667087,0.2736904061212478,0.8942307692307693
ood_exposure,0.27037822273624673,0.27385159010600707,0.8942307692307693
ood_exposure,0.2712211284724018,0.27417452830188677,0.8942307692307693
ood_exposure,0.2717226771027748,0.2743362831858407,0.8942307692307693
ood_exposure,0.2717977225922298,0.2744982290436836,0.8942307692307693
ood_exposure,0.27270761014243367,0.2821601941747573,0.8942307692307693
ood_exposure,0.27345275096208915,0.28233151183970856,0.8942307692307693
ood_exposure,0.2742117782433862,0.2825030376670717,0.8942307692307693
ood_exposure,0.27516327368645793,0.2826747720364742,0.8942307692307693
ood_exposure,0.27543574363555573,0.28284671532846717,0.8942307692307693
ood_exposure,0.2762276264731211,0.2830188679245283,0.8942307692307693
ood_exposure,0.27752263841378483,0.28319123020706455,0.8942307692307693
ood_exposure,0.2778771293462029,0.283363802559415,0.8942307692307693
ood_exposure,0.2782091708024862,0.28353658536585363,0.8942307692307693
ood_exposure,0.27843782793891636,0.28370957901159244,0.8942307692307693
ood_exposure,0.278592743404416,0.25793327908869,0.6096153846153847
ood_exposure,0.27865586931417635,0.25814332247557004,0.6096153846153847
ood_exposure,0.2792819939364563,0.25835370823145887,0.6096153846153847
ood_exposure,0.27941495895069496,0.25856443719412725,0.6096153846153847
ood_exposure,0.27987222777133214,0.2587755102040816,0.6096153846153847
ood_exposure,0.2800303327948465,0.26112026359143325,0.6096153846153847
ood_exposure,0.28021281136233767,0.26133553173948887,0.6096153846153847
ood_exposure,0.2808501707479336,0.2615511551155115,0.6096153846153847
ood_exposure,0.281166055785256,0.2617671345995045,0.6096153846153847
ood_exposure,0.28117904321357984,0.2619834710743802,0.6096153846153847
ood_exposure,0.28212691792072186,0.26220016542597185,0.6096153846153847
ood_exposure,0.28224153865617224,0.26241721854304634,0.6096153846153847
ood_exposure,0.28244775993406224,0.2626346313173157,0.6096153846153847
ood_exposure,0.28258553028315697,0.26285240464344944,0.6096153846153847
ood_exposure,0.2826164484910741,0.26307053941908715,0.6096153846153847
ood_exposure,0.28287774967749035,0.26245847176079734,0.6076923076923076
ood_exposure,0.283514990212491,0.2626766417290108,0.6076923076923076
ood_exposure,0.28412710719980944,0.26206322795341097,0.6057692307692307
ood_exposure,0.2843246087731389,0.32882882882882886,0.28076923076923077
ood_exposure,0.28652397595379936,0.3295711060948081,0.28076923076923077
ood_exposure,0.28659459642888846,0.33031674208144796,0.28076923076923077
ood_exposure,0.28664560469880473,0.3310657596371882,0.28076923076923077
ood_exposure,0.28695163737608403,0.33181818181818185,0.28076923076923077
ood_exposure,0.2876096340470904,0.3325740318906606,0.28076923076923077
ood_exposure,0.28888517124920127,0.3333333333333333,0.28076923076923077
ood_exposure,0.28900740763557253,0.3340961098398169,0.28076923076923077
ood_exposure,0.289222558537194,0.33256880733944955,0.27884615384615385
ood_exposure,0.28955442340812226,0.3310344827586207,0.27692307692307694
ood_exposure,0.2902680749108377,0.3317972350230415,0.27692307692307694
ood_exposure,0.2908198473502026,0.3325635103926097,0.27692307692307694
ood_exposure,0.291222800853944,0.3333333333333333,0.27692307692307694
ood_exposure,0.2929052027792772,0.33410672853828305,0.27692307692307694
ood_exposure,0.2936421361630102,0.33488372093023255,0.27692307692307694
ood_exposure,0.29481142244386555,0.3356643356643357,0.27692307692307694
ood_exposure,0.295231259049826,0.3364485981308411,0.27692307692307694
ood_exposure,0.2957538734527585,0.3372365339578454,0.27692307692307694
ood_exposure,0.29623839392424245,0.33568075117370894,0.275
ood_exposure,0.29644770183182406,0.3341176470588235,0.27307692307692305
ood_exposure,0.2980023982665839,0.33490566037735847,0.27307692307692305
ood_exposure,0.2983774451986615,0.33569739952718675,0.27307692307692305
ood_exposure,0.3000199566974845,0.3341232227488152,0.27115384615384613
ood_exposure,0.30032458301338155,0.334916864608076,0.27115384615384613
ood_exposure,0.30188953196033635,0.3357142857142857,0.27115384615384613
ood_exposure,0.3019654007621751,0.33651551312649164,0.27115384615384613
ood_exposure,0.3020296933469532,0.3373205741626794,0.27115384615384613
ood_exposure,0.3022645912264536,0.3381294964028777,0.27115384615384613
ood_exposure,0.30268048724316904,0.3389423076923077,0.27115384615384613
ood_exposure,0.30340669335332693,0.3397590361445783,0.27115384615384613
ood_exposure,0.30363600143700437,0.33816425120772947,0.2692307692307692
ood_exposure,0.30390066237561525,0.3389830508474576,0.2692307692307692
ood_exposure,0.3039154000340476,0.33980582524271846,0.2692307692307692
ood_exposure,0.3045870153115944,0.340632603406326,0.2692307692307692
ood_exposure,0.3049406919407516,0.33902439024390246,0.2673076923076923
ood_exposure,0.3049552441425042,0.33985330073349634,0.2673076923076923
ood_exposure,0.3058135338647753,0.34068627450980393,0.2673076923076923
ood_exposure,0.3068178943342327,0.3415233415233415,0.2673076923076923
ood_exposure,0.3069040657011944,0.34236453201970446,0.2673076923076923
ood_exposure,0.30750991704076774,0.34074074074074073,0.2653846153846154
ood_exposure,0.30755945043816235,0.3415841584158416,0.2653846153846154
ood_exposure,0.308552788024809,0.3424317617866005,0.2653846153846154
ood_exposure,0.3090909293370647,0.34328358208955223,0.2653846153846154
ood_exposure,0.30921131620798137,0.34413965087281795,0.2653846153846154
ood_exposure,0.3098627185825797,0.345,0.2653846153846154
ood_exposure,0.31012286816047907,0.3458646616541353,0.2653846153846154
ood_exposure,0.3106328738726444,0.34673366834170855,0.2653846153846154
ood_exposure,0.31129264264033485,0.345088161209068,0.26346153846153847
ood_exposure,0.3127118948045951,0.34595959595959597,0.26346153846153847
ood_exposure,0.31362400620372954,0.3468354430379747,0.26346153846153847
ood_exposure,0.3137760475504363,0.34517766497461927,0.26153846153846155
ood_exposure,0.31386297568563515,0.3435114503816794,0.25961538461538464
ood_exposure,0.31398402027322175,0.34438775510204084,0.25961538461538464
ood_exposure,0.3144960336682772,0.3452685421994885,0.25961538461538464
ood_exposure,0.31453221566938433,0.3435897435897436,0.25769230769230766
ood_exposure,0.31465720976898615,0.34190231362467866,0.25576923076923075
ood_exposure,0.3150395975700545,0.3402061855670103,0.25384615384615383
ood_exposure,0.3152482947538077,0.34108527131782945,0.25384615384615383
ood_exposure,0.3154248351007473,0.34196891191709844,0.25384615384615383
ood_exposure,0.3158416591776308,0.34285714285714286,0.25384615384615383
ood_exposure,0.31619217879105166,0.34375,0.25384615384615383
ood_exposure,0.31637292863586286,0.34464751958224543,0.25384615384615383
ood_exposure,0.3172980644300852,0.34554973821989526,0.25384615384615383
ood_exposure,0.31784721116297704,0.3464566929133858,0.25384615384615383
ood_exposure,0.3181652831815552,0.3447368421052632,0.2519230769230769
ood_exposure,0.31914527398650316,0.34564643799472294,0.2519230769230769
ood_exposure,0.3191675648834598,0.34656084656084657,0.2519230769230769
ood_exposure,0.3192556453499405,0.34748010610079577,0.2519230769230769
ood_exposure,0.31953143881792173,0.3484042553191489,0.2519230769230769
ood_exposure,0.3199290078295878,0.34933333333333333,0.2519230769230769
ood_exposure,0.32027946250144185,0.3502673796791444,0.2519230769230769
ood_exposure,0.3208709633517589,0.3512064343163539,0.2519230769230769
ood_exposure,0.32117653830576787,0.3521505376344086,0.2519230769230769
ood_exposure,0.32149042509335085,0.353099730458221,0.2519230769230769
ood_exposure,0.32149701126784763,0.35135135135135137,0.25
ood_exposure,0.32163888908822974,0.34959349593495936,0.24807692307692308
ood_exposure,0.321685696466523,0.34782608695652173,0.24615384615384617
ood_exposure,0.32226792074754596,0.34877384196185285,0.24615384615384617
ood_exposure,0.3223642515173989,0.34972677595628415,0.24615384615384617
ood_exposure,0.3227167505855629,0.3506849315068493,0.24615384615384617
ood_exposure,0.3236627143572842,0.3516483516483517,0.24615384615384617
ood_exposure,0.32404819009394514,0.3526170798898072,0.24615384615384617
ood_exposure,0.32416965717931,0.35082872928176795,0.24423076923076922
ood_exposure,0.324276770924142,0.3518005540166205,0.24423076923076922
ood_exposure,0.3243118553281621,0.35,0.2423076923076923
ood_exposure,0.3244121551984943,0.35097493036211697,0.2423076923076923
ood_exposure,0.32554164634074867,0.34916201117318435,0.2403846153846154
ood_exposure,0.32566943635563567,0.3473389355742297,0.23846153846153847
ood_exposure,0.32578287373527465,0.3455056179775281,0.23653846153846153
ood_exposure,0.32589875913959626,0.3436619718309859,0.23461538461538461
ood_exposure,0.3259236803915259,0.3446327683615819,0.23461538461538461
ood_exposure,0.32606268248826986,0.34560906515580736,0.23461538461538461
ood_exposure,0.3263443833224409,0.34375,0.2326923076923077
ood_exposure,0.3265981163748697,0.34472934472934474,0.2326923076923077
ood_exposure,0.3274156796753637,0.34285714285714286,0.23076923076923078
ood_exposure,0.3282772090662738,0.3438395415472779,0.23076923076923078
ood_exposure,0.3286643320661735,0.34195402298850575,0.22884615384615384
ood_exposure,0.32882757626094244,0.34293948126801155,0.22884615384615384
ood_exposure,0.3290903065234965,0.3439306358381503,0.22884615384615384
ood_exposure,0.3301665552846657,0.34492753623188405,0.22884615384615384
ood_exposure,0.3302188285828554,0.34593023255813954,0.22884615384615384
ood_exposure,0.3310234189395222,0.34402332361516036,0.22692307692307692
ood_exposure,0.33251839563785496,0.34502923976608185,0.22692307692307692
ood_exposure,0.332522320216875,0.34310850439882695,0.225
ood_exposure,0.33280525586205745,0.34411764705882353,0.225
ood_exposure,0.3329369927745364,0.34513274336283184,0.225
ood_exposure,0.3332132203363084,0.34615384615384615,0.225
ood_exposure,0.3332573822431679,0.34718100890207715,0.225
ood_exposure,0.3340800986401068,0.34523809523809523,0.2230769230769231
ood_exposure,0.3346188277626394,0.34626865671641793,0.2230769230769231
ood_exposure,0.3350346727779236,0.3473053892215569,0.2230769230769231
ood_exposure,0.3353048552824112,0.3483483483483483,0.2230769230769231
ood_exposure,0.33593091993985963,0.3463855421686747,0.22115384615384615
ood_exposure,0.3360484597271994,0.34662576687116564,0.2173076923076923
ood_exposure,0.33622629869626786,0.3476923076923077,0.2173076923076923
ood_exposure,0.3369048014909067,0.3487654320987654,0.2173076923076923
ood_exposure,0.33698294397343714,0.3498452012383901,0.2173076923076923
ood_exposure,0.3371027883706558,0.35093167701863354,0.2173076923076923
ood_exposure,0.33716127498870757,0.35202492211838005,0.2173076923076923
ood_exposure,0.3372485670621154,0.353125,0.2173076923076923
ood_exposure,0.3374701724288889,0.3542319749216301,0.2173076923076923
ood_exposure,0.33750239295067463,0.3553459119496855,0.2173076923076923
ood_exposure,0.33750547482109294,0.35646687697160884,0.2173076923076923
ood_exposure,0.3375182316333,0.3575949367088608,0.2173076923076923
ood_exposure,0.33766197337411397,0.35873015873015873,0.2173076923076923
ood_exposure,0.33842322289986815,0.35987261146496813,0.2173076923076923
ood_exposure,0.3386668110762817,0.35782747603833864,0.2153846153846154
ood_exposure,0.33895132952443424,0.358974358974359,0.2153846153846154
ood_exposure,0.3390694730152223,0.36012861736334406,0.2153846153846154
ood_exposure,0.3392314665105032,0.36129032258064514,0.2153846153846154
ood_exposure,0.33929799040677966,0.3592233009708738,0.21346153846153845
ood_exposure,0.34082567375807954,0.36038961038961037,0.21346153846153845
ood_exposure,0.3418016526256415,0.36156351791530944,0.21346153846153845
ood_exposure,0.3418971662808537,0.3627450980392157,0.21346153846153845
ood_exposure,0.34194622557459875,0.3639344262295082,0.21346153846153845
ood_exposure,0.3423055747361055,0.3651315789473684,0.21346153846153845
ood_exposure,0.34370707827193775,0.36303630363036304,0.21153846153846154
ood_exposure,0.34405932475249973,0.3609271523178808,0.20961538461538462
ood_exposure,0.3441095234468166,0.3588039867109635,0.2076923076923077
ood_exposure,0.34498625032846714,0.36,0.2076923076923077
ood_exposure,0.345120626700878,0.3612040133779264,0.2076923076923077
ood_exposure,0.3457408957455418,0.3624161073825503,0.2076923076923077
ood_exposure,0.3460074186989941,0.3602693602693603,0.20576923076923076
ood_exposure,0.3469516235839113,0.3581081081081081,0.20384615384615384
ood_exposure,0.34704748157679416,0.3593220338983051,0.20384615384615384
ood_exposure,0.3471262271648725,0.36054421768707484,0.20384615384615384
ood_exposure,0.3471452165962968,0.3583617747440273,0.20192307692307693
ood_exposure,0.34716024218119856,0.3595890410958904,0.20192307692307693
ood_exposure,0.34770407142206206,0.36082474226804123,0.20192307692307693
ood_exposure,0.347839599851725,0.3620689655172414,0.20192307692307693
ood_exposure,0.3481254041593627,0.3633217993079585,0.20192307692307693
ood_exposure,0.3482553220621373,0.3645833333333333,0.20192307692307693
ood_exposure,0.3485968895626959,0.36585365853658536,0.20192307692307693
ood_exposure,0.34910419860664066,0.36395759717314485,0.19807692307692307
ood_exposure,0.3491978667760136,0.36524822695035464,0.19807692307692307
ood_exposure,0.34964530180084474,0.3665480427046263,0.19807692307692307
ood_exposure,0.35031210768278415,0.3678571428571429,0.19807692307692307
ood_exposure,0.3508704881381717,0.36917562724014336,0.19807692307692307
ood_exposure,0.3513433666164631,0.37050359712230213,0.19807692307692307
ood_exposure,0.3515107546945419,0.36823104693140796,0.19615384615384615
ood_exposure,0.35176078800339355,0.3695652173913043,0.19615384615384615
ood_exposure,0.35201757206664447,0.3709090909090909,0.19615384615384615
ood_exposure,0.3524431365195558,0.3722627737226277,0.19615384615384615
ood_exposure,0.3524778384811011,0.36996336996337,0.19423076923076923
ood_exposure,0.35248366171562506,0.3713235294117647,0.19423076923076923
ood_exposure,0.3528394554358256,0.3726937269372694,0.19423076923076923
ood_exposure,0.3531826283738954,0.37037037037037035,0.19230769230769232
ood_exposure,0.35348065179685323,0.37174721189591076,0.19230769230769232
ood_exposure,0.3536157932757073,0.3694029850746269,0.19038461538461537
ood_exposure,0.3540190003302781,0.36704119850187267,0.18846153846153846
ood_exposure,0.35410536816230603,0.3684210526315789,0.18846153846153846
ood_exposure,0.35411211592977904,0.3660377358490566,0.18653846153846154
ood_exposure,0.35426427159123747,0.36363636363636365,0.18461538461538463
ood_exposure,0.3545646392231853,0.3650190114068441,0.18461538461538463
ood_exposure,0.3546874802828754,0.366412213740458,0.18461538461538463
ood_exposure,0.3547245159802212,0.36398467432950193,0.18269230769230768
ood_exposure,0.3548625788870653,0.36538461538461536,0.18269230769230768
ood_exposure,0.3549263305136276,0.36293436293436293,0.18076923076923077
ood_exposure,0.35496670286878135,0.36046511627906974,0.17884615384615385
ood_exposure,0.3549765398160779,0.36186770428015563,0.17884615384615385
ood_exposure,0.35513150502476243,0.359375,0.17692307692307693
ood_exposure,0.3551488266920439,0.3568627450980392,0.175
ood_exposure,0.3556804801884518,0.3543307086614173,0.17307692307692307
ood_exposure,0.3557281384123645,0.35177865612648224,0.17115384615384616
ood_exposure,0.3557656157572888,0.3492063492063492,0.16923076923076924
ood_exposure,0.35576916525153474,0.3466135458167331,0.1673076923076923
ood_exposure,0.3560402560196103,0.344,0.16538461538461538
ood_exposure,0.3560529198744225,0.3413654618473896,0.16346153846153846
ood_exposure,0.3560660186548333,0.34274193548387094,0.16346153846153846
ood_exposure,0.35638357837435813,0.3441295546558704,0.16346153846153846
ood_exposure,0.35661253665802906,0.34146341463414637,0.16153846153846155
ood_exposure,0.3566350310990193,0.33877551020408164,0.1596153846153846
ood_exposure,0.356979615708755,0.3360655737704918,0.1576923076923077
ood_exposure,0.3570609910037982,0.3333333333333333,0.15576923076923077
ood_exposure,0.35707040246789123,0.3305785123966942,0.15384615384615385
ood_exposure,0.35728190166332735,0.3278008298755187,0.1519230769230769
ood_exposure,0.35739964647150263,0.32916666666666666,0.1519230769230769
ood_exposure,0.3576731379789576,0.3263598326359833,0.15
ood_exposure,0.35779747083350427,0.3235294117647059,0.14807692307692308
ood_exposure,0.35790377527019007,0.3206751054852321,0.14615384615384616
ood_exposure,0.3581030733491396,0.3177966101694915,0.14423076923076922
ood_exposure,0.35828088215946435,0.3148936170212766,0.1423076923076923
ood_exposure,0.35837909389464645,0.31196581196581197,0.14038461538461539
ood_exposure,0.3586832241589753,0.3090128755364807,0.13846153846153847
ood_exposure,0.35874969423576003,0.30603448275862066,0.13653846153846153
ood_exposure,0.35889762109289186,0.30303030303030304,0.1346153846153846
ood_exposure,0.3594755180195498,0.30434782608695654,0.1346153846153846
ood_exposure,0.3597871481270395,0.3056768558951965,0.1346153846153846
ood_exposure,0.3609031992974555,0.3026315789473684,0.1326923076923077
ood_exposure,0.3610627018286099,0.29955947136563876,0.13076923076923078
ood_exposure,0.36159604789880934,0.29646017699115046,0.12884615384615383
ood_exposure,0.36179329825376033,0.29333333333333333,0.12692307692307692
ood_exposure,0.3619620357160173,0.29017857142857145,0.125
ood_exposure,0.362320167590503,0.28699551569506726,0.12307692307692308
ood_exposure,0.3623953306267661,0.2882882882882883,0.12307692307692308
ood_exposure,0.3626688135540848,0.2895927601809955,0.12307692307692308
ood_exposure,0.36322117829335165,0.2863636363636364,0.12115384615384615
ood_exposure,0.36336042744609404,0.2831050228310502,0.11923076923076924
ood_exposure,0.36338816420006004,0.28440366972477066,0.11923076923076924
ood_exposure,0.36360425006202457,0.28110599078341014,0.11730769230769231
ood_exposure,0.3638979672334291,0.2777777777777778,0.11538461538461539
ood_exposure,0.3646092247766581,0.27906976744186046,0.11538461538461539
ood_exposure,0.36511412747609023,0.2803738317757009,0.11538461538461539
ood_exposure,0.3652432999875495,0.28169014084507044,0.11538461538461539
ood_exposure,0.36575131323530585,0.2830188679245283,0.11538461538461539
ood_exposure,0.3664587233452824,0.2796208530805687,0.11346153846153846
ood_exposure,0.36674139199101885,0.28095238095238095,0.11346153846153846
ood_exposure,0.36680598978284984,0.27751196172248804,0.11153846153846154
ood_exposure,0.36747275000888624,0.27884615384615385,0.11153846153846154
ood_exposure,0.36751490527800196,0.28019323671497587,0.11153846153846154
ood_exposure,0.3678833061171483,0.2815533980582524,0.11153846153846154
ood_exposure,0.36798282535351357,0.28292682926829266,0.11153846153846154
ood_exposure,0.36848678040066696,0.28431372549019607,0.11153846153846154
ood_exposure,0.3684914634494717,0.2857142857142857,0.11153846153846154
ood_exposure,0.36862247514095164,0.2871287128712871,0.11153846153846154
ood_exposure,0.3692562671692711,0.2885572139303483,0.11153846153846154
ood_exposure,0.36942153652197723,0.285,0.10961538461538461
ood_exposure,0.3695457361589723,0.2864321608040201,0.10961538461538461
ood_exposure,0.369748104928658,0.2878787878787879,0.10961538461538461
ood_exposure,0.3700205898979638,0.2893401015228426,0.10961538461538461
ood_exposure,0.3700448907545623,0.29081632653061223,0.10961538461538461
ood_exposure,0.3707849051778544,0.2923076923076923,0.10961538461538461
ood_exposure,0.3713346832988438,0.29381443298969073,0.10961538461538461
ood_exposure,0.37314347597500425,0.29015544041450775,0.1076923076923077
ood_exposure,0.3737135943792973,0.2916666666666667,0.1076923076923077
ood_exposure,0.37518953186307435,0.2879581151832461,0.10576923076923077
ood_exposure,0.37527912009084985,0.2894736842105263,0.10576923076923077
ood_exposure,0.37630457598969935,0.291005291005291,0.10576923076923077
ood_exposure,0.3769348731661214,0.2925531914893617,0.10576923076923077
ood_exposure,0.37709597884081103,0.29411764705882354,0.10576923076923077
ood_exposure,0.3771325352773421,0.2903225806451613,0.10384615384615385
ood_exposure,0.37764990512249585,0.2864864864864865,0.10192307692307692
ood_exposure,0.37903955602725115,0.2826086956521739,0.1
ood_exposure,0.3790479065166943,0.2786885245901639,0.09807692307692308
ood_exposure,0.37951814713357895,0.27472527472527475,0.09615384615384616
ood_exposure,0.37956087218350737,0.27071823204419887,0.09423076923076923
ood_exposure,0.3799683662064055,0.26666666666666666,0.09230769230769231
ood_exposure,0.3800955580350153,0.2681564245810056,0.09230769230769231
ood_exposure,0.3805580361926894,0.2640449438202247,0.09038461538461538
ood_exposure,0.38076741621265486,0.2598870056497175,0.08846153846153847
ood_exposure,0.3810527790192127,0.2556818181818182,0.08653846153846154
ood_exposure,0.3816210614577926,0.25142857142857145,0.08461538461538462
ood_exposure,0.38166280684077647,0.25287356321839083,0.08461538461538462
ood_exposure,0.3826331379833326,0.24855491329479767,0.08269230769230769
ood_exposure,0.3834458637228246,0.25,0.08269230769230769
ood_exposure,0.38373034937115025,0.24561403508771928,0.08076923076923077
ood_exposure,0.3840928603805698,0.2411764705882353,0.07884615384615384
ood_exposure,0.3843586477271098,0.24260355029585798,0.07884615384615384
ood_exposure,0.38445050394140523,0.24404761904761904,0.07884615384615384
ood_exposure,0.3849495048175949,0.24550898203592814,0.07884615384615384
ood_exposure,0.38498072214599727,0.2469879518072289,0.07884615384615384
ood_exposure,0.38621361346996275,0.24848484848484848,0.07884615384615384
ood_exposure,0.3862383877526233,0.25,0.07884615384615384
ood_exposure,0.38698180769671686,0.25153374233128833,0.07884615384615384
ood_exposure,0.3872220851220948,0.25308641975308643,0.07884615384615384
ood_exposure,0.38734570877616104,0.2484472049689441,0.07692307692307693
ood_exposure,0.38771692592664614,0.24375,0.075
ood_exposure,0.3877449321927297,0.24528301886792453,0.075
ood_exposure,0.38803213922372026,0.24050632911392406,0.07307692307692308
ood_exposure,0.3881152023993935,0.24203821656050956,0.07307692307692308
ood_exposure,0.3889497253030244,0.24358974358974358,0.07307692307692308
ood_exposure,0.3917670025558936,0.23870967741935484,0.07115384615384615
ood_exposure,0.39252639783479176,0.24025974025974026,0.07115384615384615
ood_exposure,0.3931212660617543,0.24183006535947713,0.07115384615384615
ood_exposure,0.3947213095533148,0.24342105263157895,0.07115384615384615
ood_exposure,0.39488452245630457,0.24503311258278146,0.07115384615384615
ood_exposure,0.3951235505829763,0.24666666666666667,0.07115384615384615
ood_exposure,0.39556102422620476,0.2483221476510067,0.07115384615384615
ood_exposure,0.3962796572146073,0.25,0.07115384615384615
ood_exposure,0.3973909260056301,0.25170068027210885,0.07115384615384615
ood_exposure,0.3975522137089644,0.2534246575342466,0.07115384615384615
ood_exposure,0.39768879114783223,0.25517241379310346,0.07115384615384615
ood_exposure,0.39775907795648635,0.2569444444444444,0.07115384615384615
ood_exposure,0.4002677786565752,0.25874125874125875,0.07115384615384615
ood_exposure,0.40131697105141373,0.2535211267605634,0.06923076923076923
ood_exposure,0.40238008220426447,0.2553191489361702,0.06923076923076923
ood_exposure,0.40295212927871027,0.2571428571428571,0.06923076923076923
ood_exposure,0.4041971769789022,0.2589928057553957,0.06923076923076923
ood_exposure,0.40448081368682554,0.2608695652173913,0.06923076923076923
ood_exposure,0.4045184478622215,0.26277372262773724,0.06923076923076923
ood_exposure,0.40561365565034546,0.2647058823529412,0.06923076923076923
ood_exposure,0.4059039268883611,0.26666666666666666,0.06923076923076923
ood_exposure,0.406503681274596,0.26119402985074625,0.0673076923076923
ood_exposure,0.40711629857778336,0.2631578947368421,0.0673076923076923
ood_exposure,0.40724027115454964,0.26515151515151514,0.0673076923076923
ood_exposure,0.40726016397090237,0.26717557251908397,0.0673076923076923
ood_exposure,0.4074983038505486,0.2692307692307692,0.0673076923076923
ood_exposure,0.4080812747120094,0.2713178294573643,0.0673076923076923
ood_exposure,0.4090994141096982,0.2734375,0.0673076923076923
ood_exposure,0.4100283696195935,0.2677165354330709,0.06538461538461539
ood_exposure,0.41008289120404184,0.2619047619047619,0.06346153846153846
ood_exposure,0.4106692350382952,0.256,0.06153846153846154
ood_exposure,0.4106751805510276,0.25806451612903225,0.06153846153846154
ood_exposure,0.4111325335849079,0.2601626016260163,0.06153846153846154
ood_exposure,0.41132048609430405,0.2540983606557377,0.05961538461538462
ood_exposure,0.411373912140641,0.24793388429752067,0.057692307692307696
ood_exposure,0.41143792422445574,0.25,0.057692307692307696
ood_exposure,0.4115218770501284,0.25210084033613445,0.057692307692307696
ood_exposure,0.4115956918315675,0.2457627118644068,0.05576923076923077
ood_exposure,0.41170790975242355,0.24786324786324787,0.05576923076923077
ood_exposure,0.41177299584917565,0.2413793103448276,0.05384615384615385
ood_exposure,0.4119297233460442,0.23478260869565218,0.051923076923076926
ood_exposure,0.4125714192699508,0.22807017543859648,0.05
ood_exposure,0.4127046589497317,0.22123893805309736,0.04807692307692308
ood_exposure,0.41329407871983026,0.21428571428571427,0.046153846153846156
ood_exposure,0.414544576658463,0.2072072072072072,0.04423076923076923
ood_exposure,0.4148383199297011,0.2,0.04230769230769231
ood_exposure,0.4150519472415236,0.2018348623853211,0.04230769230769231
ood_exposure,0.41562617961142073,0.19444444444444445,0.04038461538461539
ood_exposure,0.41606973185287865,0.18691588785046728,0.038461538461538464
ood_exposure,0.4163307755385188,0.18867924528301888,0.038461538461538464
ood_exposure,0.4165183750261392,0.18095238095238095,0.03653846153846154
ood_exposure,0.41677645382737805,0.17307692307692307,0.03461538461538462
ood_exposure,0.4172132769058328,0.1650485436893204,0.032692307692307694
ood_exposure,0.41878913733801043,0.16666666666666666,0.032692307692307694
ood_exposure,0.41887603587059025,0.16831683168316833,0.032692307692307694
ood_exposure,0.4192535689408556,0.17,0.032692307692307694
ood_exposure,0.4195906533235828,0.16161616161616163,0.03076923076923077
ood_exposure,0.42041246795726284,0.15306122448979592,0.028846153846153848
ood_exposure,0.4205556372762349,0.14432989690721648,0.026923076923076925
ood_exposure,0.42074475850549825,0.13541666666666666,0.025
ood_exposure,0.422679153180556,0.12631578947368421,0.023076923076923078
ood_exposure,0.4230801496188751,0.1276595744680851,0.023076923076923078
ood_exposure,0.42371066070455066,0.12903225806451613,0.023076923076923078
ood_exposure,0.4264487511208359,0.13043478260869565,0.023076923076923078
ood_exposure,0.42814093805743647,0.13186813186813187,0.023076923076923078
ood_exposure,0.42954671847814013,0.12222222222222222,0.021153846153846155
ood_exposure,0.4299217694389526,0.12359550561797752,0.021153846153846155
ood_exposure,0.43348030079840055,0.125,0.021153846153846155
ood_exposure,0.43367767119706,0.12643678160919541,0.021153846153846155
ood_exposure,0.43717432993888505,0.11627906976744186,0.019230769230769232
ood_exposure,0.43734454503275216,0.11764705882352941,0.019230769230769232
ood_exposure,0.43900881529028846,0.11904761904761904,0.019230769230769232
ood_exposure,0.4403654060158323,0.12048192771084337,0.019230769230769232
ood_exposure,0.4426175624582865,0.12195121951219512,0.019230769230769232
ood_exposure,0.4442296907260691,0.12345679012345678,0.019230769230769232
ood_exposure,0.44523418693171185,0.125,0.019230769230769232
ood_exposure,0.44648619042820564,0.12658227848101267,0.019230769230769232
ood_exposure,0.446734205771834,0.1282051282051282,0.019230769230769232
ood_exposure,0.44729205447725845,0.12987012987012986,0.019230769230769232
ood_exposure,0.4475482951879181,0.13157894736842105,0.019230769230769232
ood_exposure,0.448131518272135,0.13333333333333333,0.019230769230769232
ood_exposure,0.4488849269979072,0.13513513513513514,0.019230769230769232
ood_exposure,0.44988920774963564,0.136986301369863,0.019230769230769232
ood_exposure,0.45235963034703985,0.1388888888888889,0.019230769230769232
ood_exposure,0.4553444273342064,0.14084507042253522,0.019230769230769232
ood_exposure,0.4602537220091894,0.14285714285714285,0.019230769230769232
ood_exposure,0.4612094151196296,0.14492753623188406,0.019230769230769232
ood_exposure,0.4663099257715697,0.14705882352941177,0.019230769230769232
ood_exposure,0.46726695045274996,0.14925373134328357,0.019230769230769232
ood_exposure,0.4689175795896822,0.15151515151515152,0.019230769230769232
ood_exposure,0.4750737612703426,0.13846153846153847,0.01730769230769231
ood_exposure,0.47574672674847335,0.140625,0.01730769230769231
ood_exposure,0.47940439190743633,0.14285714285714285,0.01730769230769231
ood_exposure,0.4819607350962183,0.14516129032258066,0.01730769230769231
ood_exposure,0.48504425364202314,0.14754098360655737,0.01730769230769231
ood_exposure,0.485346269539942,0.13333333333333333,0.015384615384615385
ood_exposure,0.4887960457679157,0.13559322033898305,0.015384615384615385
ood_exposure,0.5004940957363697,0.13793103448275862,0.015384615384615385
ood_exposure,0.5020255061507236,0.14035087719298245,0.015384615384615385
ood_exposure,0.5053341385489355,0.14285714285714285,0.015384615384615385
ood_exposure,0.5105211738875215,0.14545454545454545,0.015384615384615385
ood_exposure,0.5148409588640536,0.12962962962962962,0.013461538461538462
ood_exposure,0.51827052153944,0.1320754716981132,0.013461538461538462
ood_exposure,0.5213998223016171,0.1346153846153846,0.013461538461538462
ood_exposure,0.5277915045038367,0.13725490196078433,0.013461538461538462
ood_exposure,0.5305194555049114,0.14,0.013461538461538462
ood_exposure,0.538684290538286,0.14285714285714285,0.013461538461538462
ood_exposure,0.5554965117384075,0.14583333333333334,0.013461538461538462
ood_exposure,0.5632928159596493,0.14893617021276595,0.013461538461538462
ood_exposure,0.5636403162374679,0.15217391304347827,0.013461538461538462
ood_exposure,0.567000270633505,0.15,0.011538461538461539
ood_exposure,0.5675449964555468,0.15384615384615385,0.011538461538461539
ood_exposure,0.5904946949377169,0.15789473684210525,0.011538461538461539
ood_exposure,0.5916734667906781,0.16216216216216217,0.011538461538461539
ood_exposure,0.5997683509487168,0.16666666666666666,0.011538461538461539
ood_exposure,0.6204349610176446,0.17142857142857143,0.011538461538461539
ood_exposure,0.6364506635776974,0.17647058823529413,0.011538461538461539
ood_exposure,0.6550811608442246,0.18181818181818182,0.011538461538461539
ood_exposure,0.6637783553410629,0.1875,0.011538461538461539
ood_exposure,0.6717605861160597,0.16129032258064516,0.009615384615384616
ood_exposure,0.6947338746566157,0.16666666666666666,0.009615384615384616
ood_exposure,0.7802442686716742,0.1,0.0038461538461538464
ood_exposure,0.781503994448914,0.10526315789473684,0.0038461538461538464
ood_exposure,0.7916639994302005,0.1111111111111111,0.0038461538461538464
ood_exposure,0.7984908614064995,0.0,0.0
ood_exposure,0.8180990848777309,0.0,0.0
ood_exposure,0.9010222276755581,0.0,0.0
ood_exposure,0.9606702296902204,0.0,0.0
ood_exposure,0.9998764135203608,0.0,0.0
ood_exposure,,1.0,0.0
