regime,subset,score,cases,safe_cases,unsafe_cases,auroc,average_precision_safe,average_precision_unsafe
grouped_iid,natural_d1_resolved,action_raw,20604,17310,3294,0.8788554948391014,0.9475955119063093,0.8476451941753845
grouped_iid,natural_d1_resolved,action_calibrated,20604,17310,3294,0.8782424726153358,0.9547837412507166,0.8311310476997215
grouped_iid,natural_d1_resolved,safety_raw,20604,17310,3294,0.9459705372616983,0.981680945920123,0.90342099575998
grouped_iid,natural_d1_resolved,safety_calibrated,20604,17310,3294,0.9464861535968448,0.9818905004532372,0.8985440481996332
grouped_iid,evidence_complete,action_raw,18064,17310,754,0.4707559681697613,0.9475955119063093,0.04449346012194604
grouped_iid,evidence_complete,action_calibrated,18064,17310,754,0.46807785781819133,0.9547837412507166,0.04003465227202212
grouped_iid,evidence_complete,safety_raw,18064,17310,754,0.7641766921498588,0.9816885844665774,0.21599777031304213
grouped_iid,evidence_complete,safety_calibrated,18064,17310,754,0.7666035333219939,0.9819109617416665,0.20206167672647443
temporal,natural_d1_resolved,action_raw,9089,7096,1993,0.9305465832782269,0.9632452268223963,0.9040799079563864
temporal,natural_d1_resolved,action_calibrated,9089,7096,1993,0.9224350828237048,0.9578194822402982,0.8719361077657805
temporal,natural_d1_resolved,safety_raw,9089,7096,1993,0.9613241893413871,0.9813911632987922,0.9385044581230522
temporal,natural_d1_resolved,safety_calibrated,9089,7096,1993,0.9607312176609113,0.9805205713950815,0.9288343141790262
temporal,evidence_complete,action_raw,7472,7096,376,0.6318599480678356,0.9632452268223962,0.07589096007897672
temporal,evidence_complete,action_calibrated,7472,7096,376,0.5891677061095253,0.9578432921118916,0.06394999759059969
temporal,evidence_complete,safety_raw,7472,7096,376,0.7962108559811941,0.9814389541875241,0.267526845419395
temporal,evidence_complete,safety_calibrated,7472,7096,376,0.7925460703063157,0.9805687632187504,0.2377482084824724
ood_exposure,natural_d1_resolved,action_raw,1376,924,452,0.7226468222043444,0.7640693356736574,0.6970771113611414
ood_exposure,natural_d1_resolved,action_calibrated,1376,924,452,0.7311899015438839,0.7641316301637843,0.6584668191237402
ood_exposure,natural_d1_resolved,safety_raw,1376,924,452,0.7534167528636555,0.8022757459778468,0.7352561500888566
ood_exposure,natural_d1_resolved,safety_calibrated,1376,924,452,0.7493642972072175,0.7995379788333931,0.6987009429125459
ood_exposure,evidence_complete,action_raw,1219,924,295,0.576700418225842,0.7643478779525165,0.3993032298937955
ood_exposure,evidence_complete,action_calibrated,1219,924,295,0.5910081443979749,0.765067633750407,0.3764338192983325
ood_exposure,evidence_complete,safety_raw,1219,924,295,0.6252476337222099,0.8028059211816438,0.4954740628483023
ood_exposure,evidence_complete,safety_calibrated,1219,924,295,0.6188550150414557,0.8004739824200158,0.4260844730021067
