regime,score_type,threshold,selected_count,coverage,safe_selected,unsafe_selected,unsafe_execution_rate,safe_execution_rate,selected_exposure_sum_eur,unsafe_selected_exposure_eur,exposure_weighted_unsafe_rate,mean_safety_score_selected,median_safety_score_selected
grouped_iid,RAW,0.5,17998,0.8735197049116676,17280,718,0.039893321480164466,0.9601066785198356,62062439.0,5263222.0,0.08480527167164668,0.9588157287947169,0.9766467795063192
grouped_iid,RAW,0.6,17964,0.871869539895166,17263,701,0.03902248942329103,0.960977510576709,61041572.0,5222255.0,0.08555243302056506,0.9595931857596497,0.976671141068413
grouped_iid,RAW,0.7,17901,0.8688118811881188,17231,670,0.037428076643762916,0.9625719233562371,60039728.0,4998438.0,0.08325217595922486,0.9606603822406767,0.9767162881477112
grouped_iid,RAW,0.75,17812,0.8644923315860998,17176,636,0.03570626543902987,0.9642937345609701,58230429.0,4316027.0,0.0741197870961933,0.9618090842643684,0.9767779678433856
grouped_iid,RAW,0.8,17712,0.8596389050669773,17097,615,0.034722222222222224,0.9652777777777778,56892409.0,4128362.0,0.07256437321892979,0.9628494868283821,0.9768679854894211
grouped_iid,RAW,0.85,17447,0.8467773247913026,16886,561,0.03215452513326073,0.9678454748667392,51619616.0,3753323.0,0.0727111763094092,0.9648892214581313,0.9770584322083841
grouped_iid,RAW,0.9,16638,0.8075131042516016,16156,482,0.028969828104339464,0.9710301718956605,43855507.0,2678825.0,0.06108297870094171,0.9690473481442688,0.9775503793418572
grouped_iid,RAW,0.92,16113,0.7820326150262085,15690,423,0.026252094582014524,0.9737479054179855,40532966.0,2319266.0,0.057219252102103754,0.9709988482872154,0.9778540982047759
grouped_iid,RAW,0.94,14810,0.7187924674820423,14478,332,0.022417285617825793,0.9775827143821743,32837933.0,1768110.0,0.05384352297691819,0.974254318387643,0.9784670570745098
grouped_iid,RAW,0.95,13806,0.6700640652300525,13529,277,0.020063740402723452,0.9799362595972766,26475890.0,1299082.0,0.04906660361559139,0.9763946487322892,0.9789065077301127
grouped_iid,RAW,0.96,12566,0.6098815763929334,12353,213,0.016950501352856917,0.9830494986471431,22042144.0,968766.0,0.043950624766810345,0.9784548183920467,0.9793526316494363
grouped_iid,RAW,0.97,10336,0.5016501650165016,10170,166,0.016060371517027865,0.9839396284829721,15479950.0,584259.0,0.037742951366121984,0.9813807274986517,0.9798995813301992
grouped_iid,RAW,0.98,5044,0.24480683362453892,4973,71,0.014076130055511499,0.9859238699444886,5450160.0,189659.0,0.03479879489776447,0.9853151711012353,0.9854598679691743
grouped_iid,RAW,0.99,589,0.028586682197631528,576,13,0.022071307300509338,0.9779286926994907,1324183.0,45411.0,0.03429359839236722,0.9926971347841546,0.9925511445172426
grouped_iid,RAW,0.995,57,0.002766453115899825,57,0,0.0,1.0,206180.0,0.0,0.0,0.9973331796374219,0.9977030915181324
grouped_iid,RAW,0.999,1,4.8534265191225004e-05,1,0,0.0,1.0,230.0,0.0,0.0,0.999064582747673,0.999064582747673
grouped_iid,CALIBRATED,0.5,18020,0.8745874587458746,17293,727,0.04034406215316315,0.9596559378468369,62885281.0,5370566.0,0.085402592062839,0.9569953636849143,0.9781046869654465
grouped_iid,CALIBRATED,0.6,17870,0.8673073189671908,17214,656,0.03670956911024063,0.9632904308897594,59314187.0,4631091.0,0.0780772903453941,0.9606602711857097,0.9781046869654465
grouped_iid,CALIBRATED,0.7,17800,0.8639099204038051,17170,630,0.03539325842696629,0.9646067415730337,58127394.0,4304341.0,0.0740501285848115,0.9620350503463628,0.9781046869654465
grouped_iid,CALIBRATED,0.75,17799,0.8638613861386139,17170,629,0.03533906399235912,0.9646609360076409,58107666.0,4284613.0,0.07373576147422614,0.962049504805555,0.9781046869654465
grouped_iid,CALIBRATED,0.8,17492,0.8489613667249077,16926,566,0.032357649211067915,0.9676423507889321,52170357.0,3801281.0,0.07286285198316737,0.9650040763701259,0.9781046869654465
grouped_iid,CALIBRATED,0.85,17492,0.8489613667249077,16926,566,0.032357649211067915,0.9676423507889321,52170357.0,3801281.0,0.07286285198316737,0.9650040763701259,0.9781046869654465
grouped_iid,CALIBRATED,0.9,15846,0.7690739662201515,15447,399,0.025179856115107913,0.9748201438848921,38348056.0,2210998.0,0.057656064755929215,0.9741562686388238,0.9781046869654465
grouped_iid,CALIBRATED,0.92,15718,0.7628615802756746,15329,389,0.024748695762819697,0.9752513042371803,37154628.0,2079023.0,0.05595596327865266,0.9746611959088464,0.9781046869654465
grouped_iid,CALIBRATED,0.94,15427,0.7487381091050281,15068,359,0.023270888701627017,0.976729111298373,35468998.0,1934787.0,0.054548679384740444,0.9755489570841115,0.9781046869654465
grouped_iid,CALIBRATED,0.95,13859,0.6726363812851873,13581,278,0.02005916732809005,0.9799408326719099,26598068.0,1301032.0,0.04891453018316969,0.9790782704512518,0.9781046869654465
grouped_iid,CALIBRATED,0.96,12746,0.6186177441273539,12528,218,0.017103404989800723,0.9828965950101993,22553601.0,1015585.0,0.0450298380289693,0.9810014617747042,0.9781046869654465
grouped_iid,CALIBRATED,0.97,12719,0.6173073189671908,12501,218,0.017139712241528424,0.9828602877584716,22468159.0,1015585.0,0.04520107766728907,0.9810395251564614,0.9781046869654465
grouped_iid,CALIBRATED,0.98,5951,0.28882741215298,5872,79,0.013275079818517896,0.9867249201814821,6210273.0,199177.0,0.0320721810458252,0.9866876196587463,0.987708947885939
grouped_iid,CALIBRATED,0.99,276,0.013395457192778102,272,4,0.014492753623188406,0.9855072463768116,556567.0,10497.0,0.01886026300517278,0.9932356872702877,0.9927272727272727
grouped_iid,CALIBRATED,0.995,22,0.00106775383420695,22,0,0.0,1.0,2615.0,0.0,0.0,0.9991683499255152,1.0
grouped_iid,CALIBRATED,0.999,17,0.0008250825082508251,17,0,0.0,1.0,2490.0,0.0,0.0,1.0,1.0
temporal,RAW,0.5,7324,0.8058092199361866,7010,314,0.04287274713271436,0.9571272528672856,22860702.0,910526.0,0.03982931057847655,0.8899440689490659,0.8960471703027999
temporal,RAW,0.6,7179,0.7898558697326439,6904,275,0.038306170775874074,0.9616938292241259,21485844.0,860040.0,0.0400282157871015,0.896885901474615,0.8967518690368906
temporal,RAW,0.7,6861,0.7548685223897018,6652,209,0.030462031773793908,0.9695379682262061,18576889.0,653637.0,0.03518549311458986,0.9082923542550982,0.898560309868294
temporal,RAW,0.75,6752,0.7428760039608318,6551,201,0.029768957345971563,0.9702310426540285,17324515.0,582177.0,0.03360423076778773,0.9113354556384736,0.8994120678391211
temporal,RAW,0.8,6568,0.7226317526680603,6382,186,0.028319123020706456,0.9716808769792935,15328537.0,533415.0,0.034798820004805414,0.914989951396952,0.9013229007588588
temporal,RAW,0.85,5820,0.6403344702387501,5724,96,0.016494845360824743,0.9835051546391752,12495480.0,230342.0,0.018434025743708924,0.9264570696350544,0.9146143576894604
temporal,RAW,0.9,3330,0.366376939157223,3266,64,0.01921921921921922,0.9807807807807808,8274890.0,189754.0,0.02293130180582461,0.9573293701076411,0.967426942861726
temporal,RAW,0.92,2821,0.3103751787875454,2762,59,0.020914569301666075,0.9790854306983339,7054439.0,173890.0,0.024649727639575594,0.9660856962404656,0.9699980232851895
temporal,RAW,0.94,2560,0.28165914842116846,2507,53,0.020703125,0.979296875,5110829.0,165423.0,0.03236715609150688,0.9700021832237088,0.9703390360192142
temporal,RAW,0.95,2345,0.2580041808779844,2297,48,0.02046908315565032,0.9795309168443497,4396709.0,159470.0,0.036270310361681886,0.9722413801829216,0.9715352550227563
temporal,RAW,0.96,2068,0.22752778083397512,2025,43,0.020793036750483558,0.9792069632495164,3590935.0,128235.0,0.03571075499835001,0.9745514481366591,0.9728602026795816
temporal,RAW,0.97,1410,0.15513257784134668,1381,29,0.02056737588652482,0.9794326241134752,2058631.0,65903.0,0.032013022246337494,0.9787162045909515,0.9779171523335772
temporal,RAW,0.98,553,0.060842776983166466,550,3,0.0054249547920434,0.9945750452079566,763544.0,17585.0,0.023030761815952976,0.986191430791061,0.9869383010270874
temporal,RAW,0.99,72,0.007921663549345363,70,2,0.027777777777777776,0.9722222222222222,329434.0,16473.0,0.05000394616220548,0.9941931785101027,0.9932355762422893
temporal,RAW,0.995,28,0.0030806469358565297,28,0,0.0,1.0,127958.0,0.0,0.0,0.9967322815326192,0.9966139019897547
temporal,RAW,0.999,0,0.0,0,0,,,0.0,0.0,,,
temporal,CALIBRATED,0.5,7415,0.8158213224777203,7072,343,0.046257585974376264,0.9537424140256238,24957213.0,1303376.0,0.05222442105214232,0.9701292323314393,0.979382686279238
temporal,CALIBRATED,0.6,7415,0.8158213224777203,7072,343,0.046257585974376264,0.9537424140256238,24957213.0,1303376.0,0.05222442105214232,0.9701292323314393,0.979382686279238
temporal,CALIBRATED,0.7,7414,0.8157112993728683,7071,343,0.04626382519557594,0.9537361748044241,24954810.0,1303376.0,0.05222944995373637,0.9701701633491983,0.979382686279238
temporal,CALIBRATED,0.75,7414,0.8157112993728683,7071,343,0.04626382519557594,0.9537361748044241,24954810.0,1303376.0,0.05222944995373637,0.9701701633491983,0.979382686279238
temporal,CALIBRATED,0.8,7391,0.8131807679612719,7058,333,0.04505479637396834,0.9549452036260316,24511653.0,1075183.0,0.04386415718270816,0.9708158061701978,0.979382686279238
temporal,CALIBRATED,0.85,6985,0.7685113873913522,6767,218,0.03120973514674302,0.968790264853257,19942974.0,764679.0,0.038343278189100584,0.9786339543029133,0.979382686279238
temporal,CALIBRATED,0.9,6985,0.7685113873913522,6767,218,0.03120973514674302,0.968790264853257,19942974.0,764679.0,0.038343278189100584,0.9786339543029133,0.979382686279238
temporal,CALIBRATED,0.92,6945,0.7641104631972714,6730,215,0.03095752339812815,0.9690424766018718,19185803.0,724680.0,0.03777167940273336,0.9790045705161153,0.979382686279238
temporal,CALIBRATED,0.94,6847,0.7533281989217736,6638,209,0.030524317219220096,0.9694756827807799,18505611.0,653637.0,0.03532101696074774,0.9795817403529553,0.979382686279238
temporal,CALIBRATED,0.95,6847,0.7533281989217736,6638,209,0.030524317219220096,0.9694756827807799,18505611.0,653637.0,0.03532101696074774,0.9795817403529553,0.979382686279238
temporal,CALIBRATED,0.96,6847,0.7533281989217736,6638,209,0.030524317219220096,0.9694756827807799,18505611.0,653637.0,0.03532101696074774,0.9795817403529553,0.979382686279238
temporal,CALIBRATED,0.97,5704,0.6275717900759159,5610,94,0.016479663394109396,0.9835203366058906,11779131.0,229791.0,0.01950831517197661,0.9826132984434933,0.979382686279238
temporal,CALIBRATED,0.98,1680,0.1848388161513918,1644,36,0.02142857142857143,0.9785714285714285,2655224.0,114265.0,0.04303403404006592,0.9903552505175477,0.9887175629936066
temporal,CALIBRATED,0.99,793,0.087248322147651,789,4,0.005044136191677175,0.9949558638083228,1140280.0,19498.0,0.017099308941663453,0.9921870649358778,0.991162474507138
temporal,CALIBRATED,0.995,61,0.006711409395973154,61,0,0.0,1.0,285521.0,0.0,0.0,1.0,1.0
temporal,CALIBRATED,0.999,61,0.006711409395973154,61,0,0.0,1.0,285521.0,0.0,0.0,1.0,1.0
ood_exposure,RAW,0.5,892,0.6482558139534884,739,153,0.17152466367713004,0.82847533632287,65891241.0,10800937.0,0.16392067953311124,0.7889950515030234,0.8196126113569878
ood_exposure,RAW,0.6,741,0.5385174418604651,599,142,0.19163292847503374,0.8083670715249662,50078859.0,9466620.0,0.18903425894747322,0.837614140810867,0.8401036169476106
ood_exposure,RAW,0.7,650,0.47238372093023256,531,119,0.18307692307692308,0.816923076923077,42838806.0,7770293.0,0.18138444381479726,0.863529906716326,0.8678678322475736
ood_exposure,RAW,0.75,608,0.4418604651162791,495,113,0.18585526315789475,0.8141447368421053,40270485.0,7423180.0,0.18433301709676453,0.8725490041421153,0.8802529653396206
ood_exposure,RAW,0.8,492,0.35755813953488375,393,99,0.20121951219512196,0.7987804878048781,33321438.0,6642973.0,0.1993603337286944,0.8965085311832598,0.9078976849659353
ood_exposure,RAW,0.85,348,0.25290697674418605,271,77,0.22126436781609196,0.7787356321839081,23285433.0,5004474.0,0.21491865751433525,0.9258627504965756,0.9366036387955595
ood_exposure,RAW,0.9,265,0.1925872093023256,196,69,0.26037735849056604,0.7396226415094339,17451196.0,4314922.0,0.24725652041269836,0.9410634984579098,0.9411909008354045
ood_exposure,RAW,0.92,209,0.15188953488372092,152,57,0.2727272727272727,0.7272727272727273,14085681.0,3660152.0,0.25984913331488907,0.949632500210921,0.9428233265536785
ood_exposure,RAW,0.94,144,0.10465116279069768,108,36,0.25,0.75,9797501.0,2437414.0,0.24877915296972156,0.9568823443931511,0.9489078503513848
ood_exposure,RAW,0.95,66,0.04796511627906977,57,9,0.13636363636363635,0.8636363636363636,5419489.0,905047.0,0.16699858602905182,0.9730235445673703,0.9691212043276196
ood_exposure,RAW,0.96,49,0.03561046511627907,43,6,0.12244897959183673,0.8775510204081632,4391360.0,729431.0,0.16610594439991255,0.9794617067842958,0.9786326108571096
ood_exposure,RAW,0.97,32,0.023255813953488372,26,6,0.1875,0.8125,3080320.0,729431.0,0.2368036437772699,0.9874660958287267,0.9897752129482922
ood_exposure,RAW,0.98,24,0.01744186046511628,21,3,0.125,0.875,2313784.0,373477.0,0.16141394356603728,0.9918849804473405,0.992578150821869
ood_exposure,RAW,0.99,16,0.011627906976744186,14,2,0.125,0.875,1576978.0,249068.0,0.1579400600388845,0.9948820408037201,0.9957691542802474
ood_exposure,RAW,0.995,10,0.007267441860465116,10,0,0.0,1.0,1014205.0,0.0,0.0,0.9968288331317143,0.9964651784220064
ood_exposure,RAW,0.999,1,0.0007267441860465116,1,0,0.0,1.0,363730.0,0.0,0.0,0.999999993642964,0.999999993642964
ood_exposure,CALIBRATED,0.5,700,0.5087209302325582,568,132,0.18857142857142858,0.8114285714285714,46812350.0,8878645.0,0.18966458637517664,0.7992041466906458,0.8608305274971941
ood_exposure,CALIBRATED,0.6,677,0.49200581395348836,550,127,0.18759231905465287,0.8124076809453471,44893035.0,8387865.0,0.1868411213454381,0.8063714784619588,0.8608305274971941
ood_exposure,CALIBRATED,0.7,380,0.2761627906976744,297,83,0.21842105263157896,0.781578947368421,25707181.0,5535386.0,0.21532450407533987,0.9096210533917928,0.9016736401673641
ood_exposure,CALIBRATED,0.75,380,0.2761627906976744,297,83,0.21842105263157896,0.781578947368421,25707181.0,5535386.0,0.21532450407533987,0.9096210533917928,0.9016736401673641
ood_exposure,CALIBRATED,0.8,380,0.2761627906976744,297,83,0.21842105263157896,0.781578947368421,25707181.0,5535386.0,0.21532450407533987,0.9096210533917928,0.9016736401673641
ood_exposure,CALIBRATED,0.85,380,0.2761627906976744,297,83,0.21842105263157896,0.781578947368421,25707181.0,5535386.0,0.21532450407533987,0.9096210533917928,0.9016736401673641
ood_exposure,CALIBRATED,0.9,252,0.18313953488372092,184,68,0.2698412698412698,0.7301587301587301,16698689.0,4258409.0,0.25501457030548924,0.9344035427350807,0.9285714285714286
ood_exposure,CALIBRATED,0.92,181,0.13154069767441862,126,55,0.30386740331491713,0.6961325966850829,11905278.0,3516219.0,0.2953495920044874,0.9471237241958235,0.9285714285714286
ood_exposure,CALIBRATED,0.94,77,0.0559593023255814,67,10,0.12987012987012986,0.8701298701298701,6055762.0,972874.0,0.16065261481544355,0.9721813702339673,0.9702325581395349
ood_exposure,CALIBRATED,0.95,73,0.053052325581395346,63,10,0.136986301369863,0.863013698630137,5839694.0,972874.0,0.16659674291152926,0.9735536883905324,0.9771607702642185
ood_exposure,CALIBRATED,0.96,49,0.03561046511627907,43,6,0.12244897959183673,0.8775510204081632,4391360.0,729431.0,0.16610594439991255,0.983420359425331,0.9814560439560439
ood_exposure,CALIBRATED,0.97,49,0.03561046511627907,43,6,0.12244897959183673,0.8775510204081632,4391360.0,729431.0,0.16610594439991255,0.983420359425331,0.9814560439560439
ood_exposure,CALIBRATED,0.98,26,0.0188953488372093,21,5,0.19230769230769232,0.8076923076923077,2537074.0,596767.0,0.23521860221656918,0.9918888549667583,0.9890692566408127
ood_exposure,CALIBRATED,0.99,13,0.00944767441860465,12,1,0.07692307692307693,0.9230769230769231,1331929.0,155884.0,0.1170362684497447,0.997737556561086,1.0
ood_exposure,CALIBRATED,0.995,10,0.007267441860465116,10,0,0.0,1.0,1014205.0,0.0,0.0,1.0,1.0
ood_exposure,CALIBRATED,0.999,10,0.007267441860465116,10,0,0.0,1.0,1014205.0,0.0,0.0,1.0,1.0
