regime,p_safe_threshold,episodes,high_confidence_count,high_confidence_unsafe_count,high_confidence_unsafe_rate_among_high_confidence,high_confidence_unsafe_execute_count,fraction_high_confidence_unsafe_that_execute
grouped_iid,0.95,36919,21735,16388,0.7539912583390844,1077,0.06571881864779107
ood_exposure,0.95,2536,204,173,0.8480392156862745,5,0.028901734104046242
temporal,0.95,37580,28471,21465,0.7539250465385832,1417,0.06601444211507104
grouped_iid,0.97,36919,19541,14737,0.7541579243641574,976,0.06622786184433738
ood_exposure,0.97,2536,144,125,0.8680555555555556,5,0.04
temporal,0.97,37580,22953,17273,0.7525377946237964,1121,0.06489897527933769
grouped_iid,0.99,36919,401,303,0.7556109725685786,23,0.07590759075907591
ood_exposure,0.99,2536,45,37,0.8222222222222222,1,0.02702702702702703
temporal,0.99,37580,4306,3278,0.761263353460288,212,0.06467358145210494
