regime,policy,metric,point_estimate,bootstrap_valid_reps,bootstrap_mean,bootstrap_se,ci_lower,ci_upper
grouped_iid,ARGMAX_V1,autonomous_execution_coverage,0.0,2000,0.0,0.0,0.0,0.0
grouped_iid,ARGMAX_V1,unsafe_execution_rate,,0,,,,
grouped_iid,ARGMAX_V1,raw_exposure_weighted_unsafe_rate,,0,,,,
grouped_iid,ARGMAX_V1,consequence_weighted_unsafe_rate,,0,,,,
grouped_iid,ARGMAX_V1,mean_realized_normalized_loss_09b2n,0.1328719629459086,2000,0.13284865546511457,0.0006288110630229527,0.1316456175629602,0.1340882423094542
grouped_iid,ARGMAX_V1,mean_end_to_end_realized_loss_diagnostic,0.1384996986141731,2000,0.13848165472614277,0.0006224947291882805,0.13729592525096002,0.13970642814840753
grouped_iid,ARGMAX_V1,human_escalation_rate,0.8103957311953195,2000,0.810417595749657,0.001996398108448821,0.8065095500787958,0.814353905649335
grouped_iid,ARGMAX_V1,gather_rate,0.08952030119992416,2000,0.0895506379896304,0.0015344748203488638,0.08654693141627481,0.0924935361151942
grouped_iid,ARGMAX_V1,abstention_rate,0.10008396760475635,2000,0.10003176626071249,0.0015009122014574554,0.09714764148627221,0.10299842916604286
grouped_iid,CONFIDENCE_THRESHOLD_V1,autonomous_execution_coverage,0.0,2000,0.0,0.0,0.0,0.0
grouped_iid,CONFIDENCE_THRESHOLD_V1,unsafe_execution_rate,,0,,,,
grouped_iid,CONFIDENCE_THRESHOLD_V1,raw_exposure_weighted_unsafe_rate,,0,,,,
grouped_iid,CONFIDENCE_THRESHOLD_V1,consequence_weighted_unsafe_rate,,0,,,,
grouped_iid,CONFIDENCE_THRESHOLD_V1,mean_realized_normalized_loss_09b2n,0.10000000000000002,2000,0.10000000000000003,2.528523733646306e-17,0.09999999999999999,0.10000000000000002
grouped_iid,CONFIDENCE_THRESHOLD_V1,mean_end_to_end_realized_loss_diagnostic,0.10000000000000002,2000,0.10000000000000003,2.528523733646306e-17,0.09999999999999999,0.10000000000000002
grouped_iid,CONFIDENCE_THRESHOLD_V1,human_escalation_rate,1.0,2000,1.0,0.0,1.0,1.0
grouped_iid,CONFIDENCE_THRESHOLD_V1,gather_rate,0.0,2000,0.0,0.0,0.0,0.0
grouped_iid,CONFIDENCE_THRESHOLD_V1,abstention_rate,0.0,2000,0.0,0.0,0.0,0.0
grouped_iid,RCSE_V1_FULL,autonomous_execution_coverage,0.0,2000,0.0,0.0,0.0,0.0
grouped_iid,RCSE_V1_FULL,unsafe_execution_rate,,0,,,,
grouped_iid,RCSE_V1_FULL,raw_exposure_weighted_unsafe_rate,,0,,,,
grouped_iid,RCSE_V1_FULL,consequence_weighted_unsafe_rate,,0,,,,
grouped_iid,RCSE_V1_FULL,mean_realized_normalized_loss_09b2n,0.09671930442319675,2000,0.09671849892133798,8.47292158379758e-05,0.09654900932772029,0.09687831406339945
grouped_iid,RCSE_V1_FULL,mean_end_to_end_realized_loss_diagnostic,0.0974823362804154,2000,0.09748489156555318,0.00014782801399135218,0.09719999592327738,0.09778704876307102
grouped_iid,RCSE_V1_FULL,human_escalation_rate,0.9589913052899591,2000,0.9589812365167247,0.0010591151979746985,0.9568626165965034,0.960978925792493
grouped_iid,RCSE_V1_FULL,gather_rate,0.0410086947100409,2000,0.04101876348327522,0.0010591151979746983,0.039021074207507056,0.043137383403496654
grouped_iid,RCSE_V1_FULL,abstention_rate,0.0,2000,0.0,0.0,0.0,0.0
grouped_iid,RCSE_V2_FULL,autonomous_execution_coverage,0.172702402556949,2000,0.17269627653591846,0.0018615942940441543,0.16899331042609703,0.17627257483237066
grouped_iid,RCSE_V2_FULL,unsafe_execution_rate,0.1689146800501882,2000,0.1689032277083034,0.004460683061046887,0.160349808928277,0.1779768811322765
grouped_iid,RCSE_V2_FULL,raw_exposure_weighted_unsafe_rate,0.20063101011965698,2000,0.2004346284490585,0.017294951778215977,0.17006822893840806,0.237665401102424
grouped_iid,RCSE_V2_FULL,consequence_weighted_unsafe_rate,0.17079059237208455,2000,0.17080077191551873,0.004667830571104544,0.1617471871434749,0.18008036778384104
grouped_iid,RCSE_V2_FULL,mean_realized_normalized_loss_09b2n,0.10018423528297621,2000,0.10018426432713363,0.0005834209204575204,0.09902856174652105,0.1013538863028885
grouped_iid,RCSE_V2_FULL,mean_end_to_end_realized_loss_diagnostic,0.10094726714019486,2000,0.10095065697134882,0.0005963631834362289,0.09975726358083967,0.10216329594104137
grouped_iid,RCSE_V2_FULL,human_escalation_rate,0.7862889027330101,2000,0.7862849599808063,0.002061168410401877,0.782223492466202,0.7902523932766303
grouped_iid,RCSE_V2_FULL,gather_rate,0.0410086947100409,2000,0.04101876348327522,0.0010591151979746983,0.039021074207507056,0.043137383403496654
grouped_iid,RCSE_V2_FULL,abstention_rate,0.0,2000,0.0,0.0,0.0,0.0
grouped_iid,RCSE_V2_NO_GATHER,autonomous_execution_coverage,0.172702402556949,2000,0.17269627653591846,0.0018615942940441543,0.16899331042609703,0.17627257483237066
grouped_iid,RCSE_V2_NO_GATHER,unsafe_execution_rate,0.1689146800501882,2000,0.1689032277083034,0.004460683061046887,0.160349808928277,0.1779768811322765
grouped_iid,RCSE_V2_NO_GATHER,raw_exposure_weighted_unsafe_rate,0.20063101011965698,2000,0.2004346284490585,0.017294951778215977,0.17006822893840806,0.237665401102424
grouped_iid,RCSE_V2_NO_GATHER,consequence_weighted_unsafe_rate,0.17079059237208455,2000,0.17080077191551873,0.004667830571104544,0.1617471871434749,0.18008036778384104
grouped_iid,RCSE_V2_NO_GATHER,mean_realized_normalized_loss_09b2n,0.10346493085977948,2000,0.10346576540579565,0.000576161595922092,0.10234359410834296,0.10462616618279391
grouped_iid,RCSE_V2_NO_GATHER,mean_end_to_end_realized_loss_diagnostic,0.10346493085977948,2000,0.10346576540579565,0.000576161595922092,0.10234359410834296,0.10462616618279391
grouped_iid,RCSE_V2_NO_GATHER,human_escalation_rate,0.827297597443051,2000,0.8273037234640814,0.0018615942940441547,0.8237274251676294,0.831006689573903
grouped_iid,RCSE_V2_NO_GATHER,gather_rate,0.0,2000,0.0,0.0,0.0,0.0
grouped_iid,RCSE_V2_NO_GATHER,abstention_rate,0.0,2000,0.0,0.0,0.0,0.0
grouped_iid,V2_GATE_MULTICLASS_EXECUTE,autonomous_execution_coverage,0.0,2000,0.0,0.0,0.0,0.0
grouped_iid,V2_GATE_MULTICLASS_EXECUTE,unsafe_execution_rate,,0,,,,
grouped_iid,V2_GATE_MULTICLASS_EXECUTE,raw_exposure_weighted_unsafe_rate,,0,,,,
grouped_iid,V2_GATE_MULTICLASS_EXECUTE,consequence_weighted_unsafe_rate,,0,,,,
grouped_iid,V2_GATE_MULTICLASS_EXECUTE,mean_realized_normalized_loss_09b2n,0.09671930442319675,2000,0.09671849892133798,8.47292158379758e-05,0.09654900932772029,0.09687831406339945
grouped_iid,V2_GATE_MULTICLASS_EXECUTE,mean_end_to_end_realized_loss_diagnostic,0.0974823362804154,2000,0.09748489156555318,0.00014782801399135218,0.09719999592327738,0.09778704876307102
grouped_iid,V2_GATE_MULTICLASS_EXECUTE,human_escalation_rate,0.9589913052899591,2000,0.9589812365167247,0.0010591151979746985,0.9568626165965034,0.960978925792493
grouped_iid,V2_GATE_MULTICLASS_EXECUTE,gather_rate,0.0410086947100409,2000,0.04101876348327522,0.0010591151979746983,0.039021074207507056,0.043137383403496654
grouped_iid,V2_GATE_MULTICLASS_EXECUTE,abstention_rate,0.0,2000,0.0,0.0,0.0,0.0
grouped_iid,V2_SAFETY_NO_GATE,autonomous_execution_coverage,0.58755654270159,2000,0.5876716472279597,0.003213339480747468,0.5812593517176777,0.5940630459919412
grouped_iid,V2_SAFETY_NO_GATE,unsafe_execution_rate,0.7537801954637654,2000,0.7538404229788549,0.002582398983362355,0.748826108423199,0.758795610500127
grouped_iid,V2_SAFETY_NO_GATE,raw_exposure_weighted_unsafe_rate,0.7645379543824574,2000,0.7645443531193753,0.007601246840986185,0.7504252993707874,0.7792380888825055
grouped_iid,V2_SAFETY_NO_GATE,consequence_weighted_unsafe_rate,0.7532986297677587,2000,0.7533569763881072,0.0026792038912159476,0.7480266819345119,0.7584971502586811
grouped_iid,V2_SAFETY_NO_GATE,mean_realized_normalized_loss_09b2n,0.3477769478579692,2000,0.3478316439532342,0.0019484216258822326,0.3440348130157264,0.35171530792944616
grouped_iid,V2_SAFETY_NO_GATE,mean_end_to_end_realized_loss_diagnostic,0.34853997971518785,2000,0.3485980365974493,0.0019497401023286216,0.34478486122137647,0.35246533919165135
grouped_iid,V2_SAFETY_NO_GATE,human_escalation_rate,0.3714347625883691,2000,0.3713095892887651,0.0031884994114681794,0.36510627713723887,0.3775647325005912
grouped_iid,V2_SAFETY_NO_GATE,gather_rate,0.0410086947100409,2000,0.04101876348327522,0.0010591151979746983,0.039021074207507056,0.043137383403496654
grouped_iid,V2_SAFETY_NO_GATE,abstention_rate,0.0,2000,0.0,0.0,0.0,0.0
grouped_iid,VOI_BLIND_V1,autonomous_execution_coverage,0.0,2000,0.0,0.0,0.0,0.0
grouped_iid,VOI_BLIND_V1,unsafe_execution_rate,,0,,,,
grouped_iid,VOI_BLIND_V1,raw_exposure_weighted_unsafe_rate,,0,,,,
grouped_iid,VOI_BLIND_V1,consequence_weighted_unsafe_rate,,0,,,,
grouped_iid,VOI_BLIND_V1,mean_realized_normalized_loss_09b2n,0.09647661095912675,2000,0.0964765939807717,8.75050331191674e-05,0.09629864168693344,0.09664583782108362
grouped_iid,VOI_BLIND_V1,mean_end_to_end_realized_loss_diagnostic,0.09754300964643291,2000,0.09754536780069477,0.00014799958817699225,0.097261431032196,0.09784902603503882
grouped_iid,VOI_BLIND_V1,human_escalation_rate,0.9559576369890842,2000,0.9559574247596462,0.0010938129139895945,0.953733021086668,0.958072972763545
grouped_iid,VOI_BLIND_V1,gather_rate,0.04404236301091579,2000,0.0440425752403539,0.0010938129139895936,0.041927027236455,0.04626697891333203
grouped_iid,VOI_BLIND_V1,abstention_rate,0.0,2000,0.0,0.0,0.0,0.0
ood_exposure,ARGMAX_V1,autonomous_execution_coverage,0.03470031545741325,2000,0.03473070253922731,0.003907060334647062,0.02700502414362621,0.042562940425640704
ood_exposure,ARGMAX_V1,unsafe_execution_rate,0.9431818181818182,2000,0.9437248532417066,0.025021849211262437,0.8913043478260869,0.9878048780487805
ood_exposure,ARGMAX_V1,raw_exposure_weighted_unsafe_rate,0.9761565350847792,2000,0.974059510647322,0.015024762661130894,0.9373340006217334,0.9950929035249464
ood_exposure,ARGMAX_V1,consequence_weighted_unsafe_rate,0.9444901425313795,2000,0.9449986428249083,0.024518851083796044,0.8933958675064451,0.9880923347067264
ood_exposure,ARGMAX_V1,mean_realized_normalized_loss_09b2n,0.14752448996759443,2000,0.14749692558866495,0.005370249864865197,0.13705911151120392,0.15842339544763584
ood_exposure,ARGMAX_V1,mean_end_to_end_realized_loss_diagnostic,0.17189320039634498,2000,0.1718681719145108,0.005510501529816321,0.16129503953651117,0.1829001413711821
ood_exposure,ARGMAX_V1,human_escalation_rate,0.7042586750788643,2000,0.704681116713175,0.00970759353869453,0.685553788436833,0.7230595418486495
ood_exposure,ARGMAX_V1,gather_rate,0.20623028391167192,2000,0.2060675328145412,0.008676353181956399,0.18987082280952358,0.22375230408212177
ood_exposure,ARGMAX_V1,abstention_rate,0.05481072555205047,2000,0.05452064793305642,0.0042597120205898715,0.04662988890732968,0.06295722031726976
ood_exposure,CONFIDENCE_THRESHOLD_V1,autonomous_execution_coverage,0.022870662460567823,2000,0.02280193468190069,0.0032246532991979313,0.01679015244276957,0.02951517874555
ood_exposure,CONFIDENCE_THRESHOLD_V1,unsafe_execution_rate,0.9655172413793104,2000,0.9658340804777147,0.024610095299160483,0.9107142857142857,1.0
ood_exposure,CONFIDENCE_THRESHOLD_V1,raw_exposure_weighted_unsafe_rate,0.9864259059133497,2000,0.9848880393458775,0.012772578937395536,0.952299271432476,1.0
ood_exposure,CONFIDENCE_THRESHOLD_V1,consequence_weighted_unsafe_rate,0.966374613394238,2000,0.9666671712710324,0.02403477343345169,0.9126336266017181,1.0
ood_exposure,CONFIDENCE_THRESHOLD_V1,mean_realized_normalized_loss_09b2n,0.12884014987536554,2000,0.12877800444941195,0.004225347827254294,0.1208283475173087,0.13755535348168768
ood_exposure,CONFIDENCE_THRESHOLD_V1,mean_end_to_end_realized_loss_diagnostic,0.12884014987536554,2000,0.12877800444941195,0.004225347827254294,0.1208283475173087,0.13755535348168768
ood_exposure,CONFIDENCE_THRESHOLD_V1,human_escalation_rate,0.9771293375394322,2000,0.9771980653180994,0.0032246532991979326,0.97048482125445,0.9832098475572304
ood_exposure,CONFIDENCE_THRESHOLD_V1,gather_rate,0.0,2000,0.0,0.0,0.0,0.0
ood_exposure,CONFIDENCE_THRESHOLD_V1,abstention_rate,0.0,2000,0.0,0.0,0.0,0.0
ood_exposure,RCSE_V1_FULL,autonomous_execution_coverage,0.001971608832807571,2000,0.001973236864309689,0.0010452341214629542,0.00038864760493209774,0.004318976270109359
ood_exposure,RCSE_V1_FULL,unsafe_execution_rate,1.0,1963,1.0,0.0,1.0,1.0
ood_exposure,RCSE_V1_FULL,raw_exposure_weighted_unsafe_rate,1.0,1963,1.0,0.0,1.0,1.0
ood_exposure,RCSE_V1_FULL,consequence_weighted_unsafe_rate,1.0,1963,1.0,0.0,1.0,1.0
ood_exposure,RCSE_V1_FULL,mean_realized_normalized_loss_09b2n,0.10119520091025447,2000,0.10118435083687208,0.0016770187132511642,0.09838066343894597,0.10476045675295574
ood_exposure,RCSE_V1_FULL,mean_end_to_end_realized_loss_diagnostic,0.10734624572386305,2000,0.10736982742134282,0.00233778738930858,0.10311736677953942,0.11205228415353821
ood_exposure,RCSE_V1_FULL,human_escalation_rate,0.9739747634069401,2000,0.9738169277348994,0.0032714398077531687,0.9671484954909257,0.9801513590028381
ood_exposure,RCSE_V1_FULL,gather_rate,0.024053627760252366,2000,0.024209835400790948,0.0030660800693558528,0.018174287215651123,0.030649234317300388
ood_exposure,RCSE_V1_FULL,abstention_rate,0.0,2000,0.0,0.0,0.0,0.0
ood_exposure,RCSE_V2_FULL,autonomous_execution_coverage,0.009069400630914827,2000,0.009029508126542404,0.001965402149594698,0.005466507958828388,0.01307979671872068
ood_exposure,RCSE_V2_FULL,unsafe_execution_rate,0.21739130434782608,2000,0.21624630879242362,0.09700236977078158,0.043478260869565216,0.4166666666666667
ood_exposure,RCSE_V2_FULL,raw_exposure_weighted_unsafe_rate,0.2962075994110268,2000,0.2915435890362974,0.11849884796439006,0.06337680038784177,0.5174692670343062
ood_exposure,RCSE_V2_FULL,consequence_weighted_unsafe_rate,0.22382155497408596,2000,0.2224244077943016,0.09883494323242785,0.044322957131919846,0.4237904551731607
ood_exposure,RCSE_V2_FULL,mean_realized_normalized_loss_09b2n,0.09976794130110875,2000,0.09977560946482353,0.0012973216235764428,0.09752136373398866,0.10249292331454563
ood_exposure,RCSE_V2_FULL,mean_end_to_end_realized_loss_diagnostic,0.10591898611471731,2000,0.1059610860492943,0.0020910900356035152,0.10207792111999728,0.11039321683432744
ood_exposure,RCSE_V2_FULL,human_escalation_rate,0.9668769716088328,2000,0.9667606564726666,0.003582653668521576,0.9595437497146689,0.9737604974441848
ood_exposure,RCSE_V2_FULL,gather_rate,0.024053627760252366,2000,0.024209835400790948,0.0030660800693558528,0.018174287215651123,0.030649234317300388
ood_exposure,RCSE_V2_FULL,abstention_rate,0.0,2000,0.0,0.0,0.0,0.0
ood_exposure,RCSE_V2_NO_GATHER,autonomous_execution_coverage,0.009069400630914827,2000,0.009029508126542404,0.001965402149594698,0.005466507958828388,0.01307979671872068
ood_exposure,RCSE_V2_NO_GATHER,unsafe_execution_rate,0.21739130434782608,2000,0.21624630879242362,0.09700236977078158,0.043478260869565216,0.4166666666666667
ood_exposure,RCSE_V2_NO_GATHER,raw_exposure_weighted_unsafe_rate,0.2962075994110268,2000,0.2915435890362974,0.11849884796439006,0.06337680038784177,0.5174692670343062
ood_exposure,RCSE_V2_NO_GATHER,consequence_weighted_unsafe_rate,0.22382155497408596,2000,0.2224244077943016,0.09883494323242785,0.044322957131919846,0.4237904551731607
ood_exposure,RCSE_V2_NO_GATHER,mean_realized_normalized_loss_09b2n,0.10169223152192895,2000,0.1017123962968868,0.0012635495978396618,0.09961176582507462,0.10439709247383722
ood_exposure,RCSE_V2_NO_GATHER,mean_end_to_end_realized_loss_diagnostic,0.10169223152192895,2000,0.1017123962968868,0.0012635495978396618,0.09961176582507462,0.10439709247383722
ood_exposure,RCSE_V2_NO_GATHER,human_escalation_rate,0.9909305993690851,2000,0.9909704918734578,0.0019654021495946992,0.9869202032812793,0.9945334920411716
ood_exposure,RCSE_V2_NO_GATHER,gather_rate,0.0,2000,0.0,0.0,0.0,0.0
ood_exposure,RCSE_V2_NO_GATHER,abstention_rate,0.0,2000,0.0,0.0,0.0,0.0
ood_exposure,V2_GATE_MULTICLASS_EXECUTE,autonomous_execution_coverage,0.0,2000,0.0,0.0,0.0,0.0
ood_exposure,V2_GATE_MULTICLASS_EXECUTE,unsafe_execution_rate,,0,,,,
ood_exposure,V2_GATE_MULTICLASS_EXECUTE,raw_exposure_weighted_unsafe_rate,,0,,,,
ood_exposure,V2_GATE_MULTICLASS_EXECUTE,consequence_weighted_unsafe_rate,,0,,,,
ood_exposure,V2_GATE_MULTICLASS_EXECUTE,mean_realized_normalized_loss_09b2n,0.0980757097791798,2000,0.09806321316793673,0.00024528640554846823,0.09754806125461597,0.09854605702274792
ood_exposure,V2_GATE_MULTICLASS_EXECUTE,mean_end_to_end_realized_loss_diagnostic,0.10422675459278838,2000,0.10424868975240748,0.0016851314454579772,0.1011201753449486,0.10783229535092448
ood_exposure,V2_GATE_MULTICLASS_EXECUTE,human_escalation_rate,0.9759463722397477,2000,0.975790164599209,0.003066080069355853,0.9693507656826996,0.9818257127843489
ood_exposure,V2_GATE_MULTICLASS_EXECUTE,gather_rate,0.024053627760252366,2000,0.024209835400790948,0.0030660800693558528,0.018174287215651123,0.030649234317300388
ood_exposure,V2_GATE_MULTICLASS_EXECUTE,abstention_rate,0.0,2000,0.0,0.0,0.0,0.0
ood_exposure,V2_SAFETY_NO_GATE,autonomous_execution_coverage,0.056782334384858045,2000,0.05680929397361093,0.005623985966102606,0.04623142727153,0.06819106050663698
ood_exposure,V2_SAFETY_NO_GATE,unsafe_execution_rate,0.8680555555555556,2000,0.8691399792234898,0.026185657207971315,0.8150621511922882,0.9185185185185185
ood_exposure,V2_SAFETY_NO_GATE,raw_exposure_weighted_unsafe_rate,0.9299207614242957,2000,0.9260630457294902,0.024976873088651128,0.8687462243043229,0.9656455000520713
ood_exposure,V2_SAFETY_NO_GATE,consequence_weighted_unsafe_rate,0.8700760150783563,2000,0.8711199247247715,0.025897376042837626,0.817389705410224,0.9191803711043632
ood_exposure,V2_SAFETY_NO_GATE,mean_realized_normalized_loss_09b2n,0.1564008780936972,2000,0.15648257589333872,0.006005395695495963,0.14525100212004882,0.16884376537320334
ood_exposure,V2_SAFETY_NO_GATE,mean_end_to_end_realized_loss_diagnostic,0.16255192290730577,2000,0.1626680524778095,0.006179811990597629,0.15084493002290333,0.1750921633265433
ood_exposure,V2_SAFETY_NO_GATE,human_escalation_rate,0.9191640378548895,2000,0.9189808706255981,0.006204818318317544,0.9062121529881468,0.9305612794976736
ood_exposure,V2_SAFETY_NO_GATE,gather_rate,0.024053627760252366,2000,0.024209835400790948,0.0030660800693558528,0.018174287215651123,0.030649234317300388
ood_exposure,V2_SAFETY_NO_GATE,abstention_rate,0.0,2000,0.0,0.0,0.0,0.0
ood_exposure,VOI_BLIND_V1,autonomous_execution_coverage,0.0027602523659305996,2000,0.0027509108025344027,0.0011849203042908951,0.0007815476626611958,0.005266473043839227
ood_exposure,VOI_BLIND_V1,unsafe_execution_rate,1.0,1992,1.0,0.0,1.0,1.0
ood_exposure,VOI_BLIND_V1,raw_exposure_weighted_unsafe_rate,1.0,1992,1.0,0.0,1.0,1.0
ood_exposure,VOI_BLIND_V1,consequence_weighted_unsafe_rate,1.0,1992,1.0,0.0,1.0,1.0
ood_exposure,VOI_BLIND_V1,mean_realized_normalized_loss_09b2n,0.10187224517628711,2000,0.10184396931583947,0.0018534664402991442,0.09864274388047375,0.10588250168546588
ood_exposure,VOI_BLIND_V1,mean_end_to_end_realized_loss_diagnostic,0.10853590828642563,2000,0.10854503608199892,0.0024679805202403988,0.10391270444980953,0.11340951437968047
ood_exposure,VOI_BLIND_V1,human_escalation_rate,0.9680599369085173,2000,0.9678833519797879,0.0035322398597890164,0.9609014647960537,0.9746338752781342
ood_exposure,VOI_BLIND_V1,gather_rate,0.02917981072555205,2000,0.02936573721767767,0.0033180534918067542,0.022984028048305415,0.03611194779116465
ood_exposure,VOI_BLIND_V1,abstention_rate,0.0,2000,0.0,0.0,0.0,0.0
temporal,ARGMAX_V1,autonomous_execution_coverage,0.0,2000,0.0,0.0,0.0,0.0
temporal,ARGMAX_V1,unsafe_execution_rate,,0,,,,
temporal,ARGMAX_V1,raw_exposure_weighted_unsafe_rate,,0,,,,
temporal,ARGMAX_V1,consequence_weighted_unsafe_rate,,0,,,,
temporal,ARGMAX_V1,mean_realized_normalized_loss_09b2n,0.13676849387972326,2000,0.13673880625347737,0.0006370549749347624,0.1354890822480789,0.1379968080820884
temporal,ARGMAX_V1,mean_end_to_end_realized_loss_diagnostic,0.1415893171126944,2000,0.14155878588944637,0.0006276534015518916,0.14029031066843425,0.14281138818707312
temporal,ARGMAX_V1,human_escalation_rate,0.8335816923895689,2000,0.8336258420074388,0.0018917918531613084,0.8298691770774056,0.8374644525207807
temporal,ARGMAX_V1,gather_rate,0.06208089409260245,2000,0.062105951965723195,0.0012598050944180917,0.05962774697435782,0.06451964945550057
temporal,ARGMAX_V1,abstention_rate,0.10433741351782863,2000,0.10426820602683805,0.0015468686541212158,0.10123153690811351,0.10733450335628206
temporal,CONFIDENCE_THRESHOLD_V1,autonomous_execution_coverage,0.0,2000,0.0,0.0,0.0,0.0
temporal,CONFIDENCE_THRESHOLD_V1,unsafe_execution_rate,,0,,,,
temporal,CONFIDENCE_THRESHOLD_V1,raw_exposure_weighted_unsafe_rate,,0,,,,
temporal,CONFIDENCE_THRESHOLD_V1,consequence_weighted_unsafe_rate,,0,,,,
temporal,CONFIDENCE_THRESHOLD_V1,mean_realized_normalized_loss_09b2n,0.1,2000,0.10000000000000003,2.5512831820630227e-17,0.09999999999999999,0.10000000000000002
temporal,CONFIDENCE_THRESHOLD_V1,mean_end_to_end_realized_loss_diagnostic,0.1,2000,0.10000000000000003,2.5512831820630227e-17,0.09999999999999999,0.10000000000000002
temporal,CONFIDENCE_THRESHOLD_V1,human_escalation_rate,1.0,2000,1.0,0.0,1.0,1.0
temporal,CONFIDENCE_THRESHOLD_V1,gather_rate,0.0,2000,0.0,0.0,0.0,0.0
temporal,CONFIDENCE_THRESHOLD_V1,abstention_rate,0.0,2000,0.0,0.0,0.0,0.0
temporal,RCSE_V1_FULL,autonomous_execution_coverage,0.0,2000,0.0,0.0,0.0,0.0
temporal,RCSE_V1_FULL,unsafe_execution_rate,,0,,,,
temporal,RCSE_V1_FULL,raw_exposure_weighted_unsafe_rate,,0,,,,
temporal,RCSE_V1_FULL,consequence_weighted_unsafe_rate,,0,,,,
temporal,RCSE_V1_FULL,mean_realized_normalized_loss_09b2n,0.09855880787653008,2000,0.09855786787755474,5.633312962609559e-05,0.09844443117895887,0.09866353778892309
temporal,RCSE_V1_FULL,mean_end_to_end_realized_loss_diagnostic,0.09896238789502547,2000,0.0989592487257366,0.00010400544779891614,0.09876693746093566,0.09916461611076947
temporal,RCSE_V1_FULL,human_escalation_rate,0.9819850984566258,2000,0.9819733484694343,0.0007041641203261968,0.9805553897369856,0.9832942223615385
temporal,RCSE_V1_FULL,gather_rate,0.018014901543374134,2000,0.018026651530565714,0.0007041641203261978,0.016705777638461525,0.019444610263014334
temporal,RCSE_V1_FULL,abstention_rate,0.0,2000,0.0,0.0,0.0,0.0
temporal,RCSE_V2_FULL,autonomous_execution_coverage,0.21905268759978713,2000,0.21902662370915146,0.0019752921750494064,0.2152378704654468,0.22279209989707693
temporal,RCSE_V2_FULL,unsafe_execution_rate,0.17213313896987367,2000,0.1720177230609993,0.004089855320953529,0.1639457732515724,0.18002957267354291
temporal,RCSE_V2_FULL,raw_exposure_weighted_unsafe_rate,0.17436722556141934,2000,0.1745159926053749,0.012403946188571545,0.1516446401508255,0.19911493116961593
temporal,RCSE_V2_FULL,consequence_weighted_unsafe_rate,0.17313936019164872,2000,0.17302847625907622,0.004238388777690388,0.1648752118989251,0.1815331098117118
temporal,RCSE_V2_FULL,mean_realized_normalized_loss_09b2n,0.10433590545629436,2000,0.10431939691189578,0.0006958527676691803,0.10301214388481869,0.10569285009849098
temporal,RCSE_V2_FULL,mean_end_to_end_realized_loss_diagnostic,0.10473948547478974,2000,0.10472077776007765,0.0007010717252987671,0.10335226214354183,0.10612809536617496
temporal,RCSE_V2_FULL,human_escalation_rate,0.7629324108568387,2000,0.7629467247602829,0.0020524741622354875,0.7588964004939085,0.7668225265957693
temporal,RCSE_V2_FULL,gather_rate,0.018014901543374134,2000,0.018026651530565714,0.0007041641203261978,0.016705777638461525,0.019444610263014334
temporal,RCSE_V2_FULL,abstention_rate,0.0,2000,0.0,0.0,0.0,0.0
temporal,RCSE_V2_NO_GATHER,autonomous_execution_coverage,0.21905268759978713,2000,0.21902662370915146,0.0019752921750494064,0.2152378704654468,0.22279209989707693
temporal,RCSE_V2_NO_GATHER,unsafe_execution_rate,0.17213313896987367,2000,0.1720177230609993,0.004089855320953529,0.1639457732515724,0.18002957267354291
temporal,RCSE_V2_NO_GATHER,raw_exposure_weighted_unsafe_rate,0.17436722556141934,2000,0.1745159926053749,0.012403946188571545,0.1516446401508255,0.19911493116961593
temporal,RCSE_V2_NO_GATHER,consequence_weighted_unsafe_rate,0.17313936019164872,2000,0.17302847625907622,0.004238388777690388,0.1648752118989251,0.1815331098117118
temporal,RCSE_V2_NO_GATHER,mean_realized_normalized_loss_09b2n,0.10577709757976429,2000,0.10576152903434105,0.0006924792995659404,0.10444458400903299,0.10714701358723175
temporal,RCSE_V2_NO_GATHER,mean_end_to_end_realized_loss_diagnostic,0.10577709757976429,2000,0.10576152903434105,0.0006924792995659404,0.10444458400903299,0.10714701358723175
temporal,RCSE_V2_NO_GATHER,human_escalation_rate,0.7809473124002129,2000,0.7809733762908486,0.0019752921750494064,0.7772079001029231,0.7847621295345533
temporal,RCSE_V2_NO_GATHER,gather_rate,0.0,2000,0.0,0.0,0.0,0.0
temporal,RCSE_V2_NO_GATHER,abstention_rate,0.0,2000,0.0,0.0,0.0,0.0
temporal,V2_GATE_MULTICLASS_EXECUTE,autonomous_execution_coverage,0.0,2000,0.0,0.0,0.0,0.0
temporal,V2_GATE_MULTICLASS_EXECUTE,unsafe_execution_rate,,0,,,,
temporal,V2_GATE_MULTICLASS_EXECUTE,raw_exposure_weighted_unsafe_rate,,0,,,,
temporal,V2_GATE_MULTICLASS_EXECUTE,consequence_weighted_unsafe_rate,,0,,,,
temporal,V2_GATE_MULTICLASS_EXECUTE,mean_realized_normalized_loss_09b2n,0.09855880787653008,2000,0.09855786787755474,5.633312962609559e-05,0.09844443117895887,0.09866353778892309
temporal,V2_GATE_MULTICLASS_EXECUTE,mean_end_to_end_realized_loss_diagnostic,0.09896238789502547,2000,0.0989592487257366,0.00010400544779891614,0.09876693746093566,0.09916461611076947
temporal,V2_GATE_MULTICLASS_EXECUTE,human_escalation_rate,0.9819850984566258,2000,0.9819733484694343,0.0007041641203261968,0.9805553897369856,0.9832942223615385
temporal,V2_GATE_MULTICLASS_EXECUTE,gather_rate,0.018014901543374134,2000,0.018026651530565714,0.0007041641203261978,0.016705777638461525,0.019444610263014334
temporal,V2_GATE_MULTICLASS_EXECUTE,abstention_rate,0.0,2000,0.0,0.0,0.0,0.0
temporal,V2_SAFETY_NO_GATE,autonomous_execution_coverage,0.7575572112825971,2000,0.7575869921892197,0.002594501189612256,0.7523484478867913,0.7624266185775312
temporal,V2_SAFETY_NO_GATE,unsafe_execution_rate,0.7539428852435983,2000,0.7539516353537086,0.002275034548976357,0.7493473183355535,0.7583856376858602
temporal,V2_SAFETY_NO_GATE,raw_exposure_weighted_unsafe_rate,0.7767978927317223,2000,0.7755603233070422,0.018814913859903564,0.7448234970629038,0.8145237445496893
temporal,V2_SAFETY_NO_GATE,consequence_weighted_unsafe_rate,0.7538883469545095,2000,0.7538899541177968,0.002354175132612479,0.7491842638804598,0.7583952799455952
temporal,V2_SAFETY_NO_GATE,mean_realized_normalized_loss_09b2n,0.43842174619302077,2000,0.43845255789771737,0.0020310333923811014,0.4344198746027718,0.4423508042633121
temporal,V2_SAFETY_NO_GATE,mean_end_to_end_realized_loss_diagnostic,0.4388253262115162,2000,0.4388539387458992,0.0020321743494581147,0.4347790011368145,0.44276196770671455
temporal,V2_SAFETY_NO_GATE,human_escalation_rate,0.22442788717402873,2000,0.22438635628021456,0.00254549757215301,0.21948365379480597,0.2293554379190357
temporal,V2_SAFETY_NO_GATE,gather_rate,0.018014901543374134,2000,0.018026651530565714,0.0007041641203261978,0.016705777638461525,0.019444610263014334
temporal,V2_SAFETY_NO_GATE,abstention_rate,0.0,2000,0.0,0.0,0.0,0.0
temporal,VOI_BLIND_V1,autonomous_execution_coverage,0.0,2000,0.0,0.0,0.0,0.0
temporal,VOI_BLIND_V1,unsafe_execution_rate,,0,,,,
temporal,VOI_BLIND_V1,raw_exposure_weighted_unsafe_rate,,0,,,,
temporal,VOI_BLIND_V1,consequence_weighted_unsafe_rate,,0,,,,
temporal,VOI_BLIND_V1,mean_realized_normalized_loss_09b2n,0.0985524215007983,2000,0.0985513923981138,5.648793376445296e-05,0.09843851178560936,0.09865644326039937
temporal,VOI_BLIND_V1,mean_end_to_end_realized_loss_diagnostic,0.0989639844889584,2000,0.09896086759559686,0.00010399423150418874,0.0987696024732643,0.09916664083543668
temporal,VOI_BLIND_V1,human_escalation_rate,0.9819052687599787,2000,0.9818924049764224,0.0007060991720556589,0.9804813973201169,0.983205540754992
temporal,VOI_BLIND_V1,gather_rate,0.018094731240021287,2000,0.018107595023577592,0.0007060991720556607,0.01679445924500805,0.019518602679883135
temporal,VOI_BLIND_V1,abstention_rate,0.0,2000,0.0,0.0,0.0,0.0
