evaluation_regime,intervention_type,intervention_strength,episodes,execute_count,execution_coverage,unsafe_execute_count,unsafe_execution_rate,raw_exposure_weighted_unsafe_rate,consequence_weighted_unsafe_rate
grouped_iid,INVOICE_VALUE_CONTRADICTION,0.05,2210,165,0.0746606334841629,165,1.0,1.0,1.0
grouped_iid,INVOICE_VALUE_CONTRADICTION,0.1,2256,0,0.0,0,,,
grouped_iid,INVOICE_VALUE_CONTRADICTION,0.25,2242,0,0.0,0,,,
grouped_iid,INVOICE_VALUE_CONTRADICTION,0.5,2271,0,0.0,0,,,
grouped_iid,MISSING_GR,1.0,2239,0,0.0,0,,,
grouped_iid,MISSING_INVOICE_VALUE,1.0,2204,0,0.0,0,,,
grouped_iid,MISSING_PO_VALUE,1.0,2212,0,0.0,0,,,
grouped_iid,MULTI_FIELD_MISSING,1.0,2224,0,0.0,0,,,
grouped_iid,NONE,,10106,5401,0.534434989115377,102,0.01888539159414923,0.045464690193991276,0.021756266731879508
grouped_iid,PO_VALUE_CONTRADICTION,0.05,2253,810,0.3595206391478029,810,1.0,1.0,1.0
grouped_iid,PO_VALUE_CONTRADICTION,0.1,2266,0,0.0,0,,,
grouped_iid,PO_VALUE_CONTRADICTION,0.25,2168,0,0.0,0,,,
grouped_iid,PO_VALUE_CONTRADICTION,0.5,2268,0,0.0,0,,,
ood_exposure,INVOICE_VALUE_CONTRADICTION,0.05,144,0,0.0,0,,,
ood_exposure,INVOICE_VALUE_CONTRADICTION,0.1,148,0,0.0,0,,,
ood_exposure,INVOICE_VALUE_CONTRADICTION,0.25,157,0,0.0,0,,,
ood_exposure,INVOICE_VALUE_CONTRADICTION,0.5,132,0,0.0,0,,,
ood_exposure,MISSING_GR,1.0,181,0,0.0,0,,,
ood_exposure,MISSING_INVOICE_VALUE,1.0,171,0,0.0,0,,,
ood_exposure,MISSING_PO_VALUE,1.0,144,0,0.0,0,,,
ood_exposure,MULTI_FIELD_MISSING,1.0,168,0,0.0,0,,,
ood_exposure,NONE,,677,21,0.0310192023633678,3,0.14285714285714285,0.2189791487320273,0.14866864098022028
ood_exposure,PO_VALUE_CONTRADICTION,0.05,169,2,0.011834319526627219,2,1.0,1.0,1.0
ood_exposure,PO_VALUE_CONTRADICTION,0.1,138,0,0.0,0,,,
ood_exposure,PO_VALUE_CONTRADICTION,0.25,159,0,0.0,0,,,
ood_exposure,PO_VALUE_CONTRADICTION,0.5,148,0,0.0,0,,,
temporal,INVOICE_VALUE_CONTRADICTION,0.05,2384,242,0.10151006711409397,242,1.0,1.0,1.0
temporal,INVOICE_VALUE_CONTRADICTION,0.1,2300,0,0.0,0,,,
temporal,INVOICE_VALUE_CONTRADICTION,0.25,2271,0,0.0,0,,,
temporal,INVOICE_VALUE_CONTRADICTION,0.5,2353,0,0.0,0,,,
temporal,MISSING_GR,1.0,2306,0,0.0,0,,,
temporal,MISSING_INVOICE_VALUE,1.0,2326,0,0.0,0,,,
temporal,MISSING_PO_VALUE,1.0,2378,0,0.0,0,,,
temporal,MULTI_FIELD_MISSING,1.0,2323,0,0.0,0,,,
temporal,NONE,,9442,6882,0.7288710019063758,67,0.00973554199360651,0.017667252103771718,0.010825406180012728
temporal,PO_VALUE_CONTRADICTION,0.05,2422,1108,0.45747316267547483,1108,1.0,1.0,1.0
temporal,PO_VALUE_CONTRADICTION,0.1,2363,0,0.0,0,,,
temporal,PO_VALUE_CONTRADICTION,0.25,2376,0,0.0,0,,,
temporal,PO_VALUE_CONTRADICTION,0.5,2336,0,0.0,0,,,
