variable,count,mean,std,min,1%,5%,25%,50%,75%,90%,95%,99%,max
events_total_case,210692.0,6.398477398287548,9.4657566929328,3.0,4.0,5.0,5.0,6.0,6.0,7.0,9.0,15.0,990.0
events_available_at_t0,210692.0,4.861712832001215,7.151357447882302,2.0,3.0,3.0,4.0,4.0,5.0,6.0,6.0,12.0,457.0
events_future_after_t0,210692.0,1.5367645662863327,5.991016551256913,0.0,0.0,0.0,1.0,1.0,2.0,3.0,3.0,7.0,941.0
po_value_initial_eur,210692.0,3976.1368965124448,40388.25335674749,0.0,15.0,42.0,188.0,572.0,2161.0,7101.0,15109.499999999825,49205.53999999998,8833459.0
invoice_value_t0_eur,210692.0,4102.560329770471,41283.205437075434,0.0,16.0,42.0,191.0,580.0,2218.0,7270.899999999994,15536.449999999983,49508.0,8833459.0
latest_gr_value_before_t0_eur,194010.0,4634.257316633163,46607.40001367665,0.0,15.0,42.0,191.0,579.0,2176.0,7101.0,15242.0,54732.0,8833459.0
inv_po_abs_rel_diff,210636.0,0.1645500871448572,3.552317815607876,0.0,0.0,0.0,0.0,0.0,0.0,0.0,0.0,0.0,230.47058823529412
inv_gr_abs_rel_diff,193957.0,0.04938060537777617,1.450552917130801,0.0,0.0,0.0,0.0,0.0,0.0,0.0,0.0,0.0,142.8
n_goods_receipts_before_t0,210692.0,1.130512786437074,3.475910657356461,0.0,0.0,0.0,1.0,1.0,1.0,1.0,1.0,3.0,225.0
n_cancel_gr_before_t0,210692.0,0.00459438421961916,0.10478924230118117,0.0,0.0,0.0,0.0,0.0,0.0,0.0,0.0,0.0,11.0
n_invoice_receipts_at_t0_history,210692.0,1.0,0.0,1.0,1.0,1.0,1.0,1.0,1.0,1.0,1.0,1.0,1.0
n_cancel_invoice_before_t0,210692.0,0.00013289541131129802,0.012323292160141937,0.0,0.0,0.0,0.0,0.0,0.0,0.0,0.0,0.0,2.0
n_price_change_before_t0,210692.0,0.03999677254001101,0.22086667788542036,0.0,0.0,0.0,0.0,0.0,0.0,0.0,0.0,1.0,16.0
n_quantity_change_before_t0,210692.0,0.08071023104816509,0.34785676124030324,0.0,0.0,0.0,0.0,0.0,0.0,0.0,1.0,1.0,24.0
n_set_payment_block_before_t0,210692.0,0.0,0.0,0.0,0.0,0.0,0.0,0.0,0.0,0.0,0.0,0.0,0.0
n_remove_payment_block_before_t0,210692.0,4.746264689689215e-05,0.007546733988180133,0.0,0.0,0.0,0.0,0.0,0.0,0.0,0.0,0.0,2.0
n_service_entry_before_t0,210692.0,0.19487688189394947,3.7691812308101316,0.0,0.0,0.0,0.0,0.0,0.0,0.0,0.0,1.0,229.0
n_delete_po_before_t0,210692.0,0.0012435213486985742,0.035376170970833405,0.0,0.0,0.0,0.0,0.0,0.0,0.0,0.0,0.0,2.0
n_block_po_before_t0,210692.0,0.0007404172915915175,0.028562443539132842,0.0,0.0,0.0,0.0,0.0,0.0,0.0,0.0,0.0,2.0
n_reactivate_po_before_t0,210692.0,0.001969699846221024,0.04539554166898178,0.0,0.0,0.0,0.0,0.0,0.0,0.0,0.0,0.0,2.0
n_change_approval_before_t0,210692.0,0.013175630778577259,0.18263125370344874,0.0,0.0,0.0,0.0,0.0,0.0,0.0,0.0,0.0,10.0
n_release_po_before_t0,210692.0,0.003778026692992615,0.11393445855502554,0.0,0.0,0.0,0.0,0.0,0.0,0.0,0.0,0.0,5.0
po_to_invoice_days,210692.0,33.43066265304067,32.56741395691538,0.005555555555555556,1.9430555555555555,4.447118055555561,13.306944444444444,23.86076388888889,42.202777777777776,68.80347222222223,95.75555555555556,182.4361111111111,363.85833333333335
vendor_invoice_to_recorded_invoice_days,207163.0,20.624115772765084,156.47568906093082,0.05763888888888889,0.38263888888888886,0.5222222222222223,3.4506944444444443,9.595138888888888,27.506944444444443,45.50625,60.56305555555554,110.54444444444445,25567.656944444443
last_gr_to_invoice_days,194010.0,20.42959322328746,27.23063918877913,0.0,0.08333333333333333,0.7506944444444444,3.932638888888889,11.100694444444445,27.930555555555557,47.38270833333334,63.88996527777777,149.3136805555562,337.9451388888889
time_to_clear_days,182977.0,48.227113315850886,31.397269945595866,0.0,1.0875,7.261805555555555,22.14375,42.072916666666664,70.17083333333333,97.11319444444445,107.1625,120.11597222222223,341.93958333333336
time_to_first_future_gr_days,18258.0,4.704940604423024,12.051407212496606,0.0,0.011805555555555555,0.05625,0.6715277777777777,1.5822916666666667,4.1409722222222225,8.726249999999997,18.067673611111047,63.742618055555624,254.94375
first_future_gr_value_eur,18258.0,11164.857596669954,130651.40323992807,0.0,18.0,50.85000000000002,208.0,633.5,3367.0,14429.099999999995,32761.6499999998,110581.08000000028,8833459.0
latest_future_gr_value_eur,18258.0,11586.130299046994,143159.96232125687,0.0,18.0,50.85000000000002,208.0,633.0,3367.0,14436.999999999993,32761.6499999998,110581.08000000028,8833459.0
n_future_goods_receipts,210692.0,0.12103449585176466,1.49635635782661,0.0,0.0,0.0,0.0,0.0,0.0,0.0,1.0,1.0,253.0
first_cancel_invoice_value_eur,5619.0,21126.689268553124,230213.7501838805,0.0,12.0,35.900000000000034,212.0,959.0,4947.5,25579.99999999997,51961.0,196647.5599999993,8833459.0
first_additional_invoice_value_eur,9636.0,19037.10491905355,182325.6660407463,0.0,22.0,58.0,415.0,1902.0,7055.75,22226.5,42617.25,244219.0,8833459.0
first_subsequent_invoice_value_eur,159.0,15690.968553459119,96469.17062273441,37.0,70.74,102.8,496.5,2523.0,6522.0,28238.80000000006,42235.79999999998,60131.63999999985,1212435.0
post_gather_inv_first_gr_abs_rel_diff,18252.0,0.0034857954143027773,0.11016037234138694,0.0,0.0,0.0,0.0,0.0,0.0,0.0,0.0,0.0,10.0
post_gather_inv_latest_gr_abs_rel_diff,18252.0,0.003526841720142385,0.11029030037672066,0.0,0.0,0.0,0.0,0.0,0.0,0.0,0.0,0.0,10.0
transaction_exposure_eur,210692.0,3976.1368965124448,40388.25335674749,0.0,15.0,42.0,188.0,572.0,2161.0,7101.0,15109.499999999825,49205.53999999998,8833459.0
decision_year,210692.0,2018.0447904998766,0.20684417822126405,2018.0,2018.0,2018.0,2018.0,2018.0,2018.0,2018.0,2018.0,2019.0,2019.0
