regime,subset,policy,scope,episodes,executed,unsafe_executed,coverage,uer,loss,escalation,gather,abstention,exposure_weighted_uer
grouped_iid,full_benchmark,ARGMAX_V1,retrospective GATHER,36919,0,0,0.0,,0.1384996986141731,0.8103957311953195,0.08952030119992416,0.10008396760475635,
grouped_iid,full_benchmark,CONFIDENCE_THRESHOLD_V1,t0 only,36919,0,0,0.0,,0.10000000000000002,1.0,0.0,0.0,
grouped_iid,full_benchmark,VOI_BLIND_V1,retrospective GATHER,36919,0,0,0.0,,0.09754300964643291,0.9559576369890842,0.04404236301091579,0.0,
grouped_iid,full_benchmark,RCSE_V1_FULL,retrospective GATHER,36919,0,0,0.0,,0.0974823362804154,0.9589913052899591,0.0410086947100409,0.0,
grouped_iid,full_benchmark,V2_SAFETY_NO_GATE,retrospective GATHER,36919,21692,16351,0.58755654270159,0.7537801954637654,0.34853997971518785,0.3714347625883691,0.0410086947100409,0.0,0.7645379543824574
grouped_iid,full_benchmark,V2_GATE_MULTICLASS_EXECUTE,retrospective GATHER,36919,0,0,0.0,,0.0974823362804154,0.9589913052899591,0.0410086947100409,0.0,
grouped_iid,full_benchmark,RCSE_V2_NO_GATHER,t0 only,36919,6376,1077,0.172702402556949,0.1689146800501882,0.10346493085977948,0.827297597443051,0.0,0.0,0.20063101011965698
grouped_iid,full_benchmark,RCSE_V2_FULL,retrospective GATHER,36919,6376,1077,0.172702402556949,0.1689146800501882,0.10094726714019486,0.7862889027330101,0.0410086947100409,0.0,0.20063101011965698
grouped_iid,full_benchmark,ALWAYS_ESCALATE,t0 only,36919,0,0,0.0,,0.10000000000000002,1.0,0.0,0.0,
grouped_iid,natural_only,ARGMAX_V1,retrospective GATHER,10106,0,0,0.0,,0.09404812716570908,0.7486641599050069,0.24826835543241638,0.003067484662576687,
grouped_iid,natural_only,CONFIDENCE_THRESHOLD_V1,t0 only,10106,0,0,0.0,,0.10000000000000002,1.0,0.0,0.0,
grouped_iid,natural_only,VOI_BLIND_V1,retrospective GATHER,10106,0,0,0.0,,0.09102418099511735,0.8391054818919453,0.1608945181080546,0.0,
grouped_iid,natural_only,RCSE_V1_FULL,retrospective GATHER,10106,0,0,0.0,,0.09080253049046665,0.8501880071244805,0.1498119928755195,0.0,
grouped_iid,natural_only,V2_SAFETY_NO_GATE,retrospective GATHER,10106,5444,103,0.5386898871957253,0.018919911829537107,0.045196062280344514,0.3114981199287552,0.1498119928755195,0.0,0.04508146236586798
grouped_iid,natural_only,V2_GATE_MULTICLASS_EXECUTE,retrospective GATHER,10106,0,0,0.0,,0.09080253049046665,0.8501880071244805,0.1498119928755195,0.0,
grouped_iid,natural_only,RCSE_V2_NO_GATHER,t0 only,10106,5401,102,0.534434989115377,0.01888539159414923,0.05473579538825172,0.465565010884623,0.0,0.0,0.045464690193991276
grouped_iid,natural_only,RCSE_V2_FULL,retrospective GATHER,10106,5401,102,0.534434989115377,0.01888539159414923,0.04553832587871835,0.3157530180091035,0.1498119928755195,0.0,0.045464690193991276
grouped_iid,natural_only,ALWAYS_ESCALATE,t0 only,10106,0,0,0.0,,0.10000000000000002,1.0,0.0,0.0,
temporal,full_benchmark,ARGMAX_V1,retrospective GATHER,37580,0,0,0.0,,0.1415893171126944,0.8335816923895689,0.06208089409260245,0.10433741351782863,
temporal,full_benchmark,CONFIDENCE_THRESHOLD_V1,t0 only,37580,0,0,0.0,,0.1,1.0,0.0,0.0,
temporal,full_benchmark,VOI_BLIND_V1,retrospective GATHER,37580,0,0,0.0,,0.0989639844889584,0.9819052687599787,0.018094731240021287,0.0,
temporal,full_benchmark,RCSE_V1_FULL,retrospective GATHER,37580,0,0,0.0,,0.09896238789502547,0.9819850984566258,0.018014901543374134,0.0,
temporal,full_benchmark,V2_SAFETY_NO_GATE,retrospective GATHER,37580,28469,21464,0.7575572112825971,0.7539428852435983,0.4388253262115162,0.22442788717402873,0.018014901543374134,0.0,0.7767978927317223
temporal,full_benchmark,V2_GATE_MULTICLASS_EXECUTE,retrospective GATHER,37580,0,0,0.0,,0.09896238789502547,0.9819850984566258,0.018014901543374134,0.0,
temporal,full_benchmark,RCSE_V2_NO_GATHER,t0 only,37580,8232,1417,0.21905268759978713,0.17213313896987367,0.10577709757976429,0.7809473124002129,0.0,0.0,0.17436722556141934
temporal,full_benchmark,RCSE_V2_FULL,retrospective GATHER,37580,8232,1417,0.21905268759978713,0.17213313896987367,0.10473948547478974,0.7629324108568387,0.018014901543374134,0.0,0.17436722556141934
temporal,full_benchmark,ALWAYS_ESCALATE,t0 only,37580,0,0,0.0,,0.1,1.0,0.0,0.0,
temporal,natural_only,ARGMAX_V1,retrospective GATHER,9442,0,0,0.0,,0.09939488848708498,0.8286380004236391,0.16744333827578903,0.003918661300571912,
temporal,natural_only,CONFIDENCE_THRESHOLD_V1,t0 only,9442,0,0,0.0,,0.10000000000000002,1.0,0.0,0.0,
temporal,natural_only,VOI_BLIND_V1,retrospective GATHER,9442,0,0,0.0,,0.09587656609776067,0.9279813598813811,0.07201864011861894,0.0,
temporal,natural_only,RCSE_V1_FULL,retrospective GATHER,9442,0,0,0.0,,0.09587021151186786,0.928299089176022,0.07170091082397798,0.0,
temporal,natural_only,V2_SAFETY_NO_GATE,retrospective GATHER,9442,7072,67,0.748993857233637,0.009473981900452488,0.0267292512466646,0.1793052319423851,0.07170091082397798,0.0,0.01719799770047629
temporal,natural_only,V2_GATE_MULTICLASS_EXECUTE,retrospective GATHER,9442,0,0,0.0,,0.09587021151186786,0.928299089176022,0.07170091082397798,0.0,
temporal,natural_only,RCSE_V2_NO_GATHER,t0 only,9442,6882,67,0.7288710019063758,0.00973554199360651,0.032871325267522865,0.27112899809362423,0.0,0.0,0.017667252103771718
temporal,natural_only,RCSE_V2_FULL,retrospective GATHER,9442,6882,67,0.7288710019063758,0.00973554199360651,0.02874153677939072,0.19942808726964625,0.07170091082397798,0.0,0.017667252103771718
temporal,natural_only,ALWAYS_ESCALATE,t0 only,9442,0,0,0.0,,0.10000000000000002,1.0,0.0,0.0,
ood_exposure,full_benchmark,ARGMAX_V1,retrospective GATHER,2536,88,83,0.03470031545741325,0.9431818181818182,0.17189320039634498,0.7042586750788643,0.20623028391167192,0.05481072555205047,0.9761565350847792
ood_exposure,full_benchmark,CONFIDENCE_THRESHOLD_V1,t0 only,2536,58,56,0.022870662460567823,0.9655172413793104,0.12884014987536554,0.9771293375394322,0.0,0.0,0.9864259059133497
ood_exposure,full_benchmark,VOI_BLIND_V1,retrospective GATHER,2536,7,7,0.0027602523659305996,1.0,0.10853590828642563,0.9680599369085173,0.02917981072555205,0.0,1.0
ood_exposure,full_benchmark,RCSE_V1_FULL,retrospective GATHER,2536,5,5,0.001971608832807571,1.0,0.10734624572386305,0.9739747634069401,0.024053627760252366,0.0,1.0
ood_exposure,full_benchmark,V2_SAFETY_NO_GATE,retrospective GATHER,2536,144,125,0.056782334384858045,0.8680555555555556,0.16255192290730577,0.9191640378548895,0.024053627760252366,0.0,0.9299207614242957
ood_exposure,full_benchmark,V2_GATE_MULTICLASS_EXECUTE,retrospective GATHER,2536,0,0,0.0,,0.10422675459278838,0.9759463722397477,0.024053627760252366,0.0,
ood_exposure,full_benchmark,RCSE_V2_NO_GATHER,t0 only,2536,23,5,0.009069400630914827,0.21739130434782608,0.10169223152192895,0.9909305993690851,0.0,0.0,0.2962075994110268
ood_exposure,full_benchmark,RCSE_V2_FULL,retrospective GATHER,2536,23,5,0.009069400630914827,0.21739130434782608,0.10591898611471731,0.9668769716088328,0.024053627760252366,0.0,0.2962075994110268
ood_exposure,full_benchmark,ALWAYS_ESCALATE,t0 only,2536,0,0,0.0,,0.09999999999999999,1.0,0.0,0.0,
ood_exposure,natural_only,ARGMAX_V1,retrospective GATHER,677,12,7,0.01772525849335303,0.5833333333333334,0.13242817564979295,0.6853766617429837,0.2968980797636632,0.0,0.6219504218719341
ood_exposure,natural_only,CONFIDENCE_THRESHOLD_V1,t0 only,677,8,6,0.011816838995568686,0.75,0.1110644350145249,0.9881831610044313,0.0,0.0,0.7642327120663194
ood_exposure,natural_only,VOI_BLIND_V1,retrospective GATHER,677,0,0,0.0,,0.11621720775082912,0.8906942392909897,0.10930576070901034,0.0,
ood_exposure,natural_only,RCSE_V1_FULL,retrospective GATHER,677,0,0,0.0,,0.11583316048347313,0.9098966026587888,0.09010339734121123,0.0,
ood_exposure,natural_only,V2_SAFETY_NO_GATE,retrospective GATHER,677,22,3,0.03249630723781388,0.13636363636363635,0.11847978045888348,0.8774002954209749,0.09010339734121123,0.0,0.1972968170530433
ood_exposure,natural_only,V2_GATE_MULTICLASS_EXECUTE,retrospective GATHER,677,0,0,0.0,,0.11583316048347313,0.9098966026587888,0.09010339734121123,0.0,
ood_exposure,natural_only,RCSE_V2_NO_GATHER,t0 only,677,21,3,0.0310192023633678,0.14285714285714285,0.10279433046285494,0.9689807976366323,0.0,0.0,0.2189791487320273
ood_exposure,natural_only,RCSE_V2_FULL,retrospective GATHER,677,21,3,0.0310192023633678,0.14285714285714285,0.11862749094632809,0.8788774002954209,0.09010339734121123,0.0,0.2189791487320273
ood_exposure,natural_only,ALWAYS_ESCALATE,t0 only,677,0,0,0.0,,0.09999999999999998,1.0,0.0,0.0,
