regime,population,policy,threshold,risk_cap,cases,executed,unsafe,coverage,uer,unsafe_fraction,resolved_mean_loss,ambiguous_executed,calibration_selected,calibration_unsafe,certified_threshold,guarantee_scope,calibration_corrected_loss,beta0
grouped_iid,natural_resolved,LTT_ACTION_RAW,inf,0.01,20604,0,0,0.0,,0.0,0.10000000000000003,0,0.0,0.0,False,IID natural cases under exchangeability only,,
grouped_iid,full_benchmark_resolved,LTT_ACTION_RAW,inf,0.01,35861,0,0,0.0,,0.0,0.1,0,0.0,0.0,False,IID natural cases under exchangeability only,,
grouped_iid,natural_resolved,LTT_ACTION_RAW,inf,0.05,20604,0,0,0.0,,0.0,0.10000000000000003,0,0.0,0.0,False,IID natural cases under exchangeability only,,
grouped_iid,full_benchmark_resolved,LTT_ACTION_RAW,inf,0.05,35861,0,0,0.0,,0.0,0.1,0,0.0,0.0,False,IID natural cases under exchangeability only,,
grouped_iid,natural_resolved,LTT_ACTION_RAW,0.05,0.1,20604,18063,754,0.8766744321490972,0.04174278912694458,0.036594835954183655,0.04252753455135422,0,9022.0,401.0,True,IID natural cases under exchangeability only,,
grouped_iid,full_benchmark_resolved,LTT_ACTION_RAW,0.05,0.1,35861,28866,22635,0.8049413011349377,0.7841405113282062,0.6311870834611416,0.4822228203771882,1058,9022.0,401.0,True,IID natural cases under exchangeability only,,
grouped_iid,natural_resolved,LTT_ACTION_RAW,0.05,0.12,20604,18063,754,0.8766744321490972,0.04174278912694458,0.036594835954183655,0.04252753455135422,0,9022.0,401.0,True,IID natural cases under exchangeability only,,
grouped_iid,full_benchmark_resolved,LTT_ACTION_RAW,0.05,0.12,35861,28866,22635,0.8049413011349377,0.7841405113282062,0.6311870834611416,0.4822228203771882,1058,9022.0,401.0,True,IID natural cases under exchangeability only,,
grouped_iid,natural_resolved,LTT_ACTION_RAW,0.05,0.14,20604,18063,754,0.8766744321490972,0.04174278912694458,0.036594835954183655,0.04252753455135422,0,9022.0,401.0,True,IID natural cases under exchangeability only,,
grouped_iid,full_benchmark_resolved,LTT_ACTION_RAW,0.05,0.14,35861,28866,22635,0.8049413011349377,0.7841405113282062,0.6311870834611416,0.4822228203771882,1058,9022.0,401.0,True,IID natural cases under exchangeability only,,
grouped_iid,natural_resolved,LTT_ACTION_RAW,0.05,0.16,20604,18063,754,0.8766744321490972,0.04174278912694458,0.036594835954183655,0.04252753455135422,0,9022.0,401.0,True,IID natural cases under exchangeability only,,
grouped_iid,full_benchmark_resolved,LTT_ACTION_RAW,0.05,0.16,35861,28866,22635,0.8049413011349377,0.7841405113282062,0.6311870834611416,0.4822228203771882,1058,9022.0,401.0,True,IID natural cases under exchangeability only,,
grouped_iid,natural_resolved,LTT_ACTION_RAW,0.0,0.18,20604,20604,3294,1.0,0.15987186953989516,0.15987186953989516,0.12074518529923264,0,10290.0,1667.0,True,IID natural cases under exchangeability only,,
grouped_iid,full_benchmark_resolved,LTT_ACTION_RAW,0.0,0.18,35861,35861,29630,1.0,0.8262457823262039,0.8262457823262039,0.6059353156403557,1058,10290.0,1667.0,True,IID natural cases under exchangeability only,,
grouped_iid,natural_resolved,LTT_ACTION_RAW,0.0,0.2,20604,20604,3294,1.0,0.15987186953989516,0.15987186953989516,0.12074518529923264,0,10290.0,1667.0,True,IID natural cases under exchangeability only,,
grouped_iid,full_benchmark_resolved,LTT_ACTION_RAW,0.0,0.2,35861,35861,29630,1.0,0.8262457823262039,0.8262457823262039,0.6059353156403557,1058,10290.0,1667.0,True,IID natural cases under exchangeability only,,
grouped_iid,natural_resolved,LTT_SAFETY_RAW,inf,0.01,20604,0,0,0.0,,0.0,0.10000000000000003,0,0.0,0.0,False,IID natural cases under exchangeability only,,
grouped_iid,full_benchmark_resolved,LTT_SAFETY_RAW,inf,0.01,35861,0,0,0.0,,0.0,0.1,0,0.0,0.0,False,IID natural cases under exchangeability only,,
grouped_iid,natural_resolved,LTT_SAFETY_RAW,0.55,0.05,20604,17983,710,0.8727916909337993,0.03948173274759495,0.03445932828576975,0.040677410714268745,0,8986.0,387.0,True,IID natural cases under exchangeability only,,
grouped_iid,full_benchmark_resolved,LTT_SAFETY_RAW,0.55,0.05,35861,28704,22487,0.8004238587880985,0.783409977703456,0.6270600373664984,0.47845350131248765,1049,8986.0,387.0,True,IID natural cases under exchangeability only,,
grouped_iid,natural_resolved,LTT_SAFETY_RAW,0.05,0.1,20604,18047,744,0.8758978839060376,0.04122568848007979,0.0361094933022714,0.041960318604813314,0,9016.0,399.0,True,IID natural cases under exchangeability only,,
grouped_iid,full_benchmark_resolved,LTT_SAFETY_RAW,0.05,0.1,35861,28828,22601,0.8038816541646915,0.7839947273484112,0.6302389782772371,0.481203998826822,1057,9016.0,399.0,True,IID natural cases under exchangeability only,,
grouped_iid,natural_resolved,LTT_SAFETY_RAW,0.05,0.12,20604,18047,744,0.8758978839060376,0.04122568848007979,0.0361094933022714,0.041960318604813314,0,9016.0,399.0,True,IID natural cases under exchangeability only,,
grouped_iid,full_benchmark_resolved,LTT_SAFETY_RAW,0.05,0.12,35861,28828,22601,0.8038816541646915,0.7839947273484112,0.6302389782772371,0.481203998826822,1057,9016.0,399.0,True,IID natural cases under exchangeability only,,
grouped_iid,natural_resolved,LTT_SAFETY_RAW,0.05,0.14,20604,18047,744,0.8758978839060376,0.04122568848007979,0.0361094933022714,0.041960318604813314,0,9016.0,399.0,True,IID natural cases under exchangeability only,,
grouped_iid,full_benchmark_resolved,LTT_SAFETY_RAW,0.05,0.14,35861,28828,22601,0.8038816541646915,0.7839947273484112,0.6302389782772371,0.481203998826822,1057,9016.0,399.0,True,IID natural cases under exchangeability only,,
grouped_iid,natural_resolved,LTT_SAFETY_RAW,0.05,0.16,20604,18047,744,0.8758978839060376,0.04122568848007979,0.0361094933022714,0.041960318604813314,0,9016.0,399.0,True,IID natural cases under exchangeability only,,
grouped_iid,full_benchmark_resolved,LTT_SAFETY_RAW,0.05,0.16,35861,28828,22601,0.8038816541646915,0.7839947273484112,0.6302389782772371,0.481203998826822,1057,9016.0,399.0,True,IID natural cases under exchangeability only,,
grouped_iid,natural_resolved,LTT_SAFETY_RAW,0.0,0.18,20604,20604,3294,1.0,0.15987186953989516,0.15987186953989516,0.12074518529923264,0,10290.0,1667.0,True,IID natural cases under exchangeability only,,
grouped_iid,full_benchmark_resolved,LTT_SAFETY_RAW,0.0,0.18,35861,35861,29630,1.0,0.8262457823262039,0.8262457823262039,0.6059353156403557,1058,10290.0,1667.0,True,IID natural cases under exchangeability only,,
grouped_iid,natural_resolved,LTT_SAFETY_RAW,0.0,0.2,20604,20604,3294,1.0,0.15987186953989516,0.15987186953989516,0.12074518529923264,0,10290.0,1667.0,True,IID natural cases under exchangeability only,,
grouped_iid,full_benchmark_resolved,LTT_SAFETY_RAW,0.0,0.2,35861,35861,29630,1.0,0.8262457823262039,0.8262457823262039,0.6059353156403557,1058,10290.0,1667.0,True,IID natural cases under exchangeability only,,
grouped_iid,natural_resolved,LTT_SAFETY_RAW_GATE,inf,0.01,20604,0,0,0.0,,0.0,0.10000000000000003,0,0.0,0.0,False,IID natural cases under exchangeability only,,
grouped_iid,full_benchmark_resolved,LTT_SAFETY_RAW_GATE,inf,0.01,35861,0,0,0.0,,0.0,0.1,0,0.0,0.0,False,IID natural cases under exchangeability only,,
grouped_iid,natural_resolved,LTT_SAFETY_RAW_GATE,0.55,0.05,20604,17734,693,0.8607066589011843,0.03907747829028984,0.03363424577751893,0.04125734458587532,0,8878.0,383.0,True,IID natural cases under exchangeability only,,
grouped_iid,full_benchmark_resolved,LTT_SAFETY_RAW_GATE,0.55,0.05,35861,7720,1580,0.21527564763949694,0.20466321243523317,0.04405900560497476,0.11127265434505094,1002,8878.0,383.0,True,IID natural cases under exchangeability only,,
grouped_iid,natural_resolved,LTT_SAFETY_RAW_GATE,0.0,0.1,20604,17813,737,0.864540865851291,0.04137427721327121,0.03576975344593283,0.043112321849479926,0,8915.0,396.0,True,IID natural cases under exchangeability only,,
grouped_iid,full_benchmark_resolved,LTT_SAFETY_RAW_GATE,0.0,0.1,35861,7757,1604,0.21630740916315774,0.2067809720252675,0.04472825632302501,0.11186645255770333,1006,8915.0,396.0,True,IID natural cases under exchangeability only,,
grouped_iid,natural_resolved,LTT_SAFETY_RAW_GATE,0.0,0.12,20604,17813,737,0.864540865851291,0.04137427721327121,0.03576975344593283,0.043112321849479926,0,8915.0,396.0,True,IID natural cases under exchangeability only,,
grouped_iid,full_benchmark_resolved,LTT_SAFETY_RAW_GATE,0.0,0.12,35861,7757,1604,0.21630740916315774,0.2067809720252675,0.04472825632302501,0.11186645255770333,1006,8915.0,396.0,True,IID natural cases under exchangeability only,,
grouped_iid,natural_resolved,LTT_SAFETY_RAW_GATE,0.0,0.14,20604,17813,737,0.864540865851291,0.04137427721327121,0.03576975344593283,0.043112321849479926,0,8915.0,396.0,True,IID natural cases under exchangeability only,,
grouped_iid,full_benchmark_resolved,LTT_SAFETY_RAW_GATE,0.0,0.14,35861,7757,1604,0.21630740916315774,0.2067809720252675,0.04472825632302501,0.11186645255770333,1006,8915.0,396.0,True,IID natural cases under exchangeability only,,
grouped_iid,natural_resolved,LTT_SAFETY_RAW_GATE,0.0,0.16,20604,17813,737,0.864540865851291,0.04137427721327121,0.03576975344593283,0.043112321849479926,0,8915.0,396.0,True,IID natural cases under exchangeability only,,
grouped_iid,full_benchmark_resolved,LTT_SAFETY_RAW_GATE,0.0,0.16,35861,7757,1604,0.21630740916315774,0.2067809720252675,0.04472825632302501,0.11186645255770333,1006,8915.0,396.0,True,IID natural cases under exchangeability only,,
grouped_iid,natural_resolved,LTT_SAFETY_RAW_GATE,0.0,0.18,20604,17813,737,0.864540865851291,0.04137427721327121,0.03576975344593283,0.043112321849479926,0,8915.0,396.0,True,IID natural cases under exchangeability only,,
grouped_iid,full_benchmark_resolved,LTT_SAFETY_RAW_GATE,0.0,0.18,35861,7757,1604,0.21630740916315774,0.2067809720252675,0.04472825632302501,0.11186645255770333,1006,8915.0,396.0,True,IID natural cases under exchangeability only,,
grouped_iid,natural_resolved,LTT_SAFETY_RAW_GATE,0.0,0.2,20604,17813,737,0.864540865851291,0.04137427721327121,0.03576975344593283,0.043112321849479926,0,8915.0,396.0,True,IID natural cases under exchangeability only,,
grouped_iid,full_benchmark_resolved,LTT_SAFETY_RAW_GATE,0.0,0.2,35861,7757,1604,0.21630740916315774,0.2067809720252675,0.04472825632302501,0.11186645255770333,1006,8915.0,396.0,True,IID natural cases under exchangeability only,,
grouped_iid,natural_resolved,CRC_UNSAFE_PER_CASE,0.97,0.01,20604,10336,166,0.5016501650165016,0.016060371517027865,0.008056688021743351,0.05611786565682214,0,,,,expected unsafe indicator per natural case under exchangeability; not conditional UER,0.00962005635992615,
grouped_iid,full_benchmark_resolved,CRC_UNSAFE_PER_CASE,0.97,0.01,35861,15598,12010,0.4349571958394914,0.7699705090396205,0.33490421349097904,0.29022467776257305,305,,,,expected unsafe indicator per natural case under exchangeability; not conditional UER,0.00962005635992615,
grouped_iid,natural_resolved,CRC_UNSAFE_PER_CASE,0.05,0.05,20604,18047,744,0.8758978839060376,0.04122568848007979,0.0361094933022714,0.041960318604813314,0,,,,expected unsafe indicator per natural case under exchangeability; not conditional UER,0.038868914585560195,
grouped_iid,full_benchmark_resolved,CRC_UNSAFE_PER_CASE,0.05,0.05,35861,28828,22601,0.8038816541646915,0.7839947273484112,0.6302389782772371,0.481203998826822,1057,,,,expected unsafe indicator per natural case under exchangeability; not conditional UER,0.038868914585560195,
grouped_iid,natural_resolved,CRC_UNSAFE_PER_CASE,0.05,0.1,20604,18047,744,0.8758978839060376,0.04122568848007979,0.0361094933022714,0.041960318604813314,0,,,,expected unsafe indicator per natural case under exchangeability; not conditional UER,0.038868914585560195,
grouped_iid,full_benchmark_resolved,CRC_UNSAFE_PER_CASE,0.05,0.1,35861,28828,22601,0.8038816541646915,0.7839947273484112,0.6302389782772371,0.481203998826822,1057,,,,expected unsafe indicator per natural case under exchangeability; not conditional UER,0.038868914585560195,
grouped_iid,natural_resolved,RCSE_CALIBRATION_SELECTED_NO_GATHER,inf,0.01,20604,0,0,0.0,,0.0,0.10000000000000003,0,0.0,0.0,,empirical calibration selection; clustered synthetic episodes; no finite sample guarantee,,0.0
grouped_iid,full_benchmark_resolved,RCSE_CALIBRATION_SELECTED_NO_GATHER,inf,0.01,35861,0,0,0.0,,0.0,0.1,0,0.0,0.0,,empirical calibration selection; clustered synthetic episodes; no finite sample guarantee,,0.0
grouped_iid,natural_resolved,RCSE_CALIBRATION_SELECTED_NO_GATHER,inf,0.05,20604,0,0,0.0,,0.0,0.10000000000000003,0,0.0,0.0,,empirical calibration selection; clustered synthetic episodes; no finite sample guarantee,,0.0
grouped_iid,full_benchmark_resolved,RCSE_CALIBRATION_SELECTED_NO_GATHER,inf,0.05,35861,0,0,0.0,,0.0,0.1,0,0.0,0.0,,empirical calibration selection; clustered synthetic episodes; no finite sample guarantee,,0.0
grouped_iid,natural_resolved,RCSE_CALIBRATION_SELECTED_NO_GATHER,inf,0.1,20604,0,0,0.0,,0.0,0.10000000000000003,0,0.0,0.0,,empirical calibration selection; clustered synthetic episodes; no finite sample guarantee,,0.0
grouped_iid,full_benchmark_resolved,RCSE_CALIBRATION_SELECTED_NO_GATHER,inf,0.1,35861,0,0,0.0,,0.0,0.1,0,0.0,0.0,,empirical calibration selection; clustered synthetic episodes; no finite sample guarantee,,0.0
grouped_iid,natural_resolved,RCSE_CALIBRATION_SELECTED_NO_GATHER,inf,0.12,20604,0,0,0.0,,0.0,0.10000000000000003,0,0.0,0.0,,empirical calibration selection; clustered synthetic episodes; no finite sample guarantee,,0.0
grouped_iid,full_benchmark_resolved,RCSE_CALIBRATION_SELECTED_NO_GATHER,inf,0.12,35861,0,0,0.0,,0.0,0.1,0,0.0,0.0,,empirical calibration selection; clustered synthetic episodes; no finite sample guarantee,,0.0
grouped_iid,natural_resolved,RCSE_CALIBRATION_SELECTED_NO_GATHER,inf,0.14,20604,0,0,0.0,,0.0,0.10000000000000003,0,0.0,0.0,,empirical calibration selection; clustered synthetic episodes; no finite sample guarantee,,0.0
grouped_iid,full_benchmark_resolved,RCSE_CALIBRATION_SELECTED_NO_GATHER,inf,0.14,35861,0,0,0.0,,0.0,0.1,0,0.0,0.0,,empirical calibration selection; clustered synthetic episodes; no finite sample guarantee,,0.0
grouped_iid,natural_resolved,RCSE_CALIBRATION_SELECTED_NO_GATHER,inf,0.16,20604,0,0,0.0,,0.0,0.10000000000000003,0,0.0,0.0,,empirical calibration selection; clustered synthetic episodes; no finite sample guarantee,,0.0
grouped_iid,full_benchmark_resolved,RCSE_CALIBRATION_SELECTED_NO_GATHER,inf,0.16,35861,0,0,0.0,,0.0,0.1,0,0.0,0.0,,empirical calibration selection; clustered synthetic episodes; no finite sample guarantee,,0.0
grouped_iid,natural_resolved,RCSE_CALIBRATION_SELECTED_NO_GATHER,0.97,0.18,20604,12698,217,0.6162880993981751,0.017089305402425578,0.010531935546495825,0.04694389003126698,0,2765.0,490.0,,empirical calibration selection; clustered synthetic episodes; no finite sample guarantee,,0.05
grouped_iid,full_benchmark_resolved,RCSE_CALIBRATION_SELECTED_NO_GATHER,0.97,0.18,35861,5423,978,0.15122277683277097,0.1803429835884197,0.02727196676054767,0.10423922696698859,362,2765.0,490.0,,empirical calibration selection; clustered synthetic episodes; no finite sample guarantee,,0.05
grouped_iid,natural_resolved,RCSE_CALIBRATION_SELECTED_NO_GATHER,0.9,0.2,20604,15705,395,0.7622306348281886,0.025151225724291626,0.019171034750533878,0.03916745904875515,0,3441.0,645.0,,empirical calibration selection; clustered synthetic episodes; no finite sample guarantee,,0.1
grouped_iid,full_benchmark_resolved,RCSE_CALIBRATION_SELECTED_NO_GATHER,0.9,0.2,35861,6793,1296,0.18942583865480606,0.19078463123803915,0.03613953877471348,0.10724429454661284,688,3441.0,645.0,,empirical calibration selection; clustered synthetic episodes; no finite sample guarantee,,0.1
grouped_iid,natural_resolved,GATE_ONLY,,,20604,17813,737,0.864540865851291,0.04137427721327121,0.03576975344593283,0.043112321849479926,0,,,,,,
grouped_iid,natural_resolved,SAFETY_ONLY_095,0.95,,20604,15404,358,0.74762182100563,0.023240716696961827,0.01737526693845855,0.03916773860726001,0,,,,,,
grouped_iid,natural_resolved,GATE_SAFETY_095,0.95,,20604,15276,355,0.7414094350611532,0.023239067818800734,0.017229664142884876,0.03966260544763494,0,,,,,,
grouped_iid,full_benchmark_resolved,GATE_ONLY,,,35861,7757,1604,0.21630740916315774,0.2067809720252675,0.04472825632302501,0.11186645255770333,1006,,,,,,
grouped_iid,full_benchmark_resolved,SAFETY_ONLY_095,0.95,,35861,23874,18483,0.6657371517804858,0.7741894948479517,0.5154067092384484,0.39888722685001,642,,,,,,
grouped_iid,full_benchmark_resolved,GATE_SAFETY_095,0.95,,35861,6594,1242,0.18387663478430608,0.18835304822565968,0.03463372465910042,0.10665444343288752,629,,,,,,
temporal,natural_resolved,LTT_ACTION_RAW,inf,0.01,9089,0,0,0.0,,0.0,0.10000000000000002,0,0.0,0.0,False,IID natural cases under exchangeability only,,
temporal,full_benchmark_resolved,LTT_ACTION_RAW,inf,0.01,32434,0,0,0.0,,0.0,0.10000000000000002,0,0.0,0.0,False,IID natural cases under exchangeability only,,
temporal,natural_resolved,LTT_ACTION_RAW,0.05,0.05,9089,7470,376,0.8218725932445814,0.05033467202141901,0.04136868742435912,0.04897804170413801,0,8797.0,240.0,True,IID natural cases under exchangeability only,,
temporal,full_benchmark_resolved,LTT_ACTION_RAW,0.05,0.05,32434,26178,23638,0.807115989393846,0.9029719611887844,0.7288031078497873,0.563396970943285,5144,8797.0,240.0,True,IID natural cases under exchangeability only,,
temporal,natural_resolved,LTT_ACTION_RAW,0.05,0.1,9089,7470,376,0.8218725932445814,0.05033467202141901,0.04136868742435912,0.04897804170413801,0,8797.0,240.0,True,IID natural cases under exchangeability only,,
temporal,full_benchmark_resolved,LTT_ACTION_RAW,0.05,0.1,32434,26178,23638,0.807115989393846,0.9029719611887844,0.7288031078497873,0.563396970943285,5144,8797.0,240.0,True,IID natural cases under exchangeability only,,
temporal,natural_resolved,LTT_ACTION_RAW,0.05,0.12,9089,7470,376,0.8218725932445814,0.05033467202141901,0.04136868742435912,0.04897804170413801,0,8797.0,240.0,True,IID natural cases under exchangeability only,,
temporal,full_benchmark_resolved,LTT_ACTION_RAW,0.05,0.12,32434,26178,23638,0.807115989393846,0.9029719611887844,0.7288031078497873,0.563396970943285,5144,8797.0,240.0,True,IID natural cases under exchangeability only,,
temporal,natural_resolved,LTT_ACTION_RAW,0.0,0.14,9089,9089,1993,1.0,0.21927604797007372,0.21927604797007372,0.16269066962264953,0,9837.0,1278.0,True,IID natural cases under exchangeability only,,
temporal,full_benchmark_resolved,LTT_ACTION_RAW,0.0,0.14,32434,32434,29894,1.0,0.9216871184559413,0.9216871184559413,0.6876098559755413,5146,9837.0,1278.0,True,IID natural cases under exchangeability only,,
temporal,natural_resolved,LTT_ACTION_RAW,0.0,0.16,9089,9089,1993,1.0,0.21927604797007372,0.21927604797007372,0.16269066962264953,0,9837.0,1278.0,True,IID natural cases under exchangeability only,,
temporal,full_benchmark_resolved,LTT_ACTION_RAW,0.0,0.16,32434,32434,29894,1.0,0.9216871184559413,0.9216871184559413,0.6876098559755413,5146,9837.0,1278.0,True,IID natural cases under exchangeability only,,
temporal,natural_resolved,LTT_ACTION_RAW,0.0,0.18,9089,9089,1993,1.0,0.21927604797007372,0.21927604797007372,0.16269066962264953,0,9837.0,1278.0,True,IID natural cases under exchangeability only,,
temporal,full_benchmark_resolved,LTT_ACTION_RAW,0.0,0.18,32434,32434,29894,1.0,0.9216871184559413,0.9216871184559413,0.6876098559755413,5146,9837.0,1278.0,True,IID natural cases under exchangeability only,,
temporal,natural_resolved,LTT_ACTION_RAW,0.0,0.2,9089,9089,1993,1.0,0.21927604797007372,0.21927604797007372,0.16269066962264953,0,9837.0,1278.0,True,IID natural cases under exchangeability only,,
temporal,full_benchmark_resolved,LTT_ACTION_RAW,0.0,0.2,32434,32434,29894,1.0,0.9216871184559413,0.9216871184559413,0.6876098559755413,5146,9837.0,1278.0,True,IID natural cases under exchangeability only,,
temporal,natural_resolved,LTT_SAFETY_RAW,inf,0.01,9089,0,0,0.0,,0.0,0.10000000000000002,0,0.0,0.0,False,IID natural cases under exchangeability only,,
temporal,full_benchmark_resolved,LTT_SAFETY_RAW,inf,0.01,32434,0,0,0.0,,0.0,0.10000000000000002,0,0.0,0.0,False,IID natural cases under exchangeability only,,
temporal,natural_resolved,LTT_SAFETY_RAW,0.05,0.05,9089,7461,372,0.8208823853009132,0.049859268194611985,0.04092859500495104,0.04855672297689939,0,8791.0,236.0,True,IID natural cases under exchangeability only,,
temporal,full_benchmark_resolved,LTT_SAFETY_RAW,0.05,0.05,32434,26165,23628,0.8067151754331874,0.9030384100898147,0.7284947894185114,0.5630596593778423,5142,8791.0,236.0,True,IID natural cases under exchangeability only,,
temporal,natural_resolved,LTT_SAFETY_RAW,0.05,0.1,9089,7461,372,0.8208823853009132,0.049859268194611985,0.04092859500495104,0.04855672297689939,0,8791.0,236.0,True,IID natural cases under exchangeability only,,
temporal,full_benchmark_resolved,LTT_SAFETY_RAW,0.05,0.1,32434,26165,23628,0.8067151754331874,0.9030384100898147,0.7284947894185114,0.5630596593778423,5142,8791.0,236.0,True,IID natural cases under exchangeability only,,
temporal,natural_resolved,LTT_SAFETY_RAW,0.05,0.12,9089,7461,372,0.8208823853009132,0.049859268194611985,0.04092859500495104,0.04855672297689939,0,8791.0,236.0,True,IID natural cases under exchangeability only,,
temporal,full_benchmark_resolved,LTT_SAFETY_RAW,0.05,0.12,32434,26165,23628,0.8067151754331874,0.9030384100898147,0.7284947894185114,0.5630596593778423,5142,8791.0,236.0,True,IID natural cases under exchangeability only,,
temporal,natural_resolved,LTT_SAFETY_RAW,0.0,0.14,9089,9089,1993,1.0,0.21927604797007372,0.21927604797007372,0.16269066962264953,0,9837.0,1278.0,True,IID natural cases under exchangeability only,,
temporal,full_benchmark_resolved,LTT_SAFETY_RAW,0.0,0.14,32434,32434,29894,1.0,0.9216871184559413,0.9216871184559413,0.6876098559755413,5146,9837.0,1278.0,True,IID natural cases under exchangeability only,,
temporal,natural_resolved,LTT_SAFETY_RAW,0.0,0.16,9089,9089,1993,1.0,0.21927604797007372,0.21927604797007372,0.16269066962264953,0,9837.0,1278.0,True,IID natural cases under exchangeability only,,
temporal,full_benchmark_resolved,LTT_SAFETY_RAW,0.0,0.16,32434,32434,29894,1.0,0.9216871184559413,0.9216871184559413,0.6876098559755413,5146,9837.0,1278.0,True,IID natural cases under exchangeability only,,
temporal,natural_resolved,LTT_SAFETY_RAW,0.0,0.18,9089,9089,1993,1.0,0.21927604797007372,0.21927604797007372,0.16269066962264953,0,9837.0,1278.0,True,IID natural cases under exchangeability only,,
temporal,full_benchmark_resolved,LTT_SAFETY_RAW,0.0,0.18,32434,32434,29894,1.0,0.9216871184559413,0.9216871184559413,0.6876098559755413,5146,9837.0,1278.0,True,IID natural cases under exchangeability only,,
temporal,natural_resolved,LTT_SAFETY_RAW,0.0,0.2,9089,9089,1993,1.0,0.21927604797007372,0.21927604797007372,0.16269066962264953,0,9837.0,1278.0,True,IID natural cases under exchangeability only,,
temporal,full_benchmark_resolved,LTT_SAFETY_RAW,0.0,0.2,32434,32434,29894,1.0,0.9216871184559413,0.9216871184559413,0.6876098559755413,5146,9837.0,1278.0,True,IID natural cases under exchangeability only,,
temporal,natural_resolved,LTT_SAFETY_RAW_GATE,inf,0.01,9089,0,0,0.0,,0.0,0.10000000000000002,0,0.0,0.0,False,IID natural cases under exchangeability only,,
temporal,full_benchmark_resolved,LTT_SAFETY_RAW_GATE,inf,0.01,32434,0,0,0.0,,0.0,0.10000000000000002,0,0.0,0.0,False,IID natural cases under exchangeability only,,
temporal,natural_resolved,LTT_SAFETY_RAW_GATE,0.0,0.05,9089,7359,374,0.8096600286060073,0.05082212257100149,0.04114864121465508,0.050033551091950054,0,8701.0,238.0,True,IID natural cases under exchangeability only,,
temporal,full_benchmark_resolved,LTT_SAFETY_RAW_GATE,0.0,0.05,32434,4120,1618,0.12702719368563853,0.3927184466019418,0.04988592218042794,0.1249082586586587,4930,8701.0,238.0,True,IID natural cases under exchangeability only,,
temporal,natural_resolved,LTT_SAFETY_RAW_GATE,0.0,0.1,9089,7359,374,0.8096600286060073,0.05082212257100149,0.04114864121465508,0.050033551091950054,0,8701.0,238.0,True,IID natural cases under exchangeability only,,
temporal,full_benchmark_resolved,LTT_SAFETY_RAW_GATE,0.0,0.1,32434,4120,1618,0.12702719368563853,0.3927184466019418,0.04988592218042794,0.1249082586586587,4930,8701.0,238.0,True,IID natural cases under exchangeability only,,
temporal,natural_resolved,LTT_SAFETY_RAW_GATE,0.0,0.12,9089,7359,374,0.8096600286060073,0.05082212257100149,0.04114864121465508,0.050033551091950054,0,8701.0,238.0,True,IID natural cases under exchangeability only,,
temporal,full_benchmark_resolved,LTT_SAFETY_RAW_GATE,0.0,0.12,32434,4120,1618,0.12702719368563853,0.3927184466019418,0.04988592218042794,0.1249082586586587,4930,8701.0,238.0,True,IID natural cases under exchangeability only,,
temporal,natural_resolved,LTT_SAFETY_RAW_GATE,0.0,0.14,9089,7359,374,0.8096600286060073,0.05082212257100149,0.04114864121465508,0.050033551091950054,0,8701.0,238.0,True,IID natural cases under exchangeability only,,
temporal,full_benchmark_resolved,LTT_SAFETY_RAW_GATE,0.0,0.14,32434,4120,1618,0.12702719368563853,0.3927184466019418,0.04988592218042794,0.1249082586586587,4930,8701.0,238.0,True,IID natural cases under exchangeability only,,
temporal,natural_resolved,LTT_SAFETY_RAW_GATE,0.0,0.16,9089,7359,374,0.8096600286060073,0.05082212257100149,0.04114864121465508,0.050033551091950054,0,8701.0,238.0,True,IID natural cases under exchangeability only,,
temporal,full_benchmark_resolved,LTT_SAFETY_RAW_GATE,0.0,0.16,32434,4120,1618,0.12702719368563853,0.3927184466019418,0.04988592218042794,0.1249082586586587,4930,8701.0,238.0,True,IID natural cases under exchangeability only,,
temporal,natural_resolved,LTT_SAFETY_RAW_GATE,0.0,0.18,9089,7359,374,0.8096600286060073,0.05082212257100149,0.04114864121465508,0.050033551091950054,0,8701.0,238.0,True,IID natural cases under exchangeability only,,
temporal,full_benchmark_resolved,LTT_SAFETY_RAW_GATE,0.0,0.18,32434,4120,1618,0.12702719368563853,0.3927184466019418,0.04988592218042794,0.1249082586586587,4930,8701.0,238.0,True,IID natural cases under exchangeability only,,
temporal,natural_resolved,LTT_SAFETY_RAW_GATE,0.0,0.2,9089,7359,374,0.8096600286060073,0.05082212257100149,0.04114864121465508,0.050033551091950054,0,8701.0,238.0,True,IID natural cases under exchangeability only,,
temporal,full_benchmark_resolved,LTT_SAFETY_RAW_GATE,0.0,0.2,32434,4120,1618,0.12702719368563853,0.3927184466019418,0.04988592218042794,0.1249082586586587,4930,8701.0,238.0,True,IID natural cases under exchangeability only,,
temporal,natural_resolved,CRC_UNSAFE_PER_CASE,0.9,0.01,9089,3330,64,0.366376939157223,0.01921921921921922,0.007041478710529211,0.06903250405098874,0,,,,expected unsafe indicator per natural case under exchangeability; not conditional UER,0.008233380768448872,
temporal,full_benchmark_resolved,CRC_UNSAFE_PER_CASE,0.9,0.01,32434,13036,11899,0.40192390701116115,0.9127799938631482,0.36686810137510023,0.32579429705436896,2729,,,,expected unsafe indicator per natural case under exchangeability; not conditional UER,0.008233380768448872,
temporal,natural_resolved,CRC_UNSAFE_PER_CASE,0.05,0.05,9089,7461,372,0.8208823853009132,0.049859268194611985,0.04092859500495104,0.04855672297689939,0,,,,expected unsafe indicator per natural case under exchangeability; not conditional UER,0.024090262248424477,
temporal,full_benchmark_resolved,CRC_UNSAFE_PER_CASE,0.05,0.05,32434,26165,23628,0.8067151754331874,0.9030384100898147,0.7284947894185114,0.5630596593778423,5142,,,,expected unsafe indicator per natural case under exchangeability; not conditional UER,0.024090262248424477,
temporal,natural_resolved,CRC_UNSAFE_PER_CASE,0.05,0.1,9089,7461,372,0.8208823853009132,0.049859268194611985,0.04092859500495104,0.04855672297689939,0,,,,expected unsafe indicator per natural case under exchangeability; not conditional UER,0.024090262248424477,
temporal,full_benchmark_resolved,CRC_UNSAFE_PER_CASE,0.05,0.1,32434,26165,23628,0.8067151754331874,0.9030384100898147,0.7284947894185114,0.5630596593778423,5142,,,,expected unsafe indicator per natural case under exchangeability; not conditional UER,0.024090262248424477,
temporal,natural_resolved,RCSE_CALIBRATION_SELECTED_NO_GATHER,inf,0.01,9089,0,0,0.0,,0.0,0.10000000000000002,0,0.0,0.0,,empirical calibration selection; clustered synthetic episodes; no finite sample guarantee,,0.0
temporal,full_benchmark_resolved,RCSE_CALIBRATION_SELECTED_NO_GATHER,inf,0.01,32434,0,0,0.0,,0.0,0.10000000000000002,0,0.0,0.0,,empirical calibration selection; clustered synthetic episodes; no finite sample guarantee,,0.0
temporal,natural_resolved,RCSE_CALIBRATION_SELECTED_NO_GATHER,inf,0.05,9089,0,0,0.0,,0.0,0.10000000000000002,0,0.0,0.0,,empirical calibration selection; clustered synthetic episodes; no finite sample guarantee,,0.0
temporal,full_benchmark_resolved,RCSE_CALIBRATION_SELECTED_NO_GATHER,inf,0.05,32434,0,0,0.0,,0.0,0.10000000000000002,0,0.0,0.0,,empirical calibration selection; clustered synthetic episodes; no finite sample guarantee,,0.0
temporal,natural_resolved,RCSE_CALIBRATION_SELECTED_NO_GATHER,inf,0.1,9089,0,0,0.0,,0.0,0.10000000000000002,0,0.0,0.0,,empirical calibration selection; clustered synthetic episodes; no finite sample guarantee,,0.0
temporal,full_benchmark_resolved,RCSE_CALIBRATION_SELECTED_NO_GATHER,inf,0.1,32434,0,0,0.0,,0.0,0.10000000000000002,0,0.0,0.0,,empirical calibration selection; clustered synthetic episodes; no finite sample guarantee,,0.0
temporal,natural_resolved,RCSE_CALIBRATION_SELECTED_NO_GATHER,inf,0.12,9089,0,0,0.0,,0.0,0.10000000000000002,0,0.0,0.0,,empirical calibration selection; clustered synthetic episodes; no finite sample guarantee,,0.0
temporal,full_benchmark_resolved,RCSE_CALIBRATION_SELECTED_NO_GATHER,inf,0.12,32434,0,0,0.0,,0.0,0.10000000000000002,0,0.0,0.0,,empirical calibration selection; clustered synthetic episodes; no finite sample guarantee,,0.0
temporal,natural_resolved,RCSE_CALIBRATION_SELECTED_NO_GATHER,inf,0.14,9089,0,0,0.0,,0.0,0.10000000000000002,0,0.0,0.0,,empirical calibration selection; clustered synthetic episodes; no finite sample guarantee,,0.0
temporal,full_benchmark_resolved,RCSE_CALIBRATION_SELECTED_NO_GATHER,inf,0.14,32434,0,0,0.0,,0.0,0.10000000000000002,0,0.0,0.0,,empirical calibration selection; clustered synthetic episodes; no finite sample guarantee,,0.0
temporal,natural_resolved,RCSE_CALIBRATION_SELECTED_NO_GATHER,inf,0.16,9089,0,0,0.0,,0.0,0.10000000000000002,0,0.0,0.0,,empirical calibration selection; clustered synthetic episodes; no finite sample guarantee,,0.0
temporal,full_benchmark_resolved,RCSE_CALIBRATION_SELECTED_NO_GATHER,inf,0.16,32434,0,0,0.0,,0.0,0.10000000000000002,0,0.0,0.0,,empirical calibration selection; clustered synthetic episodes; no finite sample guarantee,,0.0
temporal,natural_resolved,RCSE_CALIBRATION_SELECTED_NO_GATHER,inf,0.18,9089,0,0,0.0,,0.0,0.10000000000000002,0,0.0,0.0,,empirical calibration selection; clustered synthetic episodes; no finite sample guarantee,,0.0
temporal,full_benchmark_resolved,RCSE_CALIBRATION_SELECTED_NO_GATHER,inf,0.18,32434,0,0,0.0,,0.0,0.10000000000000002,0,0.0,0.0,,empirical calibration selection; clustered synthetic episodes; no finite sample guarantee,,0.0
temporal,natural_resolved,RCSE_CALIBRATION_SELECTED_NO_GATHER,0.97,0.2,9089,5642,94,0.6207503575750908,0.016660758596242466,0.01034217185608978,0.04589944711836365,0,2981.0,568.0,,empirical calibration selection; clustered synthetic episodes; no finite sample guarantee,,0.05
temporal,full_benchmark_resolved,RCSE_CALIBRATION_SELECTED_NO_GATHER,0.97,0.2,32434,3098,1121,0.09551705000924955,0.3618463524854745,0.03456249614601961,0.11544945694187421,3559,2981.0,568.0,,empirical calibration selection; clustered synthetic episodes; no finite sample guarantee,,0.05
temporal,natural_resolved,GATE_ONLY,,,9089,7359,374,0.8096600286060073,0.05082212257100149,0.04114864121465508,0.050033551091950054,0,,,,,,
temporal,natural_resolved,SAFETY_ONLY_095,0.95,,9089,6985,218,0.7685113873913522,0.03120973514674302,0.023985036857740127,0.04202068876999387,0,,,,,,
temporal,natural_resolved,GATE_SAFETY_095,0.95,,9089,6884,218,0.7573990538012982,0.03166763509587449,0.023985036857740127,0.04313192212899925,0,,,,,,
temporal,full_benchmark_resolved,GATE_ONLY,,,32434,4120,1618,0.12702719368563853,0.3927184466019418,0.04988592218042794,0.1249082586586587,4930,,,,,,
temporal,full_benchmark_resolved,SAFETY_ONLY_095,0.95,,32434,24454,22041,0.7539618918418943,0.9013249366156866,0.6795646543750385,0.5243186123453782,4815,,,,,,
temporal,full_benchmark_resolved,GATE_SAFETY_095,0.95,,32434,3840,1461,0.11839427760991553,0.38046875,0.04504532280939755,0.12160663361322736,4654,,,,,,
ood_exposure,natural_resolved,LTT_ACTION_RAW,inf,0.01,1376,0,0,0.0,,0.0,0.09999999999999998,0,0.0,0.0,False,IID natural cases under exchangeability only,,
ood_exposure,full_benchmark_resolved,LTT_ACTION_RAW,inf,0.01,2465,0,0,0.0,,0.0,0.09999999999999999,0,0.0,0.0,False,IID natural cases under exchangeability only,,
ood_exposure,natural_resolved,LTT_ACTION_RAW,0.15,0.05,1376,1140,238,0.8284883720930233,0.20877192982456141,0.17296511627906977,0.23991708697725198,0,8957.0,389.0,True,IID natural cases under exchangeability only,,
ood_exposure,full_benchmark_resolved,LTT_ACTION_RAW,0.15,0.05,2465,1822,1493,0.7391480730223123,0.8194291986827662,0.6056795131845841,0.8055889933902426,67,8957.0,389.0,True,IID natural cases under exchangeability only,,
ood_exposure,natural_resolved,LTT_ACTION_RAW,0.05,0.1,1376,1146,240,0.8328488372093024,0.2094240837696335,0.1744186046511628,0.24156245693844153,0,8972.0,393.0,True,IID natural cases under exchangeability only,,
ood_exposure,full_benchmark_resolved,LTT_ACTION_RAW,0.05,0.1,2465,1839,1509,0.7460446247464503,0.8205546492659054,0.6121703853955375,0.8136419119578203,68,8972.0,393.0,True,IID natural cases under exchangeability only,,
ood_exposure,natural_resolved,LTT_ACTION_RAW,0.05,0.12,1376,1146,240,0.8328488372093024,0.2094240837696335,0.1744186046511628,0.24156245693844153,0,8972.0,393.0,True,IID natural cases under exchangeability only,,
ood_exposure,full_benchmark_resolved,LTT_ACTION_RAW,0.05,0.12,2465,1839,1509,0.7460446247464503,0.8205546492659054,0.6121703853955375,0.8136419119578203,68,8972.0,393.0,True,IID natural cases under exchangeability only,,
ood_exposure,natural_resolved,LTT_ACTION_RAW,0.05,0.14,1376,1146,240,0.8328488372093024,0.2094240837696335,0.1744186046511628,0.24156245693844153,0,8972.0,393.0,True,IID natural cases under exchangeability only,,
ood_exposure,full_benchmark_resolved,LTT_ACTION_RAW,0.05,0.14,2465,1839,1509,0.7460446247464503,0.8205546492659054,0.6121703853955375,0.8136419119578203,68,8972.0,393.0,True,IID natural cases under exchangeability only,,
ood_exposure,natural_resolved,LTT_ACTION_RAW,0.05,0.16,1376,1146,240,0.8328488372093024,0.2094240837696335,0.1744186046511628,0.24156245693844153,0,8972.0,393.0,True,IID natural cases under exchangeability only,,
ood_exposure,full_benchmark_resolved,LTT_ACTION_RAW,0.05,0.16,2465,1839,1509,0.7460446247464503,0.8205546492659054,0.6121703853955375,0.8136419119578203,68,8972.0,393.0,True,IID natural cases under exchangeability only,,
ood_exposure,natural_resolved,LTT_ACTION_RAW,0.0,0.18,1376,1376,452,1.0,0.32848837209302323,0.32848837209302323,0.4339215898463845,0,10194.0,1615.0,True,IID natural cases under exchangeability only,,
ood_exposure,full_benchmark_resolved,LTT_ACTION_RAW,0.0,0.18,2465,2465,2130,1.0,0.8640973630831643,0.8640973630831643,1.1236936348063895,71,10194.0,1615.0,True,IID natural cases under exchangeability only,,
ood_exposure,natural_resolved,LTT_ACTION_RAW,0.0,0.2,1376,1376,452,1.0,0.32848837209302323,0.32848837209302323,0.4339215898463845,0,10194.0,1615.0,True,IID natural cases under exchangeability only,,
ood_exposure,full_benchmark_resolved,LTT_ACTION_RAW,0.0,0.2,2465,2465,2130,1.0,0.8640973630831643,0.8640973630831643,1.1236936348063895,71,10194.0,1615.0,True,IID natural cases under exchangeability only,,
ood_exposure,natural_resolved,LTT_SAFETY_RAW,inf,0.01,1376,0,0,0.0,,0.0,0.09999999999999998,0,0.0,0.0,False,IID natural cases under exchangeability only,,
ood_exposure,full_benchmark_resolved,LTT_SAFETY_RAW,inf,0.01,2465,0,0,0.0,,0.0,0.09999999999999999,0,0.0,0.0,False,IID natural cases under exchangeability only,,
ood_exposure,natural_resolved,LTT_SAFETY_RAW,0.45,0.05,1376,938,158,0.6816860465116279,0.16844349680170576,0.11482558139534883,0.1770802563476094,0,8959.0,386.0,True,IID natural cases under exchangeability only,,
ood_exposure,full_benchmark_resolved,LTT_SAFETY_RAW,0.45,0.05,2465,1442,1156,0.5849898580121704,0.8016643550624133,0.4689655172413793,0.6384831708998205,49,8959.0,386.0,True,IID natural cases under exchangeability only,,
ood_exposure,natural_resolved,LTT_SAFETY_RAW,0.05,0.1,1376,1125,225,0.8175872093023255,0.2,0.16351744186046513,0.22862398838672204,0,8969.0,393.0,True,IID natural cases under exchangeability only,,
ood_exposure,full_benchmark_resolved,LTT_SAFETY_RAW,0.05,0.1,2465,1806,1480,0.732657200811359,0.8194905869324474,0.6004056795131846,0.798203731653108,68,8969.0,393.0,True,IID natural cases under exchangeability only,,
ood_exposure,natural_resolved,LTT_SAFETY_RAW,0.05,0.12,1376,1125,225,0.8175872093023255,0.2,0.16351744186046513,0.22862398838672204,0,8969.0,393.0,True,IID natural cases under exchangeability only,,
ood_exposure,full_benchmark_resolved,LTT_SAFETY_RAW,0.05,0.12,2465,1806,1480,0.732657200811359,0.8194905869324474,0.6004056795131846,0.798203731653108,68,8969.0,393.0,True,IID natural cases under exchangeability only,,
ood_exposure,natural_resolved,LTT_SAFETY_RAW,0.05,0.14,1376,1125,225,0.8175872093023255,0.2,0.16351744186046513,0.22862398838672204,0,8969.0,393.0,True,IID natural cases under exchangeability only,,
ood_exposure,full_benchmark_resolved,LTT_SAFETY_RAW,0.05,0.14,2465,1806,1480,0.732657200811359,0.8194905869324474,0.6004056795131846,0.798203731653108,68,8969.0,393.0,True,IID natural cases under exchangeability only,,
ood_exposure,natural_resolved,LTT_SAFETY_RAW,0.05,0.16,1376,1125,225,0.8175872093023255,0.2,0.16351744186046513,0.22862398838672204,0,8969.0,393.0,True,IID natural cases under exchangeability only,,
ood_exposure,full_benchmark_resolved,LTT_SAFETY_RAW,0.05,0.16,2465,1806,1480,0.732657200811359,0.8194905869324474,0.6004056795131846,0.798203731653108,68,8969.0,393.0,True,IID natural cases under exchangeability only,,
ood_exposure,natural_resolved,LTT_SAFETY_RAW,0.0,0.18,1376,1376,452,1.0,0.32848837209302323,0.32848837209302323,0.4339215898463845,0,10194.0,1615.0,True,IID natural cases under exchangeability only,,
ood_exposure,full_benchmark_resolved,LTT_SAFETY_RAW,0.0,0.18,2465,2465,2130,1.0,0.8640973630831643,0.8640973630831643,1.1236936348063895,71,10194.0,1615.0,True,IID natural cases under exchangeability only,,
ood_exposure,natural_resolved,LTT_SAFETY_RAW,0.0,0.2,1376,1376,452,1.0,0.32848837209302323,0.32848837209302323,0.4339215898463845,0,10194.0,1615.0,True,IID natural cases under exchangeability only,,
ood_exposure,full_benchmark_resolved,LTT_SAFETY_RAW,0.0,0.2,2465,2465,2130,1.0,0.8640973630831643,0.8640973630831643,1.1236936348063895,71,10194.0,1615.0,True,IID natural cases under exchangeability only,,
ood_exposure,natural_resolved,LTT_SAFETY_RAW_GATE,inf,0.01,1376,0,0,0.0,,0.0,0.09999999999999998,0,0.0,0.0,False,IID natural cases under exchangeability only,,
ood_exposure,full_benchmark_resolved,LTT_SAFETY_RAW_GATE,inf,0.01,2465,0,0,0.0,,0.0,0.09999999999999999,0,0.0,0.0,False,IID natural cases under exchangeability only,,
ood_exposure,natural_resolved,LTT_SAFETY_RAW_GATE,0.2,0.05,1376,1056,196,0.7674418604651163,0.1856060606060606,0.14244186046511628,0.20503953212806694,0,8855.0,384.0,True,IID natural cases under exchangeability only,,
ood_exposure,full_benchmark_resolved,LTT_SAFETY_RAW_GATE,0.2,0.05,2465,457,147,0.18539553752535498,0.32166301969365424,0.05963488843813387,0.15759089668777101,55,8855.0,384.0,True,IID natural cases under exchangeability only,,
ood_exposure,natural_resolved,LTT_SAFETY_RAW_GATE,0.0,0.1,1376,1199,292,0.8713662790697675,0.24353628023352794,0.21220930232558138,0.2968133158473218,0,8860.0,385.0,True,IID natural cases under exchangeability only,,
ood_exposure,full_benchmark_resolved,LTT_SAFETY_RAW_GATE,0.0,0.1,2465,530,201,0.2150101419878296,0.37924528301886795,0.08154158215010142,0.1873466753000609,70,8860.0,385.0,True,IID natural cases under exchangeability only,,
ood_exposure,natural_resolved,LTT_SAFETY_RAW_GATE,0.0,0.12,1376,1199,292,0.8713662790697675,0.24353628023352794,0.21220930232558138,0.2968133158473218,0,8860.0,385.0,True,IID natural cases under exchangeability only,,
ood_exposure,full_benchmark_resolved,LTT_SAFETY_RAW_GATE,0.0,0.12,2465,530,201,0.2150101419878296,0.37924528301886795,0.08154158215010142,0.1873466753000609,70,8860.0,385.0,True,IID natural cases under exchangeability only,,
ood_exposure,natural_resolved,LTT_SAFETY_RAW_GATE,0.0,0.14,1376,1199,292,0.8713662790697675,0.24353628023352794,0.21220930232558138,0.2968133158473218,0,8860.0,385.0,True,IID natural cases under exchangeability only,,
ood_exposure,full_benchmark_resolved,LTT_SAFETY_RAW_GATE,0.0,0.14,2465,530,201,0.2150101419878296,0.37924528301886795,0.08154158215010142,0.1873466753000609,70,8860.0,385.0,True,IID natural cases under exchangeability only,,
ood_exposure,natural_resolved,LTT_SAFETY_RAW_GATE,0.0,0.16,1376,1199,292,0.8713662790697675,0.24353628023352794,0.21220930232558138,0.2968133158473218,0,8860.0,385.0,True,IID natural cases under exchangeability only,,
ood_exposure,full_benchmark_resolved,LTT_SAFETY_RAW_GATE,0.0,0.16,2465,530,201,0.2150101419878296,0.37924528301886795,0.08154158215010142,0.1873466753000609,70,8860.0,385.0,True,IID natural cases under exchangeability only,,
ood_exposure,natural_resolved,LTT_SAFETY_RAW_GATE,0.0,0.18,1376,1199,292,0.8713662790697675,0.24353628023352794,0.21220930232558138,0.2968133158473218,0,8860.0,385.0,True,IID natural cases under exchangeability only,,
ood_exposure,full_benchmark_resolved,LTT_SAFETY_RAW_GATE,0.0,0.18,2465,530,201,0.2150101419878296,0.37924528301886795,0.08154158215010142,0.1873466753000609,70,8860.0,385.0,True,IID natural cases under exchangeability only,,
ood_exposure,natural_resolved,LTT_SAFETY_RAW_GATE,0.0,0.2,1376,1199,292,0.8713662790697675,0.24353628023352794,0.21220930232558138,0.2968133158473218,0,8860.0,385.0,True,IID natural cases under exchangeability only,,
ood_exposure,full_benchmark_resolved,LTT_SAFETY_RAW_GATE,0.0,0.2,2465,530,201,0.2150101419878296,0.37924528301886795,0.08154158215010142,0.1873466753000609,70,8860.0,385.0,True,IID natural cases under exchangeability only,,
ood_exposure,natural_resolved,CRC_UNSAFE_PER_CASE,0.97,0.01,1376,32,6,0.023255813953488372,0.1875,0.00436046511627907,0.10348941935541907,0,,,,expected unsafe indicator per natural case under exchangeability; not conditional UER,0.009612555174104953,
ood_exposure,full_benchmark_resolved,CRC_UNSAFE_PER_CASE,0.97,0.01,2465,109,98,0.044219066937119675,0.8990825688073395,0.03975659229208925,0.14758738144621705,2,,,,expected unsafe indicator per natural case under exchangeability; not conditional UER,0.009612555174104953,
ood_exposure,natural_resolved,CRC_UNSAFE_PER_CASE,0.05,0.05,1376,1125,225,0.8175872093023255,0.2,0.16351744186046513,0.22862398838672204,0,,,,expected unsafe indicator per natural case under exchangeability; not conditional UER,0.03864639529180971,
ood_exposure,full_benchmark_resolved,CRC_UNSAFE_PER_CASE,0.05,0.05,2465,1806,1480,0.732657200811359,0.8194905869324474,0.6004056795131846,0.798203731653108,68,,,,expected unsafe indicator per natural case under exchangeability; not conditional UER,0.03864639529180971,
ood_exposure,natural_resolved,CRC_UNSAFE_PER_CASE,0.05,0.1,1376,1125,225,0.8175872093023255,0.2,0.16351744186046513,0.22862398838672204,0,,,,expected unsafe indicator per natural case under exchangeability; not conditional UER,0.03864639529180971,
ood_exposure,full_benchmark_resolved,CRC_UNSAFE_PER_CASE,0.05,0.1,2465,1806,1480,0.732657200811359,0.8194905869324474,0.6004056795131846,0.798203731653108,68,,,,expected unsafe indicator per natural case under exchangeability; not conditional UER,0.03864639529180971,
ood_exposure,natural_resolved,RCSE_CALIBRATION_SELECTED_NO_GATHER,inf,0.01,1376,0,0,0.0,,0.0,0.09999999999999998,0,0.0,0.0,,empirical calibration selection; clustered synthetic episodes; no finite sample guarantee,,0.0
ood_exposure,full_benchmark_resolved,RCSE_CALIBRATION_SELECTED_NO_GATHER,inf,0.01,2465,0,0,0.0,,0.0,0.09999999999999999,0,0.0,0.0,,empirical calibration selection; clustered synthetic episodes; no finite sample guarantee,,0.0
ood_exposure,natural_resolved,RCSE_CALIBRATION_SELECTED_NO_GATHER,inf,0.05,1376,0,0,0.0,,0.0,0.09999999999999998,0,0.0,0.0,,empirical calibration selection; clustered synthetic episodes; no finite sample guarantee,,0.0
ood_exposure,full_benchmark_resolved,RCSE_CALIBRATION_SELECTED_NO_GATHER,inf,0.05,2465,0,0,0.0,,0.0,0.09999999999999999,0,0.0,0.0,,empirical calibration selection; clustered synthetic episodes; no finite sample guarantee,,0.0
ood_exposure,natural_resolved,RCSE_CALIBRATION_SELECTED_NO_GATHER,inf,0.1,1376,0,0,0.0,,0.0,0.09999999999999998,0,0.0,0.0,,empirical calibration selection; clustered synthetic episodes; no finite sample guarantee,,0.0
ood_exposure,full_benchmark_resolved,RCSE_CALIBRATION_SELECTED_NO_GATHER,inf,0.1,2465,0,0,0.0,,0.0,0.09999999999999999,0,0.0,0.0,,empirical calibration selection; clustered synthetic episodes; no finite sample guarantee,,0.0
ood_exposure,natural_resolved,RCSE_CALIBRATION_SELECTED_NO_GATHER,inf,0.12,1376,0,0,0.0,,0.0,0.09999999999999998,0,0.0,0.0,,empirical calibration selection; clustered synthetic episodes; no finite sample guarantee,,0.0
ood_exposure,full_benchmark_resolved,RCSE_CALIBRATION_SELECTED_NO_GATHER,inf,0.12,2465,0,0,0.0,,0.0,0.09999999999999999,0,0.0,0.0,,empirical calibration selection; clustered synthetic episodes; no finite sample guarantee,,0.0
ood_exposure,natural_resolved,RCSE_CALIBRATION_SELECTED_NO_GATHER,inf,0.14,1376,0,0,0.0,,0.0,0.09999999999999998,0,0.0,0.0,,empirical calibration selection; clustered synthetic episodes; no finite sample guarantee,,0.0
ood_exposure,full_benchmark_resolved,RCSE_CALIBRATION_SELECTED_NO_GATHER,inf,0.14,2465,0,0,0.0,,0.0,0.09999999999999999,0,0.0,0.0,,empirical calibration selection; clustered synthetic episodes; no finite sample guarantee,,0.0
ood_exposure,natural_resolved,RCSE_CALIBRATION_SELECTED_NO_GATHER,inf,0.16,1376,0,0,0.0,,0.0,0.09999999999999998,0,0.0,0.0,,empirical calibration selection; clustered synthetic episodes; no finite sample guarantee,,0.0
ood_exposure,full_benchmark_resolved,RCSE_CALIBRATION_SELECTED_NO_GATHER,inf,0.16,2465,0,0,0.0,,0.0,0.09999999999999999,0,0.0,0.0,,empirical calibration selection; clustered synthetic episodes; no finite sample guarantee,,0.0
ood_exposure,natural_resolved,RCSE_CALIBRATION_SELECTED_NO_GATHER,0.9,0.18,1376,22,3,0.015988372093023256,0.13636363636363635,0.002180232558139535,0.10131607574687745,0,2618.0,469.0,,empirical calibration selection; clustered synthetic episodes; no finite sample guarantee,,0.02
ood_exposure,full_benchmark_resolved,RCSE_CALIBRATION_SELECTED_NO_GATHER,0.9,0.18,2465,12,4,0.00486815415821501,0.3333333333333333,0.0016227180527383367,0.10164393316548326,2,2618.0,469.0,,empirical calibration selection; clustered synthetic episodes; no finite sample guarantee,,0.02
ood_exposure,natural_resolved,RCSE_CALIBRATION_SELECTED_NO_GATHER,0.9,0.2,1376,174,55,0.12645348837209303,0.3160919540229885,0.03997093023255814,0.13768042471351988,0,3582.0,685.0,,empirical calibration selection; clustered synthetic episodes; no finite sample guarantee,,0.1
ood_exposure,full_benchmark_resolved,RCSE_CALIBRATION_SELECTED_NO_GATHER,0.9,0.2,2465,78,34,0.031643002028397565,0.4358974358974359,0.013793103448275862,0.11421814233552818,4,3582.0,685.0,,empirical calibration selection; clustered synthetic episodes; no finite sample guarantee,,0.1
ood_exposure,natural_resolved,GATE_ONLY,,,1376,1199,292,0.8713662790697675,0.24353628023352794,0.21220930232558138,0.2968133158473218,0,,,,,,
ood_exposure,natural_resolved,SAFETY_ONLY_095,0.95,,1376,73,10,0.053052325581395346,0.136986301369863,0.007267441860465116,0.1041646244294423,0,,,,,,
ood_exposure,natural_resolved,GATE_SAFETY_095,0.95,,1376,70,10,0.050872093023255814,0.14285714285714285,0.007267441860465116,0.10438264768525626,0,,,,,,
ood_exposure,full_benchmark_resolved,GATE_ONLY,,,2465,530,201,0.2150101419878296,0.37924528301886795,0.08154158215010142,0.1873466753000609,70,,,,,,
ood_exposure,full_benchmark_resolved,SAFETY_ONLY_095,0.95,,2465,200,173,0.08113590263691683,0.865,0.07018255578093306,0.1824742864478044,4,,,,,,
ood_exposure,full_benchmark_resolved,GATE_SAFETY_095,0.95,,2465,34,8,0.013793103448275862,0.23529411764705882,0.0032454361054766734,0.10283250442790998,4,,,,,,
