regime,horizon_days,original_label,horizon_label,cases
grouped_iid,30,AMBIGUOUS,AMBIGUOUS,2770
grouped_iid,30,AMBIGUOUS,NOT_SAFE_TO_EXECUTE,0
grouped_iid,30,AMBIGUOUS,SAFE_TO_EXECUTE,0
grouped_iid,30,NOT_SAFE_TO_EXECUTE,AMBIGUOUS,272
grouped_iid,30,NOT_SAFE_TO_EXECUTE,NOT_SAFE_TO_EXECUTE,2943
grouped_iid,30,NOT_SAFE_TO_EXECUTE,SAFE_TO_EXECUTE,79
grouped_iid,30,SAFE_TO_EXECUTE,AMBIGUOUS,10723
grouped_iid,30,SAFE_TO_EXECUTE,NOT_SAFE_TO_EXECUTE,0
grouped_iid,30,SAFE_TO_EXECUTE,SAFE_TO_EXECUTE,6587
grouped_iid,60,AMBIGUOUS,AMBIGUOUS,2770
grouped_iid,60,AMBIGUOUS,NOT_SAFE_TO_EXECUTE,0
grouped_iid,60,AMBIGUOUS,SAFE_TO_EXECUTE,0
grouped_iid,60,NOT_SAFE_TO_EXECUTE,AMBIGUOUS,141
grouped_iid,60,NOT_SAFE_TO_EXECUTE,NOT_SAFE_TO_EXECUTE,3039
grouped_iid,60,NOT_SAFE_TO_EXECUTE,SAFE_TO_EXECUTE,114
grouped_iid,60,SAFE_TO_EXECUTE,AMBIGUOUS,5438
grouped_iid,60,SAFE_TO_EXECUTE,NOT_SAFE_TO_EXECUTE,0
grouped_iid,60,SAFE_TO_EXECUTE,SAFE_TO_EXECUTE,11872
grouped_iid,90,AMBIGUOUS,AMBIGUOUS,2770
grouped_iid,90,AMBIGUOUS,NOT_SAFE_TO_EXECUTE,0
grouped_iid,90,AMBIGUOUS,SAFE_TO_EXECUTE,0
grouped_iid,90,NOT_SAFE_TO_EXECUTE,AMBIGUOUS,60
grouped_iid,90,NOT_SAFE_TO_EXECUTE,NOT_SAFE_TO_EXECUTE,3114
grouped_iid,90,NOT_SAFE_TO_EXECUTE,SAFE_TO_EXECUTE,120
grouped_iid,90,SAFE_TO_EXECUTE,AMBIGUOUS,2133
grouped_iid,90,SAFE_TO_EXECUTE,NOT_SAFE_TO_EXECUTE,0
grouped_iid,90,SAFE_TO_EXECUTE,SAFE_TO_EXECUTE,15177
temporal,30,AMBIGUOUS,AMBIGUOUS,14285
temporal,30,AMBIGUOUS,NOT_SAFE_TO_EXECUTE,0
temporal,30,AMBIGUOUS,SAFE_TO_EXECUTE,0
temporal,30,NOT_SAFE_TO_EXECUTE,AMBIGUOUS,9
temporal,30,NOT_SAFE_TO_EXECUTE,NOT_SAFE_TO_EXECUTE,1980
temporal,30,NOT_SAFE_TO_EXECUTE,SAFE_TO_EXECUTE,4
temporal,30,SAFE_TO_EXECUTE,AMBIGUOUS,3316
temporal,30,SAFE_TO_EXECUTE,NOT_SAFE_TO_EXECUTE,0
temporal,30,SAFE_TO_EXECUTE,SAFE_TO_EXECUTE,3780
temporal,60,AMBIGUOUS,AMBIGUOUS,14285
temporal,60,AMBIGUOUS,NOT_SAFE_TO_EXECUTE,0
temporal,60,AMBIGUOUS,SAFE_TO_EXECUTE,0
temporal,60,NOT_SAFE_TO_EXECUTE,AMBIGUOUS,0
temporal,60,NOT_SAFE_TO_EXECUTE,NOT_SAFE_TO_EXECUTE,1993
temporal,60,NOT_SAFE_TO_EXECUTE,SAFE_TO_EXECUTE,0
temporal,60,SAFE_TO_EXECUTE,AMBIGUOUS,0
temporal,60,SAFE_TO_EXECUTE,NOT_SAFE_TO_EXECUTE,0
temporal,60,SAFE_TO_EXECUTE,SAFE_TO_EXECUTE,7096
temporal,90,AMBIGUOUS,AMBIGUOUS,14285
temporal,90,AMBIGUOUS,NOT_SAFE_TO_EXECUTE,0
temporal,90,AMBIGUOUS,SAFE_TO_EXECUTE,0
temporal,90,NOT_SAFE_TO_EXECUTE,AMBIGUOUS,0
temporal,90,NOT_SAFE_TO_EXECUTE,NOT_SAFE_TO_EXECUTE,1993
temporal,90,NOT_SAFE_TO_EXECUTE,SAFE_TO_EXECUTE,0
temporal,90,SAFE_TO_EXECUTE,AMBIGUOUS,0
temporal,90,SAFE_TO_EXECUTE,NOT_SAFE_TO_EXECUTE,0
temporal,90,SAFE_TO_EXECUTE,SAFE_TO_EXECUTE,7096
ood_exposure,30,AMBIGUOUS,AMBIGUOUS,202
ood_exposure,30,AMBIGUOUS,NOT_SAFE_TO_EXECUTE,0
ood_exposure,30,AMBIGUOUS,SAFE_TO_EXECUTE,0
ood_exposure,30,NOT_SAFE_TO_EXECUTE,AMBIGUOUS,132
ood_exposure,30,NOT_SAFE_TO_EXECUTE,NOT_SAFE_TO_EXECUTE,234
ood_exposure,30,NOT_SAFE_TO_EXECUTE,SAFE_TO_EXECUTE,86
ood_exposure,30,SAFE_TO_EXECUTE,AMBIGUOUS,702
ood_exposure,30,SAFE_TO_EXECUTE,NOT_SAFE_TO_EXECUTE,0
ood_exposure,30,SAFE_TO_EXECUTE,SAFE_TO_EXECUTE,222
ood_exposure,60,AMBIGUOUS,AMBIGUOUS,202
ood_exposure,60,AMBIGUOUS,NOT_SAFE_TO_EXECUTE,0
ood_exposure,60,AMBIGUOUS,SAFE_TO_EXECUTE,0
ood_exposure,60,NOT_SAFE_TO_EXECUTE,AMBIGUOUS,76
ood_exposure,60,NOT_SAFE_TO_EXECUTE,NOT_SAFE_TO_EXECUTE,265
ood_exposure,60,NOT_SAFE_TO_EXECUTE,SAFE_TO_EXECUTE,111
ood_exposure,60,SAFE_TO_EXECUTE,AMBIGUOUS,360
ood_exposure,60,SAFE_TO_EXECUTE,NOT_SAFE_TO_EXECUTE,0
ood_exposure,60,SAFE_TO_EXECUTE,SAFE_TO_EXECUTE,564
ood_exposure,90,AMBIGUOUS,AMBIGUOUS,202
ood_exposure,90,AMBIGUOUS,NOT_SAFE_TO_EXECUTE,0
ood_exposure,90,AMBIGUOUS,SAFE_TO_EXECUTE,0
ood_exposure,90,NOT_SAFE_TO_EXECUTE,AMBIGUOUS,1
ood_exposure,90,NOT_SAFE_TO_EXECUTE,NOT_SAFE_TO_EXECUTE,286
ood_exposure,90,NOT_SAFE_TO_EXECUTE,SAFE_TO_EXECUTE,165
ood_exposure,90,SAFE_TO_EXECUTE,AMBIGUOUS,16
ood_exposure,90,SAFE_TO_EXECUTE,NOT_SAFE_TO_EXECUTE,0
ood_exposure,90,SAFE_TO_EXECUTE,SAFE_TO_EXECUTE,908
