regime,corruption,subset,cases,gate_blocked,gate_block_rate,score_ge_095,score_and_gate_selected
grouped_iid,ORIGINAL,all_natural,23374,2945,0.1259946949602122,15210.0,15043.0
grouped_iid,ORIGINAL,original_gate_valid,20429,0,0.0,15043.0,15043.0
grouped_iid,NEGATIVE_PO_AGE,all_natural,23374,2945,0.1259946949602122,16897.0,16648.0
grouped_iid,NEGATIVE_PO_AGE,original_gate_valid,20429,0,0.0,16648.0,16648.0
grouped_iid,COHERENT_VALUE_SUBSTITUTION,all_natural,23374,2945,0.1259946949602122,14029.0,13875.0
grouped_iid,COHERENT_VALUE_SUBSTITUTION,original_gate_valid,20429,0,0.0,13875.0,13875.0
grouped_iid,NATURAL_SUBGROUP_outcome_future_price_change,outcome_defined_not_corruption,270,44,0.16296296296296298,,
grouped_iid,NATURAL_SUBGROUP_outcome_future_quantity_change,outcome_defined_not_corruption,134,65,0.48507462686567165,,
temporal,ORIGINAL,all_natural,23374,2255,0.09647471549585009,19856.0,19386.0
temporal,ORIGINAL,original_gate_valid,21119,0,0.0,19386.0,19386.0
temporal,NEGATIVE_PO_AGE,all_natural,23374,2255,0.09647471549585009,20843.0,20257.0
temporal,NEGATIVE_PO_AGE,original_gate_valid,21119,0,0.0,20257.0,20257.0
temporal,COHERENT_VALUE_SUBSTITUTION,all_natural,23374,2255,0.09647471549585009,19008.0,18567.0
temporal,COHERENT_VALUE_SUBSTITUTION,original_gate_valid,21119,0,0.0,18567.0,18567.0
temporal,NATURAL_SUBGROUP_outcome_future_price_change,outcome_defined_not_corruption,72,7,0.09722222222222222,,
temporal,NATURAL_SUBGROUP_outcome_future_quantity_change,outcome_defined_not_corruption,64,29,0.453125,,
ood_exposure,ORIGINAL,all_natural,1578,180,0.11406844106463879,79.0,76.0
ood_exposure,ORIGINAL,original_gate_valid,1398,0,0.0,76.0,76.0
ood_exposure,NEGATIVE_PO_AGE,all_natural,1578,180,0.11406844106463879,195.0,191.0
ood_exposure,NEGATIVE_PO_AGE,original_gate_valid,1398,0,0.0,191.0,191.0
ood_exposure,COHERENT_VALUE_SUBSTITUTION,all_natural,1578,180,0.11406844106463879,2.0,0.0
ood_exposure,COHERENT_VALUE_SUBSTITUTION,original_gate_valid,1398,0,0.0,0.0,0.0
ood_exposure,NATURAL_SUBGROUP_outcome_future_price_change,outcome_defined_not_corruption,140,16,0.11428571428571428,,
ood_exposure,NATURAL_SUBGROUP_outcome_future_quantity_change,outcome_defined_not_corruption,27,17,0.6296296296296297,,
