regime,subset,comparison,estimate,lower,upper,replicates,clusters
grouped_iid,full_benchmark,RCSE_V2_NO_GATHER minus ALWAYS_ESCALATE,0.0034649308597794557,0.002390317346145546,0.004622164447495923,2000,23374
grouped_iid,full_benchmark,RCSE_V2_FULL minus ALWAYS_ESCALATE,0.0009472671401948453,-0.00020476396243487776,0.002112083781816186,2000,23374
grouped_iid,natural_only,RCSE_V2_NO_GATHER minus ALWAYS_ESCALATE,-0.04526420461174828,-0.047020568544739336,-0.04349422177482813,2000,10106
grouped_iid,natural_only,RCSE_V2_FULL minus ALWAYS_ESCALATE,-0.05446167412128166,-0.056451741885331155,-0.052613280171771054,2000,10106
temporal,full_benchmark,RCSE_V2_NO_GATHER minus ALWAYS_ESCALATE,0.005777097579764278,0.004437016893878306,0.007122931011308572,2000,23374
temporal,full_benchmark,RCSE_V2_FULL minus ALWAYS_ESCALATE,0.004739485474789725,0.0033836452703287713,0.0061048456860313596,2000,23374
temporal,natural_only,RCSE_V2_NO_GATHER minus ALWAYS_ESCALATE,-0.06712867473247713,-0.06870216750191621,-0.06546442844835501,2000,9442
temporal,natural_only,RCSE_V2_FULL minus ALWAYS_ESCALATE,-0.07125846322060929,-0.07295248802617453,-0.06950683684344637,2000,9442
ood_exposure,full_benchmark,RCSE_V2_NO_GATHER minus ALWAYS_ESCALATE,0.0016922315219289493,-0.0004576356387800354,0.004479683079349899,2000,1578
ood_exposure,full_benchmark,RCSE_V2_FULL minus ALWAYS_ESCALATE,0.005918986114717326,0.001973178716123244,0.010240632596294636,2000,1578
ood_exposure,natural_only,RCSE_V2_NO_GATHER minus ALWAYS_ESCALATE,0.002794330462854954,-0.002658788774002954,0.009705194754735857,2000,677
ood_exposure,natural_only,RCSE_V2_FULL minus ALWAYS_ESCALATE,0.018627490946328106,0.005674660566427445,0.03295241857506617,2000,677
