regime,partition,cases,decision_min,decision_max,ambiguous,median_calendar_followup_days
grouped_iid,train,109074,2018-01-03 09:36:00+00:00,2019-01-17 16:52:00+00:00,13091,630.2763888888888
grouped_iid,calibration,23373,2018-01-05 09:51:00+00:00,2019-01-17 16:52:00+00:00,2807,630.4055555555556
grouped_iid,test,23374,2018-01-04 08:59:00+00:00,2019-01-17 16:52:00+00:00,2770,631.5736111111111
temporal,train,109074,2018-01-03 09:36:00+00:00,2018-09-21 15:10:00+00:00,463,682.3298611111111
temporal,calibration,23373,2018-09-21 15:10:00+00:00,2018-11-20 10:43:00+00:00,3920,539.49375
temporal,test,23374,2018-11-20 10:44:00+00:00,2019-01-17 16:52:00+00:00,14285,479.43888888888887
ood_exposure,train,107970,2018-01-03 09:36:00+00:00,2019-01-17 16:52:00+00:00,12978,630.4472222222222
ood_exposure,calibration,23136,2018-01-04 10:04:00+00:00,2019-01-17 16:48:00+00:00,2726,631.3215277777778
ood_exposure,test,1578,2018-01-09 09:45:00+00:00,2019-01-17 16:39:00+00:00,202,625.6673611111111
