regime,consequence_mode,risk_cap,feasible,feasible_point_count,selected_execute_count,selected_coverage,selected_unsafe_execution_rate,selected_raw_exposure_weighted_unsafe_rate,selected_consequence_weighted_unsafe_rate,selected_mean_realized_normalized_loss,selected_human_escalation_rate,selected_gather_rate,selected_abstention_rate,tau_safe_t0,beta0,tau_safe_t1,beta1,reference_coverage,reference_unsafe_execution_rate,reference_mean_realized_normalized_loss,reference_raw_exposure_weighted_unsafe_rate,reference_consequence_weighted_unsafe_rate,reference_human_escalation_rate,reference_gather_rate,reference_abstention_rate,coverage_delta_vs_reference,unsafe_rate_delta_vs_reference,loss_delta_vs_reference
grouped_iid,LOG_TRAIN_P50,0.01,False,0,0,0.0,,,,,,,,,,,,,,,,,,,,,,
grouped_iid,LOG_TRAIN_P50,0.02,False,0,0,0.0,,,,,,,,,,,,,,,,,,,,,,
grouped_iid,LOG_TRAIN_P50,0.05,False,0,0,0.0,,,,,,,,,,,,,,,,,,,,,,
grouped_iid,LOG_TRAIN_P50,0.1,False,0,0,0.0,,,,,,,,,,,,,,,,,,,,,,
grouped_iid,LOG_TRAIN_P50,0.2,True,320,7405,0.200574230071237,0.1724510465901418,0.2039043505334128,0.1744093396492375,0.1110612314808761,0.7551396300008126,0.0442861399279503,0.0,0.9,0.1,0.9,0.1,,,,,,,,,,,
grouped_iid,LOG_TRAIN_P90,0.01,False,0,0,0.0,,,,,,,,,,,,0.172702402556949,0.1689146800501882,0.1001842352829762,0.2006310101196569,0.1707905923720845,0.7862889027330101,0.0410086947100409,0.0,-0.172702402556949,,
grouped_iid,LOG_TRAIN_P90,0.02,False,0,0,0.0,,,,,,,,,,,,0.172702402556949,0.1689146800501882,0.1001842352829762,0.2006310101196569,0.1707905923720845,0.7862889027330101,0.0410086947100409,0.0,-0.172702402556949,,
grouped_iid,LOG_TRAIN_P90,0.05,False,0,0,0.0,,,,,,,,,,,,0.172702402556949,0.1689146800501882,0.1001842352829762,0.2006310101196569,0.1707905923720845,0.7862889027330101,0.0410086947100409,0.0,-0.172702402556949,,
grouped_iid,LOG_TRAIN_P90,0.1,False,0,0,0.0,,,,,,,,,,,,0.172702402556949,0.1689146800501882,0.1001842352829762,0.2006310101196569,0.1707905923720845,0.7862889027330101,0.0410086947100409,0.0,-0.172702402556949,,
grouped_iid,LOG_TRAIN_P90,0.2,True,320,7478,0.2025515317316287,0.1733083712222519,0.2143960054347982,0.1757443456264901,0.1013987050543618,0.7509412497629947,0.0465072185053766,0.0,0.9,0.1,0.9,0.1,0.172702402556949,0.1689146800501882,0.1001842352829762,0.2006310101196569,0.1707905923720845,0.7862889027330101,0.0410086947100409,0.0,0.029849129174679717,0.004393691172063702,0.001214469771385604
grouped_iid,LOG_TRAIN_P99,0.01,False,0,0,0.0,,,,,,,,,,,,,,,,,,,,,,
grouped_iid,LOG_TRAIN_P99,0.02,False,0,0,0.0,,,,,,,,,,,,,,,,,,,,,,
grouped_iid,LOG_TRAIN_P99,0.05,False,0,0,0.0,,,,,,,,,,,,,,,,,,,,,,
grouped_iid,LOG_TRAIN_P99,0.1,False,0,0,0.0,,,,,,,,,,,,,,,,,,,,,,
grouped_iid,LOG_TRAIN_P99,0.2,True,320,7486,0.2027682223245483,0.173256745925728,0.2110303017906495,0.1756484346621952,0.0967583232712775,0.7493702429643273,0.0478615347111243,0.0,0.9,0.1,0.9,0.1,,,,,,,,,,,
grouped_iid,UNIFORM,0.01,False,0,0,0.0,,,,,,,,,,,,,,,,,,,,,,
grouped_iid,UNIFORM,0.02,False,0,0,0.0,,,,,,,,,,,,,,,,,,,,,,
grouped_iid,UNIFORM,0.05,False,0,0,0.0,,,,,,,,,,,,,,,,,,,,,,
grouped_iid,UNIFORM,0.1,False,0,0,0.0,,,,,,,,,,,,,,,,,,,,,,
grouped_iid,UNIFORM,0.2,True,320,7486,0.2027682223245483,0.173256745925728,0.2110303017906495,0.173256745925728,0.1113307511037677,0.7531894146645359,0.0440423630109157,0.0,0.9,0.1,0.9,0.1,,,,,,,,,,,
ood_exposure,LOG_TRAIN_P50,0.01,False,0,0,0.0,,,,,,,,,,,,,,,,,,,,,,
ood_exposure,LOG_TRAIN_P50,0.02,False,0,0,0.0,,,,,,,,,,,,,,,,,,,,,,
ood_exposure,LOG_TRAIN_P50,0.05,False,0,0,0.0,,,,,,,,,,,,,,,,,,,,,,
ood_exposure,LOG_TRAIN_P50,0.1,False,0,0,0.0,,,,,,,,,,,,,,,,,,,,,,
ood_exposure,LOG_TRAIN_P50,0.2,True,176,9,0.0035488958990536,0.1111111111111111,0.1345972779004521,0.1133283653048257,0.0983367892109694,0.9712145110410094,0.0252365930599369,0.0,0.99,0.02,0.95,0.1,,,,,,,,,,,
ood_exposure,LOG_TRAIN_P90,0.01,False,0,0,0.0,,,,,,,,,,,,0.0090694006309148,0.217391304347826,0.0997679413011087,0.2962075994110268,0.2238215549740859,0.9668769716088328,0.0240536277602523,0.0,-0.0090694006309148,,
ood_exposure,LOG_TRAIN_P90,0.02,False,0,0,0.0,,,,,,,,,,,,0.0090694006309148,0.217391304347826,0.0997679413011087,0.2962075994110268,0.2238215549740859,0.9668769716088328,0.0240536277602523,0.0,-0.0090694006309148,,
ood_exposure,LOG_TRAIN_P90,0.05,False,0,0,0.0,,,,,,,,,,,,0.0090694006309148,0.217391304347826,0.0997679413011087,0.2962075994110268,0.2238215549740859,0.9668769716088328,0.0240536277602523,0.0,-0.0090694006309148,,
ood_exposure,LOG_TRAIN_P90,0.1,False,0,0,0.0,,,,,,,,,,,,0.0090694006309148,0.217391304347826,0.0997679413011087,0.2962075994110268,0.2238215549740859,0.9668769716088328,0.0240536277602523,0.0,-0.0090694006309148,,
ood_exposure,LOG_TRAIN_P90,0.2,True,128,9,0.0035488958990536,0.1111111111111111,0.1345972779004521,0.1133283653048256,0.0981375158640113,0.9712145110410094,0.0252365930599369,0.0,0.99,0.02,0.95,0.1,0.0090694006309148,0.217391304347826,0.0997679413011087,0.2962075994110268,0.2238215549740859,0.9668769716088328,0.0240536277602523,0.0,-0.005520504731861199,-0.10628019323671489,-0.0016304254370974047
ood_exposure,LOG_TRAIN_P99,0.01,False,0,0,0.0,,,,,,,,,,,,,,,,,,,,,,
ood_exposure,LOG_TRAIN_P99,0.02,False,0,0,0.0,,,,,,,,,,,,,,,,,,,,,,
ood_exposure,LOG_TRAIN_P99,0.05,False,0,0,0.0,,,,,,,,,,,,,,,,,,,,,,
ood_exposure,LOG_TRAIN_P99,0.1,False,0,0,0.0,,,,,,,,,,,,,,,,,,,,,,
ood_exposure,LOG_TRAIN_P99,0.2,True,160,33,0.0130126182965299,0.1818181818181818,0.2469818454877284,0.1867528419750243,0.0989567196402144,0.9582018927444796,0.0287854889589905,0.0,0.95,0.05,0.9,0.1,,,,,,,,,,,
ood_exposure,UNIFORM,0.01,False,0,0,0.0,,,,,,,,,,,,,,,,,,,,,,
ood_exposure,UNIFORM,0.02,False,0,0,0.0,,,,,,,,,,,,,,,,,,,,,,
ood_exposure,UNIFORM,0.05,False,0,0,0.0,,,,,,,,,,,,,,,,,,,,,,
ood_exposure,UNIFORM,0.1,False,0,0,0.0,,,,,,,,,,,,,,,,,,,,,,
ood_exposure,UNIFORM,0.2,True,128,9,0.0035488958990536,0.1111111111111111,0.1345972779004521,0.1111111111111111,0.0977050473186119,0.9672712933753944,0.029179810725552,0.0,0.99,0.01,0.9,0.1,,,,,,,,,,,
temporal,LOG_TRAIN_P50,0.01,False,0,0,0.0,,,,,,,,,,,,,,,,,,,,,,
temporal,LOG_TRAIN_P50,0.02,False,0,0,0.0,,,,,,,,,,,,,,,,,,,,,,
temporal,LOG_TRAIN_P50,0.05,False,0,0,0.0,,,,,,,,,,,,,,,,,,,,,,
temporal,LOG_TRAIN_P50,0.1,False,0,0,0.0,,,,,,,,,,,,,,,,,,,,,,
temporal,LOG_TRAIN_P50,0.2,True,320,8432,0.2243746673762639,0.172319734345351,0.1714088732600149,0.1733187642085525,0.11619603911271,0.75747738158595,0.018147951037786,0.0,0.9,0.1,0.9,0.1,,,,,,,,,,,
temporal,LOG_TRAIN_P90,0.01,False,0,0,0.0,,,,,,,,,,,,0.2190526875997871,0.1721331389698736,0.1043359054562943,0.1743672255614193,0.1731393601916486,0.7629324108568387,0.0180149015433741,0.0,-0.2190526875997871,,
temporal,LOG_TRAIN_P90,0.02,False,0,0,0.0,,,,,,,,,,,,0.2190526875997871,0.1721331389698736,0.1043359054562943,0.1743672255614193,0.1731393601916486,0.7629324108568387,0.0180149015433741,0.0,-0.2190526875997871,,
temporal,LOG_TRAIN_P90,0.05,False,0,0,0.0,,,,,,,,,,,,0.2190526875997871,0.1721331389698736,0.1043359054562943,0.1743672255614193,0.1731393601916486,0.7629324108568387,0.0180149015433741,0.0,-0.2190526875997871,,
temporal,LOG_TRAIN_P90,0.1,False,0,0,0.0,,,,,,,,,,,,0.2190526875997871,0.1721331389698736,0.1043359054562943,0.1743672255614193,0.1731393601916486,0.7629324108568387,0.0180149015433741,0.0,-0.2190526875997871,,
temporal,LOG_TRAIN_P90,0.2,True,320,8492,0.225971261309207,0.1720442769665567,0.1685211852540742,0.1728914098066998,0.1047117813923071,0.755614688664183,0.0184140500266099,0.0,0.9,0.1,0.9,0.1,0.2190526875997871,0.1721331389698736,0.1043359054562943,0.1743672255614193,0.1731393601916486,0.7629324108568387,0.0180149015433741,0.0,0.006918573709419895,-8.886200331689742e-05,0.0003758759360127928
temporal,LOG_TRAIN_P99,0.01,False,0,0,0.0,,,,,,,,,,,,,,,,,,,,,,
temporal,LOG_TRAIN_P99,0.02,False,0,0,0.0,,,,,,,,,,,,,,,,,,,,,,
temporal,LOG_TRAIN_P99,0.05,False,0,0,0.0,,,,,,,,,,,,,,,,,,,,,,
temporal,LOG_TRAIN_P99,0.1,False,0,0,0.0,,,,,,,,,,,,,,,,,,,,,,
temporal,LOG_TRAIN_P99,0.2,True,320,8494,0.2260244811069718,0.1720037673651989,0.1671569330936515,0.1728189632970656,0.0995635376770718,0.7554816391697712,0.018493879723257,0.0,0.9,0.1,0.9,0.1,,,,,,,,,,,
temporal,UNIFORM,0.01,False,0,0,0.0,,,,,,,,,,,,,,,,,,,,,,
temporal,UNIFORM,0.02,False,0,0,0.0,,,,,,,,,,,,,,,,,,,,,,
temporal,UNIFORM,0.05,False,0,0,0.0,,,,,,,,,,,,,,,,,,,,,,
temporal,UNIFORM,0.1,False,0,0,0.0,,,,,,,,,,,,,,,,,,,,,,
temporal,UNIFORM,0.2,True,320,8494,0.2260244811069718,0.1720037673651989,0.1671569330936515,0.1720037673651989,0.1148270356572645,0.7558807876530069,0.0180947312400212,0.0,0.9,0.1,0.95,0.05,,,,,,,,,,,
