regime,comparison_group,variable,n,missing_n,mean,std,p01,p05,p25,p50,p75,p95,p99,min,max
grouped_iid,CONTRADICTION_BLOCKED,po_value_initial_eur,16598,0,4310.571797806965,38596.24400875058,13.0,37.800000000000004,179.0,554.0,2113.975,15039.792499999994,52093.0,0.0,2403220.0
grouped_iid,CONTRADICTION_BLOCKED,invoice_value_t0_eur,16598,0,4364.089763826967,38606.0877757351,13.65,38.0,181.0,569.0,2198.0625,15346.004999999988,51366.3404999997,0.0,2078460.0
grouped_iid,CONTRADICTION_BLOCKED,latest_gr_value_before_t0_eur,16598,0,5050.667911796602,44829.91995223719,15.0,41.0,185.0,575.0,2218.0,15528.999999999993,54769.74999999962,0.0,2078460.0
grouped_iid,CONTRADICTION_BLOCKED,inv_po_abs_rel_diff,16596,2,0.4336230959022645,3.707330937759354,0.05,0.05000000000000004,0.09090909090909105,0.2,0.3333333333333333,1.0,1.0,0.04761904761904759,215.1153846153846
grouped_iid,CONTRADICTION_BLOCKED,inv_gr_abs_rel_diff,16596,2,0.1668938426182297,1.4446456797490494,0.0,0.0,0.0,0.050000000000000024,0.25,0.5,0.5,0.0,115.17904290429043
grouped_iid,CONTRADICTION_BLOCKED,events_available_at_t0,16598,0,5.00843475117484,7.508244225190913,4.0,4.0,4.0,4.0,5.0,6.0,12.0,3.0,291.0
grouped_iid,CONTRADICTION_BLOCKED,n_goods_receipts_before_t0,16598,0,1.2279792746113989,3.638408235209993,1.0,1.0,1.0,1.0,1.0,1.0,4.0,1.0,144.0
grouped_iid,CONTRADICTION_BLOCKED,n_cancel_gr_before_t0,16598,0,0.004880106036871912,0.10716476568508392,0.0,0.0,0.0,0.0,0.0,0.0,0.0,0.0,10.0
grouped_iid,CONTRADICTION_BLOCKED,n_invoice_receipts_at_t0_history,16598,0,1.0,0.0,1.0,1.0,1.0,1.0,1.0,1.0,1.0,1.0,1.0
grouped_iid,CONTRADICTION_BLOCKED,n_cancel_invoice_before_t0,16598,0,0.0,0.0,0.0,0.0,0.0,0.0,0.0,0.0,0.0,0.0,0.0
grouped_iid,CONTRADICTION_BLOCKED,n_price_change_before_t0,16598,0,0.042414748764911435,0.21763821478076387,0.0,0.0,0.0,0.0,0.0,0.0,1.0,0.0,6.0
grouped_iid,CONTRADICTION_BLOCKED,n_quantity_change_before_t0,16598,0,0.08717917821424268,0.36908062189752433,0.0,0.0,0.0,0.0,0.0,1.0,2.0,0.0,11.0
grouped_iid,CONTRADICTION_BLOCKED,n_set_payment_block_before_t0,16598,0,0.0,0.0,0.0,0.0,0.0,0.0,0.0,0.0,0.0,0.0,0.0
grouped_iid,CONTRADICTION_BLOCKED,n_remove_payment_block_before_t0,16598,0,0.0,0.0,0.0,0.0,0.0,0.0,0.0,0.0,0.0,0.0,0.0
grouped_iid,CONTRADICTION_BLOCKED,n_service_entry_before_t0,16598,0,0.21038679358958912,3.960515866169272,0.0,0.0,0.0,0.0,0.0,0.0,1.0,0.0,144.0
grouped_iid,CONTRADICTION_BLOCKED,n_delete_po_before_t0,16598,0,0.0013857091215809135,0.037200434240183676,0.0,0.0,0.0,0.0,0.0,0.0,0.0,0.0,1.0
grouped_iid,CONTRADICTION_BLOCKED,n_block_po_before_t0,16598,0,0.0010242197855163274,0.031988004115311865,0.0,0.0,0.0,0.0,0.0,0.0,0.0,0.0,1.0
grouped_iid,CONTRADICTION_BLOCKED,n_reactivate_po_before_t0,16598,0,0.0024099289070972406,0.04903331523070282,0.0,0.0,0.0,0.0,0.0,0.0,0.0,0.0,1.0
grouped_iid,CONTRADICTION_BLOCKED,n_change_approval_before_t0,16598,0,0.01608627545487408,0.23983899377013626,0.0,0.0,0.0,0.0,0.0,0.0,1.0,0.0,10.0
grouped_iid,CONTRADICTION_BLOCKED,n_release_po_before_t0,16598,0,0.005000602482226774,0.13502334557301707,0.0,0.0,0.0,0.0,0.0,0.0,0.0,0.0,5.0
grouped_iid,CONTRADICTION_BLOCKED,po_to_invoice_days,16598,0,35.40848370285576,34.69414645665329,2.3346805555555554,5.4300347222222225,14.19357638888889,25.127777777777776,44.03611111111111,103.71041666666666,186.61875,0.029861111111111113,336.15416666666664
grouped_iid,CONTRADICTION_BLOCKED,vendor_invoice_to_recorded_invoice_days,16372,226,19.973455739134565,37.07166340759312,0.4042569444444445,0.6059375,4.314583333333333,11.478472222222223,28.480208333333334,62.524583333333325,113.75069444444445,0.18472222222222223,3709.64375
grouped_iid,CONTRADICTION_BLOCKED,last_gr_to_invoice_days,16598,0,20.796191893936353,28.59787564866618,0.0847013888888889,0.7215277777777778,3.9479166666666665,11.081944444444446,28.02135416666667,64.4266666666666,182.34695833333328,0.0006944444444444445,322.96527777777777
grouped_iid,CONTRADICTION_BLOCKED,p_safe_t0_cal,16598,0,0.949371420471318,0.07617421124799403,0.5180722891566265,0.8638297872340426,0.9442204301075269,0.9774535809018567,0.9838585703305149,0.987708947885939,0.9927272727272727,0.0,1.0
grouped_iid,CONTRADICTION_BLOCKED,p_safe_t0_raw,16598,0,0.9508928668114305,0.07068797140465546,0.6516953046589384,0.8602970790663683,0.9448030048780585,0.9748798784043444,0.9802926925542165,0.9863759222872637,0.9929356659528611,2.031670398675921e-11,0.9990738280698207
grouped_iid,CONTRADICTION_BLOCKED,transaction_exposure_eur,16598,0,4262.217978069647,37931.51312569512,14.0,41.0,184.0,570.0,2161.0,14598.449999999992,49832.269999999524,0.0,2078460.0
grouped_iid,CONTRADICTION_VALID_NOT_EXECUTED,po_value_initial_eur,361,0,8340.664958448755,18976.157172809737,19.0,44.1,257.25,1246.3500000000001,6106.8,43998.15,116210.84999999993,0.0,134129.1
grouped_iid,CONTRADICTION_VALID_NOT_EXECUTED,invoice_value_t0_eur,361,0,8012.0108033240995,18113.697231066828,18.05,42.0,245.0,1187.0,5819.0,41903.0,110676.99999999993,0.0,127742.0
grouped_iid,CONTRADICTION_VALID_NOT_EXECUTED,latest_gr_value_before_t0_eur,361,0,8003.6537396121885,18139.758654963585,19.0,42.0,245.0,1196.0,5819.0,41903.0,110676.99999999993,0.0,127742.0
grouped_iid,CONTRADICTION_VALID_NOT_EXECUTED,inv_po_abs_rel_diff,360,1,0.04804232804232807,0.0009115659142613998,0.04761904761904758,0.04761904761904759,0.047619047619047644,0.04761904761904768,0.04761904761904772,0.04999999999999997,0.04999999999999997,0.047619047619047575,0.04999999999999997
grouped_iid,CONTRADICTION_VALID_NOT_EXECUTED,inv_gr_abs_rel_diff,360,1,0.008888888888888882,0.019142884199490017,0.0,0.0,0.0,0.0,0.0,0.04999999999999997,0.04999999999999997,0.0,0.04999999999999997
grouped_iid,CONTRADICTION_VALID_NOT_EXECUTED,events_available_at_t0,361,0,5.45983379501385,1.6087154900275948,4.0,4.0,5.0,5.0,6.0,7.0,10.399999999999977,4.0,26.0
grouped_iid,CONTRADICTION_VALID_NOT_EXECUTED,n_goods_receipts_before_t0,361,0,1.074792243767313,0.32905846077306755,1.0,1.0,1.0,1.0,1.0,2.0,2.0,1.0,5.0
grouped_iid,CONTRADICTION_VALID_NOT_EXECUTED,n_cancel_gr_before_t0,361,0,0.008310249307479225,0.09090699233706397,0.0,0.0,0.0,0.0,0.0,0.0,0.0,0.0,1.0
grouped_iid,CONTRADICTION_VALID_NOT_EXECUTED,n_invoice_receipts_at_t0_history,361,0,1.0,0.0,1.0,1.0,1.0,1.0,1.0,1.0,1.0,1.0,1.0
grouped_iid,CONTRADICTION_VALID_NOT_EXECUTED,n_cancel_invoice_before_t0,361,0,0.0,0.0,0.0,0.0,0.0,0.0,0.0,0.0,0.0,0.0,0.0
grouped_iid,CONTRADICTION_VALID_NOT_EXECUTED,n_price_change_before_t0,361,0,0.07202216066481995,0.27952054099989526,0.0,0.0,0.0,0.0,0.0,1.0,1.0,0.0,2.0
grouped_iid,CONTRADICTION_VALID_NOT_EXECUTED,n_quantity_change_before_t0,361,0,0.22437673130193905,0.6028300957533165,0.0,0.0,0.0,0.0,0.0,1.0,3.0,0.0,5.0
grouped_iid,CONTRADICTION_VALID_NOT_EXECUTED,n_set_payment_block_before_t0,361,0,0.0,0.0,0.0,0.0,0.0,0.0,0.0,0.0,0.0,0.0,0.0
grouped_iid,CONTRADICTION_VALID_NOT_EXECUTED,n_remove_payment_block_before_t0,361,0,0.0,0.0,0.0,0.0,0.0,0.0,0.0,0.0,0.0,0.0,0.0
grouped_iid,CONTRADICTION_VALID_NOT_EXECUTED,n_service_entry_before_t0,361,0,0.01662049861495845,0.14813917075497932,0.0,0.0,0.0,0.0,0.0,0.0,1.0,0.0,2.0
grouped_iid,CONTRADICTION_VALID_NOT_EXECUTED,n_delete_po_before_t0,361,0,0.0,0.0,0.0,0.0,0.0,0.0,0.0,0.0,0.0,0.0,0.0
grouped_iid,CONTRADICTION_VALID_NOT_EXECUTED,n_block_po_before_t0,361,0,0.002770083102493075,0.05263157894736843,0.0,0.0,0.0,0.0,0.0,0.0,0.0,0.0,1.0
grouped_iid,CONTRADICTION_VALID_NOT_EXECUTED,n_reactivate_po_before_t0,361,0,0.002770083102493075,0.05263157894736843,0.0,0.0,0.0,0.0,0.0,0.0,0.0,0.0,1.0
grouped_iid,CONTRADICTION_VALID_NOT_EXECUTED,n_change_approval_before_t0,361,0,0.038781163434903045,0.276169551945858,0.0,0.0,0.0,0.0,0.0,0.0,1.0,0.0,4.0
grouped_iid,CONTRADICTION_VALID_NOT_EXECUTED,n_release_po_before_t0,361,0,0.01662049861495845,0.22298652804541952,0.0,0.0,0.0,0.0,0.0,0.0,0.0,0.0,4.0
grouped_iid,CONTRADICTION_VALID_NOT_EXECUTED,po_to_invoice_days,361,0,40.99382502308403,36.09069925146339,3.7777777777777777,6.518055555555556,18.172916666666666,31.165972222222223,51.125,117.1451388888889,190.4148611111111,2.129166666666667,199.07222222222222
grouped_iid,CONTRADICTION_VALID_NOT_EXECUTED,vendor_invoice_to_recorded_invoice_days,361,0,32.41465643274854,195.32320545850635,0.4297222222222222,0.7381944444444445,5.729166666666667,17.43263888888889,30.686805555555555,58.58958333333333,101.80291666666665,0.30694444444444446,3709.64375
grouped_iid,CONTRADICTION_VALID_NOT_EXECUTED,last_gr_to_invoice_days,361,0,21.39005847953216,22.386603829214344,0.13916666666666666,0.6784722222222223,5.055555555555555,15.784722222222221,29.242361111111112,56.074305555555554,107.42333333333309,0.027777777777777776,178.27847222222223
grouped_iid,CONTRADICTION_VALID_NOT_EXECUTED,p_safe_t0_cal,361,0,0.8809597706995207,0.10201895315938812,0.5161290322580645,0.6093749999999999,0.8638297872340426,0.8968253968253969,0.9442204301075269,0.9442204301075269,0.9466666666666667,0.0011838989739542227,0.9466666666666667
grouped_iid,CONTRADICTION_VALID_NOT_EXECUTED,p_safe_t0_raw,361,0,0.8928830624045738,0.0967389254284572,0.4073074534464216,0.7425789102688187,0.8832209377212371,0.9262388189543297,0.9387066069061004,0.947409042340861,0.9494132129006981,4.463634914793821e-05,0.9496388164483018
grouped_iid,CONTRADICTION_VALID_NOT_EXECUTED,transaction_exposure_eur,361,0,8003.6537396121885,18139.758654963585,19.0,42.0,245.0,1196.0,5819.0,41903.0,110676.99999999993,0.0,127742.0
grouped_iid,CONTRADICTION_VALID_EXECUTED,po_value_initial_eur,975,0,2033.7159487179488,5704.3932352770025,13.377,43.050000000000004,172.0,437.85,1448.6750000000002,8571.074999999992,32229.413999999982,4.2,97843.2
grouped_iid,CONTRADICTION_VALID_EXECUTED,invoice_value_t0_eur,975,0,1961.1396923076923,5508.271166442192,12.74,41.7,172.0,417.0,1415.925,8287.444999999998,30694.679999999986,4.0,93184.0
grouped_iid,CONTRADICTION_VALID_EXECUTED,latest_gr_value_before_t0_eur,975,0,1957.1251282051282,5494.314003618998,12.74,42.0,172.0,417.0,1405.5,8325.099999999999,30694.679999999986,4.0,93184.0
grouped_iid,CONTRADICTION_VALID_EXECUTED,inv_po_abs_rel_diff,975,0,0.04802197802197805,0.0008932096467765908,0.04761904761904758,0.04761904761904758,0.047619047619047616,0.04761904761904768,0.047619047619047714,0.04999999999999997,0.04999999999999997,0.047619047619047575,0.04999999999999997
grouped_iid,CONTRADICTION_VALID_EXECUTED,inv_gr_abs_rel_diff,975,0,0.008461538461538454,0.018757402582309,0.0,0.0,0.0,0.0,0.0,0.04999999999999997,0.04999999999999997,0.0,0.04999999999999997
grouped_iid,CONTRADICTION_VALID_EXECUTED,events_available_at_t0,975,0,4.377435897435897,1.1067756551650876,4.0,4.0,4.0,4.0,4.0,5.0,11.0,4.0,15.0
grouped_iid,CONTRADICTION_VALID_EXECUTED,n_goods_receipts_before_t0,975,0,1.041025641025641,0.5681113332979146,1.0,1.0,1.0,1.0,1.0,1.0,2.0,1.0,12.0
grouped_iid,CONTRADICTION_VALID_EXECUTED,n_cancel_gr_before_t0,975,0,0.0010256410256410256,0.03202563076101743,0.0,0.0,0.0,0.0,0.0,0.0,0.0,0.0,1.0
grouped_iid,CONTRADICTION_VALID_EXECUTED,n_invoice_receipts_at_t0_history,975,0,1.0,0.0,1.0,1.0,1.0,1.0,1.0,1.0,1.0,1.0,1.0
grouped_iid,CONTRADICTION_VALID_EXECUTED,n_cancel_invoice_before_t0,975,0,0.0,0.0,0.0,0.0,0.0,0.0,0.0,0.0,0.0,0.0,0.0
grouped_iid,CONTRADICTION_VALID_EXECUTED,n_price_change_before_t0,975,0,0.033846153846153845,0.1865142174449816,0.0,0.0,0.0,0.0,0.0,0.0,1.0,0.0,2.0
grouped_iid,CONTRADICTION_VALID_EXECUTED,n_quantity_change_before_t0,975,0,0.046153846153846156,0.25817849730628534,0.0,0.0,0.0,0.0,0.0,0.0,1.0,0.0,3.0
grouped_iid,CONTRADICTION_VALID_EXECUTED,n_set_payment_block_before_t0,975,0,0.0,0.0,0.0,0.0,0.0,0.0,0.0,0.0,0.0,0.0,0.0
grouped_iid,CONTRADICTION_VALID_EXECUTED,n_remove_payment_block_before_t0,975,0,0.0,0.0,0.0,0.0,0.0,0.0,0.0,0.0,0.0,0.0,0.0
grouped_iid,CONTRADICTION_VALID_EXECUTED,n_service_entry_before_t0,975,0,0.005128205128205128,0.07146428994634231,0.0,0.0,0.0,0.0,0.0,0.0,0.0,0.0,1.0
grouped_iid,CONTRADICTION_VALID_EXECUTED,n_delete_po_before_t0,975,0,0.0010256410256410256,0.03202563076101743,0.0,0.0,0.0,0.0,0.0,0.0,0.0,0.0,1.0
grouped_iid,CONTRADICTION_VALID_EXECUTED,n_block_po_before_t0,975,0,0.0020512820512820513,0.04526782535327963,0.0,0.0,0.0,0.0,0.0,0.0,0.0,0.0,1.0
grouped_iid,CONTRADICTION_VALID_EXECUTED,n_reactivate_po_before_t0,975,0,0.003076923076923077,0.05541303961814404,0.0,0.0,0.0,0.0,0.0,0.0,0.0,0.0,1.0
grouped_iid,CONTRADICTION_VALID_EXECUTED,n_change_approval_before_t0,975,0,0.0041025641025641026,0.06395254387561103,0.0,0.0,0.0,0.0,0.0,0.0,0.0,0.0,1.0
grouped_iid,CONTRADICTION_VALID_EXECUTED,n_release_po_before_t0,975,0,0.0010256410256410256,0.03202563076101743,0.0,0.0,0.0,0.0,0.0,0.0,0.0,0.0,1.0
grouped_iid,CONTRADICTION_VALID_EXECUTED,po_to_invoice_days,975,0,30.248938034188036,24.650747208819414,2.2623194444444445,5.131388888888889,13.771875,23.62152777777778,40.080555555555556,75.0915972222221,126.07912499999999,0.48055555555555557,175.39444444444445
grouped_iid,CONTRADICTION_VALID_EXECUTED,vendor_invoice_to_recorded_invoice_days,975,0,17.69299287749288,20.383998337865986,0.38780555555555557,0.5472222222222223,3.678472222222222,9.371527777777779,27.060069444444444,59.571666666666665,87.70123611111107,0.23958333333333334,143.72152777777777
grouped_iid,CONTRADICTION_VALID_EXECUTED,last_gr_to_invoice_days,975,0,17.52068660968661,20.436289727996762,0.059430555555555556,0.716875,3.8239583333333336,9.091666666666667,26.238888888888887,59.33548611111108,92.03941666666667,0.004166666666666667,156.79722222222222
grouped_iid,CONTRADICTION_VALID_EXECUTED,p_safe_t0_cal,975,0,0.9790167903865452,0.008727964087908243,0.9562575941676792,0.9562575941676792,0.9751098096632503,0.9781046869654465,0.987708947885939,0.987708947885939,0.9927272727272727,0.9562575941676792,1.0
grouped_iid,CONTRADICTION_VALID_EXECUTED,p_safe_t0_raw,975,0,0.9763436463199042,0.010111486740947079,0.9506965733903208,0.9559942739001368,0.9699783488131914,0.9786686216459064,0.9839896858046122,0.9901675907708938,0.9930963673161286,0.9496728288423577,0.9978599717314746
grouped_iid,CONTRADICTION_VALID_EXECUTED,transaction_exposure_eur,975,0,1957.1251282051282,5494.314003618998,12.74,42.0,172.0,417.0,1405.5,8325.099999999999,30694.679999999986,4.0,93184.0
grouped_iid,NATURAL_REFERENCE_EXECUTE,po_value_initial_eur,7566,0,4383.757599788528,33274.45804752203,15.0,42.0,192.0,591.5,2243.25,15316.25,52616.25000000001,1.0,2078460.0
grouped_iid,NATURAL_REFERENCE_EXECUTE,invoice_value_t0_eur,7566,0,4535.598731165742,33793.99269172869,16.0,42.0,195.25,602.0,2316.25,15613.5,53463.35000000002,1.0,2078460.0
grouped_iid,NATURAL_REFERENCE_EXECUTE,latest_gr_value_before_t0_eur,7566,0,5174.429949775311,43937.32469143554,16.0,42.0,194.25,598.5,2286.0,16075.25,55794.050000000054,1.0,2078460.0
grouped_iid,NATURAL_REFERENCE_EXECUTE,inv_po_abs_rel_diff,7566,0,0.16727480551836021,3.3688871153206033,0.0,0.0,0.0,0.0,0.0,0.0,0.0,0.0,141.05217391304348
grouped_iid,NATURAL_REFERENCE_EXECUTE,inv_gr_abs_rel_diff,7566,0,0.04700161024078125,1.587616599016199,0.0,0.0,0.0,0.0,0.0,0.0,0.0,0.0,122.66666666666667
grouped_iid,NATURAL_REFERENCE_EXECUTE,events_available_at_t0,7566,0,4.992069785884219,6.669831500036821,4.0,4.0,4.0,4.0,5.0,6.0,13.0,3.0,282.0
grouped_iid,NATURAL_REFERENCE_EXECUTE,n_goods_receipts_before_t0,7566,0,1.2262754427702882,3.2529130052045026,1.0,1.0,1.0,1.0,1.0,1.0,4.0,1.0,137.0
grouped_iid,NATURAL_REFERENCE_EXECUTE,n_cancel_gr_before_t0,7566,0,0.004890298704731694,0.07866958767428088,0.0,0.0,0.0,0.0,0.0,0.0,0.0,0.0,3.0
grouped_iid,NATURAL_REFERENCE_EXECUTE,n_invoice_receipts_at_t0_history,7566,0,1.0,0.0,1.0,1.0,1.0,1.0,1.0,1.0,1.0,1.0,1.0
grouped_iid,NATURAL_REFERENCE_EXECUTE,n_cancel_invoice_before_t0,7566,0,0.0,0.0,0.0,0.0,0.0,0.0,0.0,0.0,0.0,0.0,0.0
grouped_iid,NATURAL_REFERENCE_EXECUTE,n_price_change_before_t0,7566,0,0.043219666931007136,0.23248056550931767,0.0,0.0,0.0,0.0,0.0,0.0,1.0,0.0,6.0
grouped_iid,NATURAL_REFERENCE_EXECUTE,n_quantity_change_before_t0,7566,0,0.08115252445149353,0.33993357890669224,0.0,0.0,0.0,0.0,0.0,1.0,1.0,0.0,9.0
grouped_iid,NATURAL_REFERENCE_EXECUTE,n_set_payment_block_before_t0,7566,0,0.0,0.0,0.0,0.0,0.0,0.0,0.0,0.0,0.0,0.0,0.0
grouped_iid,NATURAL_REFERENCE_EXECUTE,n_remove_payment_block_before_t0,7566,0,0.0,0.0,0.0,0.0,0.0,0.0,0.0,0.0,0.0,0.0,0.0
grouped_iid,NATURAL_REFERENCE_EXECUTE,n_service_entry_before_t0,7566,0,0.19627279936558287,3.4790190687167355,0.0,0.0,0.0,0.0,0.0,0.0,1.0,0.0,142.0
grouped_iid,NATURAL_REFERENCE_EXECUTE,n_delete_po_before_t0,7566,0,0.0006608511763150939,0.025700228612011208,0.0,0.0,0.0,0.0,0.0,0.0,0.0,0.0,1.0
grouped_iid,NATURAL_REFERENCE_EXECUTE,n_block_po_before_t0,7566,0,0.0006608511763150939,0.025700228612011204,0.0,0.0,0.0,0.0,0.0,0.0,0.0,0.0,1.0
grouped_iid,NATURAL_REFERENCE_EXECUTE,n_reactivate_po_before_t0,7566,0,0.0013217023526301878,0.03633359240985736,0.0,0.0,0.0,0.0,0.0,0.0,0.0,0.0,1.0
grouped_iid,NATURAL_REFERENCE_EXECUTE,n_change_approval_before_t0,7566,0,0.011630980703145652,0.15805178470613215,0.0,0.0,0.0,0.0,0.0,0.0,0.0,0.0,8.0
grouped_iid,NATURAL_REFERENCE_EXECUTE,n_release_po_before_t0,7566,0,0.0025112344699973568,0.09407586941518041,0.0,0.0,0.0,0.0,0.0,0.0,0.0,0.0,4.0
grouped_iid,NATURAL_REFERENCE_EXECUTE,po_to_invoice_days,7566,0,35.25705357667342,33.57047899792705,2.907604166666667,5.602256944444444,14.793055555555556,25.913541666666667,44.29340277777778,99.03888888888889,181.38979166666724,0.029861111111111113,342.8986111111111
grouped_iid,NATURAL_REFERENCE_EXECUTE,vendor_invoice_to_recorded_invoice_days,7493,73,19.813097038717622,23.34621139192644,0.3964722222222222,0.6006944444444444,4.301388888888889,11.526388888888889,28.25625,61.45583333333333,113.81994444444439,0.18472222222222223,363.7013888888889
grouped_iid,NATURAL_REFERENCE_EXECUTE,last_gr_to_invoice_days,7566,0,20.37898346403501,27.34349259358232,0.08263888888888889,0.7456597222222222,3.9463541666666666,11.219444444444445,27.832638888888887,63.761805555555554,148.87222222222223,0.0,325.1791666666667
grouped_iid,NATURAL_REFERENCE_EXECUTE,p_safe_t0_cal,7566,0,0.9492398024943315,0.07587162874267839,0.5180722891566265,0.8638297872340426,0.9442204301075269,0.9774535809018567,0.9838585703305149,0.987708947885939,0.9927272727272727,0.0,1.0
grouped_iid,NATURAL_REFERENCE_EXECUTE,p_safe_t0_raw,7566,0,0.9506540681812705,0.07133981420908443,0.6636521025434233,0.859786383466942,0.9439136525558969,0.973952944948639,0.9801527750410394,0.9862925748117888,0.9928071643944749,2.13348304314113e-08,0.999064582747673
grouped_iid,NATURAL_REFERENCE_EXECUTE,transaction_exposure_eur,7566,0,4383.757599788528,33274.45804752203,15.0,42.0,192.0,591.5,2243.25,15316.25,52616.25000000001,1.0,2078460.0
temporal,CONTRADICTION_BLOCKED,po_value_initial_eur,17325,0,4245.480831168831,21025.56505935225,12.0,37.56000000000002,197.0,629.25,2429.1,18262.11999999999,56226.5,0.0,1886203.0
temporal,CONTRADICTION_BLOCKED,invoice_value_t0_eur,17325,0,4433.781546897548,32718.64726551024,12.5,39.0,201.0,646.0,2464.0,17549.909999999993,57245.27999999982,0.0,3772406.0
temporal,CONTRADICTION_BLOCKED,latest_gr_value_before_t0_eur,17325,0,4853.5748917748915,35247.465821534264,13.0,41.0,204.0,649.0,2535.0,19095.0,57691.0,0.0,3772406.0
temporal,CONTRADICTION_BLOCKED,inv_po_abs_rel_diff,17321,4,0.39561059501506624,2.7988735139846566,0.05,0.05000000000000004,0.09090909090909104,0.2,0.3333333333333333,1.0,1.0,0.04761904761904758,134.2700964630225
temporal,CONTRADICTION_BLOCKED,inv_gr_abs_rel_diff,17321,4,0.16024905904878559,1.4133514769296536,0.0,0.0,0.0,0.050000000000000024,0.25,0.5,0.5,0.0,100.34
temporal,CONTRADICTION_BLOCKED,events_available_at_t0,17325,0,5.341356421356421,5.806444809283616,3.0,4.0,4.0,5.0,5.0,7.0,11.0,3.0,221.0
temporal,CONTRADICTION_BLOCKED,n_goods_receipts_before_t0,17325,0,1.2208369408369408,3.233603630928028,1.0,1.0,1.0,1.0,1.0,1.0,4.0,1.0,177.0
temporal,CONTRADICTION_BLOCKED,n_cancel_gr_before_t0,17325,0,0.00531024531024531,0.1274746857651986,0.0,0.0,0.0,0.0,0.0,0.0,0.0,0.0,11.0
temporal,CONTRADICTION_BLOCKED,n_invoice_receipts_at_t0_history,17325,0,1.0,0.0,1.0,1.0,1.0,1.0,1.0,1.0,1.0,1.0,1.0
temporal,CONTRADICTION_BLOCKED,n_cancel_invoice_before_t0,17325,0,0.0,0.0,0.0,0.0,0.0,0.0,0.0,0.0,0.0,0.0,0.0
temporal,CONTRADICTION_BLOCKED,n_price_change_before_t0,17325,0,0.047157287157287155,0.2359504642676393,0.0,0.0,0.0,0.0,0.0,0.0,1.0,0.0,9.0
temporal,CONTRADICTION_BLOCKED,n_quantity_change_before_t0,17325,0,0.0982972582972583,0.43096492291612454,0.0,0.0,0.0,0.0,0.0,1.0,2.0,0.0,24.0
temporal,CONTRADICTION_BLOCKED,n_set_payment_block_before_t0,17325,0,0.0,0.0,0.0,0.0,0.0,0.0,0.0,0.0,0.0,0.0,0.0
temporal,CONTRADICTION_BLOCKED,n_remove_payment_block_before_t0,17325,0,0.0,0.0,0.0,0.0,0.0,0.0,0.0,0.0,0.0,0.0,0.0
temporal,CONTRADICTION_BLOCKED,n_service_entry_before_t0,17325,0,0.15578643578643578,2.9676207345944032,0.0,0.0,0.0,0.0,0.0,0.0,1.0,0.0,123.0
temporal,CONTRADICTION_BLOCKED,n_delete_po_before_t0,17325,0,0.0012121212121212121,0.03479542868285746,0.0,0.0,0.0,0.0,0.0,0.0,0.0,0.0,1.0
temporal,CONTRADICTION_BLOCKED,n_block_po_before_t0,17325,0,0.0008080808080808081,0.03222371764753928,0.0,0.0,0.0,0.0,0.0,0.0,0.0,0.0,2.0
temporal,CONTRADICTION_BLOCKED,n_reactivate_po_before_t0,17325,0,0.00202020202020202,0.04740391059180461,0.0,0.0,0.0,0.0,0.0,0.0,0.0,0.0,2.0
temporal,CONTRADICTION_BLOCKED,n_change_approval_before_t0,17325,0,0.009812409812409812,0.11480457588824317,0.0,0.0,0.0,0.0,0.0,0.0,0.0,0.0,3.0
temporal,CONTRADICTION_BLOCKED,n_release_po_before_t0,17325,0,0.001847041847041847,0.07043294497596599,0.0,0.0,0.0,0.0,0.0,0.0,0.0,0.0,3.0
temporal,CONTRADICTION_BLOCKED,po_to_invoice_days,17325,0,45.549622053872056,41.845522189857924,3.4356388888888927,8.096666666666668,21.289583333333333,34.981944444444444,52.40902777777778,122.29027777777773,215.66133333333303,0.15208333333333332,344.9951388888889
temporal,CONTRADICTION_BLOCKED,vendor_invoice_to_recorded_invoice_days,16918,407,24.156574153432896,22.116611697540087,0.5765069444444444,1.5652777777777778,6.354166666666667,21.53263888888889,34.475,59.69305555555555,101.48194444444445,0.20625,392.64375
temporal,CONTRADICTION_BLOCKED,last_gr_to_invoice_days,17325,0,27.874740379990378,35.382530871426574,0.23125,1.1430555555555555,6.274305555555555,21.0,34.81597222222222,79.29097222222222,194.12222222222223,0.001388888888888889,328.99583333333334
temporal,CONTRADICTION_BLOCKED,p_safe_t0_cal,17325,0,0.9660233215742849,0.055742498861586956,0.7619047619047619,0.8382352941176471,0.964453125,0.979382686279238,0.979382686279238,0.9925864909390445,0.9925864909390445,0.0,1.0
temporal,CONTRADICTION_BLOCKED,p_safe_t0_raw,17325,0,0.8758450418803992,0.1298444806068502,0.35930620379457334,0.6155516876980933,0.8486988036110071,0.9001490811423623,0.96562922292941,0.9873451645999475,0.9896646014405893,2.4840343920140686e-09,0.9998490591042529
temporal,CONTRADICTION_BLOCKED,transaction_exposure_eur,17325,0,4328.5286002886005,32168.92611892824,13.0,40.0,203.0,648.0,2481.0,17601.599999999955,53141.559999999794,0.0,3772406.0
temporal,CONTRADICTION_VALID_NOT_EXECUTED,po_value_initial_eur,130,0,15432.539615384616,21409.316720453593,45.2325,234.69750000000002,1447.25,5983.85,21420.825,58023.9975,77305.73599999996,0.0,140501.55000000002
temporal,CONTRADICTION_VALID_NOT_EXECUTED,invoice_value_t0_eur,130,0,14789.991923076925,20438.27653189328,44.947,233.10000000000002,1435.3875,5780.5,20634.5,55260.95,73490.97299999997,0.0,133811.0
temporal,CONTRADICTION_VALID_NOT_EXECUTED,latest_gr_value_before_t0_eur,130,0,14815.461538461539,20542.07824044329,43.99,229.5,1429.25,5771.5,20634.5,55260.95,76295.25999999994,0.0,133811.0
temporal,CONTRADICTION_VALID_NOT_EXECUTED,inv_po_abs_rel_diff,129,1,0.048006644518272454,0.000882414010003119,0.04761904761904758,0.04761904761904759,0.047619047619047644,0.04761904761904767,0.04761904761904772,0.04999999999999997,0.04999999999999997,0.04761904761904758,0.04999999999999997
temporal,CONTRADICTION_VALID_NOT_EXECUTED,inv_gr_abs_rel_diff,129,1,0.008139534883720925,0.01853069421006607,0.0,0.0,0.0,0.0,0.0,0.04999999999999997,0.04999999999999997,0.0,0.04999999999999997
temporal,CONTRADICTION_VALID_NOT_EXECUTED,events_available_at_t0,130,0,6.7846153846153845,2.4714952175988913,5.0,5.0,6.0,6.0,7.0,10.549999999999997,16.709999999999994,5.0,26.0
temporal,CONTRADICTION_VALID_NOT_EXECUTED,n_goods_receipts_before_t0,130,0,1.3076923076923077,1.2565867010078022,1.0,1.0,1.0,1.0,1.0,2.0,8.839999999999975,1.0,10.0
temporal,CONTRADICTION_VALID_NOT_EXECUTED,n_cancel_gr_before_t0,130,0,0.015384615384615385,0.12355304447984486,0.0,0.0,0.0,0.0,0.0,0.0,0.7099999999999937,0.0,1.0
temporal,CONTRADICTION_VALID_NOT_EXECUTED,n_invoice_receipts_at_t0_history,130,0,1.0,0.0,1.0,1.0,1.0,1.0,1.0,1.0,1.0,1.0,1.0
temporal,CONTRADICTION_VALID_NOT_EXECUTED,n_cancel_invoice_before_t0,130,0,0.0,0.0,0.0,0.0,0.0,0.0,0.0,0.0,0.0,0.0,0.0
temporal,CONTRADICTION_VALID_NOT_EXECUTED,n_price_change_before_t0,130,0,0.18461538461538463,0.38948615293405525,0.0,0.0,0.0,0.0,0.0,1.0,1.0,0.0,1.0
temporal,CONTRADICTION_VALID_NOT_EXECUTED,n_quantity_change_before_t0,130,0,0.3076923076923077,0.6802433883414305,0.0,0.0,0.0,0.0,0.0,1.0,3.4199999999999875,0.0,4.0
temporal,CONTRADICTION_VALID_NOT_EXECUTED,n_set_payment_block_before_t0,130,0,0.0,0.0,0.0,0.0,0.0,0.0,0.0,0.0,0.0,0.0,0.0
temporal,CONTRADICTION_VALID_NOT_EXECUTED,n_remove_payment_block_before_t0,130,0,0.0,0.0,0.0,0.0,0.0,0.0,0.0,0.0,0.0,0.0,0.0
temporal,CONTRADICTION_VALID_NOT_EXECUTED,n_service_entry_before_t0,130,0,0.007692307692307693,0.08770580193070292,0.0,0.0,0.0,0.0,0.0,0.0,0.0,0.0,1.0
temporal,CONTRADICTION_VALID_NOT_EXECUTED,n_delete_po_before_t0,130,0,0.007692307692307693,0.08770580193070292,0.0,0.0,0.0,0.0,0.0,0.0,0.0,0.0,1.0
temporal,CONTRADICTION_VALID_NOT_EXECUTED,n_block_po_before_t0,130,0,0.0,0.0,0.0,0.0,0.0,0.0,0.0,0.0,0.0,0.0,0.0
temporal,CONTRADICTION_VALID_NOT_EXECUTED,n_reactivate_po_before_t0,130,0,0.007692307692307693,0.08770580193070292,0.0,0.0,0.0,0.0,0.0,0.0,0.0,0.0,1.0
temporal,CONTRADICTION_VALID_NOT_EXECUTED,n_change_approval_before_t0,130,0,0.06923076923076923,0.3974426298312193,0.0,0.0,0.0,0.0,0.0,0.0,2.4199999999999875,0.0,3.0
temporal,CONTRADICTION_VALID_NOT_EXECUTED,n_release_po_before_t0,130,0,0.046153846153846156,0.3706591334395346,0.0,0.0,0.0,0.0,0.0,0.0,2.1299999999999812,0.0,3.0
temporal,CONTRADICTION_VALID_NOT_EXECUTED,po_to_invoice_days,130,0,53.77627136752137,32.646069572822825,8.360868055555555,16.973333333333333,36.01631944444445,42.668055555555554,64.13402777777779,105.54326388888889,183.67613194444394,6.30625,207.24930555555557
temporal,CONTRADICTION_VALID_NOT_EXECUTED,vendor_invoice_to_recorded_invoice_days,130,0,27.75050747863248,16.047646872146714,1.5077916666666666,4.593298611111111,16.66892361111111,28.554861111111112,35.67517361111111,48.79097222222222,86.94528472222201,0.48194444444444445,102.22777777777777
temporal,CONTRADICTION_VALID_NOT_EXECUTED,last_gr_to_invoice_days,130,0,26.717900641025643,16.94186263293636,0.86075,2.706180555555556,15.200347222222224,27.910416666666666,35.24375,50.21607638888889,86.8338124999998,0.13541666666666666,101.60555555555555
temporal,CONTRADICTION_VALID_NOT_EXECUTED,p_safe_t0_cal,130,0,0.8513001223711545,0.1059000080764114,0.49411764705882344,0.787797619047619,0.8382352941176471,0.8382352941176471,0.9386792452830188,0.9386792452830188,0.9386792452830188,0.0,0.9386792452830188
temporal,CONTRADICTION_VALID_NOT_EXECUTED,p_safe_t0_raw,130,0,0.581749831060647,0.12659447026990436,0.08228735249184968,0.3609401294527204,0.5235842137138136,0.6299394813330663,0.668998898279934,0.6973173426473831,0.7017158522100986,1.0706182072402963e-07,0.70292818105503
temporal,CONTRADICTION_VALID_NOT_EXECUTED,transaction_exposure_eur,130,0,14815.461538461539,20542.07824044329,43.99,229.5,1429.25,5771.5,20634.5,55260.95,76295.25999999994,0.0,133811.0
temporal,CONTRADICTION_VALID_EXECUTED,po_value_initial_eur,1350,0,3061.0347407407407,8970.55959111158,19.0,47.25,186.9,590.625,2194.6625000000004,11944.094999999985,43690.35,6.300000000000001,116277.0
temporal,CONTRADICTION_VALID_EXECUTED,invoice_value_t0_eur,1350,0,2945.811888888889,8635.649147589138,18.5155,45.0,178.0,575.4,2094.0,11359.492499999988,41654.0,6.0,110740.0
temporal,CONTRADICTION_VALID_EXECUTED,latest_gr_value_before_t0_eur,1350,0,2941.6585185185186,8607.38345898825,19.0,45.0,178.25,578.0,2095.75,11457.749999999978,41654.0,6.0,110740.0
temporal,CONTRADICTION_VALID_EXECUTED,inv_po_abs_rel_diff,1350,0,0.04804585537918875,0.0009135985754218204,0.04761904761904758,0.04761904761904758,0.047619047619047644,0.04761904761904767,0.04761904761904772,0.04999999999999997,0.04999999999999997,0.047619047619047575,0.04999999999999997
temporal,CONTRADICTION_VALID_EXECUTED,inv_gr_abs_rel_diff,1350,0,0.008962962962962957,0.019185570083858842,0.0,0.0,0.0,0.0,0.0,0.04999999999999997,0.04999999999999997,0.0,0.04999999999999997
temporal,CONTRADICTION_VALID_EXECUTED,events_available_at_t0,1350,0,5.042222222222223,1.8216622011754815,4.0,4.0,4.0,5.0,5.0,6.0,11.0,4.0,37.0
temporal,CONTRADICTION_VALID_EXECUTED,n_goods_receipts_before_t0,1350,0,1.1303703703703705,1.587351509445927,1.0,1.0,1.0,1.0,1.0,1.0,3.0,1.0,33.0
temporal,CONTRADICTION_VALID_EXECUTED,n_cancel_gr_before_t0,1350,0,0.0007407407407407407,0.027216552697590865,0.0,0.0,0.0,0.0,0.0,0.0,0.0,0.0,1.0
temporal,CONTRADICTION_VALID_EXECUTED,n_invoice_receipts_at_t0_history,1350,0,1.0,0.0,1.0,1.0,1.0,1.0,1.0,1.0,1.0,1.0,1.0
temporal,CONTRADICTION_VALID_EXECUTED,n_cancel_invoice_before_t0,1350,0,0.0,0.0,0.0,0.0,0.0,0.0,0.0,0.0,0.0,0.0,0.0
temporal,CONTRADICTION_VALID_EXECUTED,n_price_change_before_t0,1350,0,0.05037037037037037,0.23194605660862122,0.0,0.0,0.0,0.0,0.0,0.0,1.0,0.0,2.0
temporal,CONTRADICTION_VALID_EXECUTED,n_quantity_change_before_t0,1350,0,0.09037037037037036,0.33231538827300106,0.0,0.0,0.0,0.0,0.0,1.0,1.0,0.0,5.0
temporal,CONTRADICTION_VALID_EXECUTED,n_set_payment_block_before_t0,1350,0,0.0,0.0,0.0,0.0,0.0,0.0,0.0,0.0,0.0,0.0,0.0
temporal,CONTRADICTION_VALID_EXECUTED,n_remove_payment_block_before_t0,1350,0,0.0,0.0,0.0,0.0,0.0,0.0,0.0,0.0,0.0,0.0,0.0
temporal,CONTRADICTION_VALID_EXECUTED,n_service_entry_before_t0,1350,0,0.005925925925925926,0.07678005030589637,0.0,0.0,0.0,0.0,0.0,0.0,0.0,0.0,1.0
temporal,CONTRADICTION_VALID_EXECUTED,n_delete_po_before_t0,1350,0,0.0014814814814814814,0.0384757491714547,0.0,0.0,0.0,0.0,0.0,0.0,0.0,0.0,1.0
temporal,CONTRADICTION_VALID_EXECUTED,n_block_po_before_t0,1350,0,0.0,0.0,0.0,0.0,0.0,0.0,0.0,0.0,0.0,0.0,0.0
temporal,CONTRADICTION_VALID_EXECUTED,n_reactivate_po_before_t0,1350,0,0.0014814814814814814,0.0384757491714547,0.0,0.0,0.0,0.0,0.0,0.0,0.0,0.0,1.0
temporal,CONTRADICTION_VALID_EXECUTED,n_change_approval_before_t0,1350,0,0.008148148148148147,0.08993190064390405,0.0,0.0,0.0,0.0,0.0,0.0,0.0,0.0,1.0
temporal,CONTRADICTION_VALID_EXECUTED,n_release_po_before_t0,1350,0,0.0007407407407407407,0.02721655269759087,0.0,0.0,0.0,0.0,0.0,0.0,0.0,0.0,1.0
temporal,CONTRADICTION_VALID_EXECUTED,po_to_invoice_days,1350,0,40.08773302469136,30.987171523503267,3.171763888888889,8.130520833333334,20.991666666666667,33.17118055555555,49.96076388888889,102.18052083333325,164.1951388888889,1.9770833333333333,230.98819444444445
temporal,CONTRADICTION_VALID_EXECUTED,vendor_invoice_to_recorded_invoice_days,1350,0,23.28771656378601,23.30773918308682,0.5382986111111111,1.4820833333333334,5.616666666666666,19.655208333333334,33.63090277777778,58.58958333333333,94.6752361111111,0.36875,392.64375
temporal,CONTRADICTION_VALID_EXECUTED,last_gr_to_invoice_days,1350,0,22.77150154320988,21.391689258629224,0.18542361111111114,1.0880555555555556,5.768229166666667,18.23715277777778,33.50902777777778,57.982326388888886,96.08613888888888,0.041666666666666664,164.99375
temporal,CONTRADICTION_VALID_EXECUTED,p_safe_t0_cal,1350,0,0.9795407326716901,0.008874583019561543,0.964453125,0.964453125,0.979382686279238,0.979382686279238,0.9887175629936066,0.9925864909390445,0.9963673805601317,0.964453125,1.0
temporal,CONTRADICTION_VALID_EXECUTED,p_safe_t0_raw,1350,0,0.9103210700237506,0.06700732407742166,0.7238335544720146,0.7690334789320076,0.8806723269063264,0.9205955049783798,0.9683241767412729,0.9878892223153275,0.9920898863539649,0.7045892754646658,0.9966145658733221
temporal,CONTRADICTION_VALID_EXECUTED,transaction_exposure_eur,1350,0,2941.6585185185186,8607.38345898825,19.0,45.0,178.25,578.0,2095.75,11457.749999999978,41654.0,6.0,110740.0
temporal,NATURAL_REFERENCE_EXECUTE,po_value_initial_eur,7825,0,4339.381725239617,21258.252167953433,15.0,41.0,206.0,665.0,2598.0,17362.99999999998,53522.32000000019,0.0,1325018.0
temporal,NATURAL_REFERENCE_EXECUTE,invoice_value_t0_eur,7825,0,4571.528817891373,22978.274673216663,16.0,41.0,209.0,677.0,2684.0,18359.0,56301.84000000016,0.0,1325018.0
temporal,NATURAL_REFERENCE_EXECUTE,latest_gr_value_before_t0_eur,7825,0,5147.860319488818,28312.888710654606,16.0,41.0,208.0,671.0,2667.0,19613.59999999994,64369.60000000006,0.0,1325018.0
temporal,NATURAL_REFERENCE_EXECUTE,inv_po_abs_rel_diff,7821,4,0.17836891545681297,3.3109239001313817,0.0,0.0,0.0,0.0,0.0,0.0,0.0,0.0,115.29166666666667
temporal,NATURAL_REFERENCE_EXECUTE,inv_gr_abs_rel_diff,7821,4,0.06267891345415255,1.6629871393690754,0.0,0.0,0.0,0.0,0.0,0.0,0.0,0.0,85.22857142857143
temporal,NATURAL_REFERENCE_EXECUTE,events_available_at_t0,7825,0,5.421214057507987,6.8515675074472595,3.0,4.0,4.0,5.0,5.0,7.0,12.0,3.0,235.0
temporal,NATURAL_REFERENCE_EXECUTE,n_goods_receipts_before_t0,7825,0,1.256996805111821,3.866149094668167,1.0,1.0,1.0,1.0,1.0,1.0,4.0,1.0,177.0
temporal,NATURAL_REFERENCE_EXECUTE,n_cancel_gr_before_t0,7825,0,0.0038338658146964857,0.07139869769048043,0.0,0.0,0.0,0.0,0.0,0.0,0.0,0.0,3.0
temporal,NATURAL_REFERENCE_EXECUTE,n_invoice_receipts_at_t0_history,7825,0,1.0,0.0,1.0,1.0,1.0,1.0,1.0,1.0,1.0,1.0,1.0
temporal,NATURAL_REFERENCE_EXECUTE,n_cancel_invoice_before_t0,7825,0,0.0,0.0,0.0,0.0,0.0,0.0,0.0,0.0,0.0,0.0,0.0
temporal,NATURAL_REFERENCE_EXECUTE,n_price_change_before_t0,7825,0,0.04932907348242811,0.23305535341434383,0.0,0.0,0.0,0.0,0.0,0.0,1.0,0.0,3.0
temporal,NATURAL_REFERENCE_EXECUTE,n_quantity_change_before_t0,7825,0,0.09277955271565495,0.3702652776861121,0.0,0.0,0.0,0.0,0.0,1.0,1.0,0.0,11.0
temporal,NATURAL_REFERENCE_EXECUTE,n_set_payment_block_before_t0,7825,0,0.0,0.0,0.0,0.0,0.0,0.0,0.0,0.0,0.0,0.0,0.0
temporal,NATURAL_REFERENCE_EXECUTE,n_remove_payment_block_before_t0,7825,0,0.00012779552715654952,0.01130466837888443,0.0,0.0,0.0,0.0,0.0,0.0,0.0,0.0,1.0
temporal,NATURAL_REFERENCE_EXECUTE,n_service_entry_before_t0,7825,0,0.19079872204472845,3.367225528413685,0.0,0.0,0.0,0.0,0.0,0.0,1.0,0.0,118.0
temporal,NATURAL_REFERENCE_EXECUTE,n_delete_po_before_t0,7825,0,0.0011501597444089457,0.03389666225383335,0.0,0.0,0.0,0.0,0.0,0.0,0.0,0.0,1.0
temporal,NATURAL_REFERENCE_EXECUTE,n_block_po_before_t0,7825,0,0.0010223642172523962,0.035736161618473,0.0,0.0,0.0,0.0,0.0,0.0,0.0,0.0,2.0
temporal,NATURAL_REFERENCE_EXECUTE,n_reactivate_po_before_t0,7825,0,0.0021725239616613417,0.04923113744628577,0.0,0.0,0.0,0.0,0.0,0.0,0.0,0.0,2.0
temporal,NATURAL_REFERENCE_EXECUTE,n_change_approval_before_t0,7825,0,0.009584664536741214,0.11764189435195185,0.0,0.0,0.0,0.0,0.0,0.0,0.0,0.0,3.0
temporal,NATURAL_REFERENCE_EXECUTE,n_release_po_before_t0,7825,0,0.0023003194888178914,0.07990807782052786,0.0,0.0,0.0,0.0,0.0,0.0,0.0,0.0,3.0
temporal,NATURAL_REFERENCE_EXECUTE,po_to_invoice_days,7825,0,45.68104304224352,41.94797506342216,3.9997222222222217,8.107777777777779,21.322916666666668,35.08125,52.34861111111111,123.84999999999938,221.98105555555597,0.16111111111111112,350.00138888888887
temporal,NATURAL_REFERENCE_EXECUTE,vendor_invoice_to_recorded_invoice_days,7637,188,24.311503844587026,22.626275140849682,0.5881944444444445,1.5520833333333333,6.207638888888889,21.49513888888889,34.553472222222226,59.65430555555556,102.22777777777777,0.20694444444444443,392.64375
temporal,NATURAL_REFERENCE_EXECUTE,last_gr_to_invoice_days,7825,0,28.073796325878593,35.53724707318199,0.20277777777777778,1.1105555555555555,6.304861111111111,20.997916666666665,34.954861111111114,82.69402777777734,195.21405555555583,0.001388888888888889,325.1791666666667
temporal,NATURAL_REFERENCE_EXECUTE,p_safe_t0_cal,7825,0,0.9651533909603347,0.057604738700804396,0.7619047619047619,0.8382352941176471,0.964453125,0.979382686279238,0.979382686279238,0.9925864909390445,0.9925864909390445,0.0,1.0
temporal,NATURAL_REFERENCE_EXECUTE,p_safe_t0_raw,7825,0,0.8737007550273517,0.1322842381117753,0.35430260513472694,0.6099137041308715,0.8457965637228325,0.8995015504475288,0.9633918464206214,0.9872067706492436,0.990160606087513,2.7552241211710053e-09,0.9998608228116476
temporal,NATURAL_REFERENCE_EXECUTE,transaction_exposure_eur,7825,0,4339.381725239617,21258.252167953433,15.0,41.0,206.0,665.0,2598.0,17362.99999999998,53522.32000000019,0.0,1325018.0
ood_exposure,CONTRADICTION_BLOCKED,po_value_initial_eur,1108,0,148742.40022563175,502084.34444795176,26002.795000000002,38797.7875,54143.0,70185.25,112453.0,320951.39999999903,1885111.770000001,24626.0,8833459.0
ood_exposure,CONTRADICTION_BLOCKED,invoice_value_t0_eur,1108,0,160240.4249097473,655829.3372155234,26757.66,42295.3875,55062.7125,70483.125,112453.0,310168.7124999994,2011975.7840000063,24626.0,13250188.5
ood_exposure,CONTRADICTION_BLOCKED,latest_gr_value_before_t0_eur,1108,0,153100.8510830325,519040.20469039783,49384.0,50629.0,55557.0,69108.0,112453.0,339481.0,1922576.0,49211.0,8833459.0
ood_exposure,CONTRADICTION_BLOCKED,inv_po_abs_rel_diff,1108,0,0.2696190481056875,0.35168703393015804,0.05,0.050000000000000044,0.09090909090909102,0.2,0.3333333333333333,1.0,1.0,0.047619047619047714,7.800015121106316
ood_exposure,CONTRADICTION_BLOCKED,inv_gr_abs_rel_diff,1108,0,0.12930209364411666,0.290736618717208,0.0,0.0,0.0,0.050000000000000024,0.25,0.5,0.5810014914917633,0.0,7.800015121106316
ood_exposure,CONTRADICTION_BLOCKED,events_available_at_t0,1108,0,6.338447653429603,4.228573399985396,4.0,4.0,4.0,5.0,6.0,14.0,26.0,3.0,43.0
ood_exposure,CONTRADICTION_BLOCKED,n_goods_receipts_before_t0,1108,0,1.4566787003610109,2.2589619926433384,1.0,1.0,1.0,1.0,1.0,3.0,6.0,1.0,40.0
ood_exposure,CONTRADICTION_BLOCKED,n_cancel_gr_before_t0,1108,0,0.030685920577617327,0.20595620231552184,0.0,0.0,0.0,0.0,0.0,0.0,1.0,0.0,3.0
ood_exposure,CONTRADICTION_BLOCKED,n_invoice_receipts_at_t0_history,1108,0,1.0,0.0,1.0,1.0,1.0,1.0,1.0,1.0,1.0,1.0,1.0
ood_exposure,CONTRADICTION_BLOCKED,n_cancel_invoice_before_t0,1108,0,0.0,0.0,0.0,0.0,0.0,0.0,0.0,0.0,0.0,0.0,0.0
ood_exposure,CONTRADICTION_BLOCKED,n_price_change_before_t0,1108,0,0.08844765342960288,0.4264643511312716,0.0,0.0,0.0,0.0,0.0,1.0,1.0,0.0,6.0
ood_exposure,CONTRADICTION_BLOCKED,n_quantity_change_before_t0,1108,0,0.20667870036101083,0.8327480750350321,0.0,0.0,0.0,0.0,0.0,1.0,3.0,0.0,12.0
ood_exposure,CONTRADICTION_BLOCKED,n_set_payment_block_before_t0,1108,0,0.0,0.0,0.0,0.0,0.0,0.0,0.0,0.0,0.0,0.0,0.0
ood_exposure,CONTRADICTION_BLOCKED,n_remove_payment_block_before_t0,1108,0,0.0,0.0,0.0,0.0,0.0,0.0,0.0,0.0,0.0,0.0,0.0
ood_exposure,CONTRADICTION_BLOCKED,n_service_entry_before_t0,1108,0,0.30776173285198555,1.062650488454219,0.0,0.0,0.0,0.0,0.0,2.0,5.0,0.0,19.0
ood_exposure,CONTRADICTION_BLOCKED,n_delete_po_before_t0,1108,0,0.0009025270758122744,0.030042088406305484,0.0,0.0,0.0,0.0,0.0,0.0,0.0,0.0,1.0
ood_exposure,CONTRADICTION_BLOCKED,n_block_po_before_t0,1108,0,0.0009025270758122744,0.030042088406305484,0.0,0.0,0.0,0.0,0.0,0.0,0.0,0.0,1.0
ood_exposure,CONTRADICTION_BLOCKED,n_reactivate_po_before_t0,1108,0,0.0018050541516245488,0.042466734860771856,0.0,0.0,0.0,0.0,0.0,0.0,0.0,0.0,1.0
ood_exposure,CONTRADICTION_BLOCKED,n_change_approval_before_t0,1108,0,0.04061371841155235,0.3743978998575953,0.0,0.0,0.0,0.0,0.0,0.0,1.0,0.0,8.0
ood_exposure,CONTRADICTION_BLOCKED,n_release_po_before_t0,1108,0,0.018050541516245487,0.24718649753088345,0.0,0.0,0.0,0.0,0.0,0.0,0.0,0.0,5.0
ood_exposure,CONTRADICTION_BLOCKED,po_to_invoice_days,1108,0,59.81121139189732,43.32795207599993,7.1271458333333335,14.06263888888889,29.1,49.27256944444444,77.00173611111111,148.19440972222222,195.96881249999998,1.2673611111111112,337.76180555555555
ood_exposure,CONTRADICTION_BLOCKED,vendor_invoice_to_recorded_invoice_days,1105,3,27.16944821518351,27.799238768325466,0.5409722222222222,1.7002777777777778,8.694444444444445,20.544444444444444,36.39930555555556,74.5444444444444,129.2301944444446,0.3888888888888889,383.59722222222223
ood_exposure,CONTRADICTION_BLOCKED,last_gr_to_invoice_days,1108,0,21.10590277777778,24.206193648874454,0.024305555555555556,0.23045138888888894,4.923611111111111,14.026041666666666,30.98784722222222,58.22368055555554,100.8951388888889,0.002777777777777778,280.11041666666665
ood_exposure,CONTRADICTION_BLOCKED,p_safe_t0_cal,1108,0,0.6143582264831168,0.24723950224723534,0.0,0.25,0.41025641025641024,0.6206896551724138,0.8608305274971941,0.9556004036326943,0.9901960784313726,0.0,1.0
ood_exposure,CONTRADICTION_BLOCKED,p_safe_t0_raw,1108,0,0.6145520039381894,0.30622646778896995,5.895595211005246e-14,0.0034927382212612337,0.40945424538825814,0.7130560897976854,0.8682653359136252,0.9577557100208332,0.9921003908489567,2.8379470181962127e-55,0.9999999996708593
ood_exposure,CONTRADICTION_BLOCKED,transaction_exposure_eur,1108,0,150291.40613718412,516821.332083657,49384.0,50629.0,55394.5,66471.0,112453.0,333051.04999999824,1922576.0,49211.0,8833459.0
ood_exposure,CONTRADICTION_VALID_NOT_EXECUTED,po_value_initial_eur,85,0,269114.3688235295,757385.0349581536,51871.21800000001,52279.5,58146.9,69794.55,117786.90000000001,802318.0199999994,3643424.1959999977,51673.65,4312806.0
ood_exposure,CONTRADICTION_VALID_NOT_EXECUTED,invoice_value_t0_eur,85,0,261869.44823529408,748974.9363914207,49401.16,49790.0,55378.0,66969.3,112178.0,764112.3999999994,3537289.727999996,49213.0,4528446.3
ood_exposure,CONTRADICTION_VALID_NOT_EXECUTED,latest_gr_value_before_t0_eur,85,0,259142.7411764706,734551.2649798053,49401.16,49790.0,55378.0,69384.0,112178.0,764112.3999999994,3502787.2799999965,49213.0,4312806.0
ood_exposure,CONTRADICTION_VALID_NOT_EXECUTED,inv_po_abs_rel_diff,85,0,0.047843137254902,0.0006993457819261737,0.04761904761904758,0.047619047619047596,0.047619047619047644,0.04761904761904769,0.047619047619047714,0.04999999999999996,0.04999999999999996,0.04761904761904758,0.04999999999999997
ood_exposure,CONTRADICTION_VALID_NOT_EXECUTED,inv_gr_abs_rel_diff,85,0,0.004705882352941173,0.014686261420450191,0.0,0.0,0.0,0.0,0.0,0.04999999999999996,0.04999999999999996,0.0,0.04999999999999997
ood_exposure,CONTRADICTION_VALID_NOT_EXECUTED,events_available_at_t0,85,0,6.447058823529412,3.714533497445064,4.0,4.0,4.0,5.0,6.0,13.0,19.279999999999973,4.0,26.0
ood_exposure,CONTRADICTION_VALID_NOT_EXECUTED,n_goods_receipts_before_t0,85,0,1.3411764705882352,0.8803806154222188,1.0,1.0,1.0,1.0,1.0,3.0,5.159999999999997,1.0,6.0
ood_exposure,CONTRADICTION_VALID_NOT_EXECUTED,n_cancel_gr_before_t0,85,0,0.03529411764705882,0.2413779304785938,0.0,0.0,0.0,0.0,0.0,0.0,1.1599999999999966,0.0,2.0
ood_exposure,CONTRADICTION_VALID_NOT_EXECUTED,n_invoice_receipts_at_t0_history,85,0,1.0,0.0,1.0,1.0,1.0,1.0,1.0,1.0,1.0,1.0,1.0
ood_exposure,CONTRADICTION_VALID_NOT_EXECUTED,n_cancel_invoice_before_t0,85,0,0.0,0.0,0.0,0.0,0.0,0.0,0.0,0.0,0.0,0.0,0.0
ood_exposure,CONTRADICTION_VALID_NOT_EXECUTED,n_price_change_before_t0,85,0,0.03529411764705882,0.24137793047859382,0.0,0.0,0.0,0.0,0.0,0.0,1.1599999999999966,0.0,2.0
ood_exposure,CONTRADICTION_VALID_NOT_EXECUTED,n_quantity_change_before_t0,85,0,0.25882352941176473,0.9655117219143753,0.0,0.0,0.0,0.0,0.0,1.0,4.47999999999999,0.0,7.0
ood_exposure,CONTRADICTION_VALID_NOT_EXECUTED,n_set_payment_block_before_t0,85,0,0.0,0.0,0.0,0.0,0.0,0.0,0.0,0.0,0.0,0.0,0.0
ood_exposure,CONTRADICTION_VALID_NOT_EXECUTED,n_remove_payment_block_before_t0,85,0,0.0,0.0,0.0,0.0,0.0,0.0,0.0,0.0,0.0,0.0,0.0
ood_exposure,CONTRADICTION_VALID_NOT_EXECUTED,n_service_entry_before_t0,85,0,0.2,0.686606562325595,0.0,0.0,0.0,0.0,0.0,1.0,3.319999999999993,0.0,5.0
ood_exposure,CONTRADICTION_VALID_NOT_EXECUTED,n_delete_po_before_t0,85,0,0.0,0.0,0.0,0.0,0.0,0.0,0.0,0.0,0.0,0.0,0.0
ood_exposure,CONTRADICTION_VALID_NOT_EXECUTED,n_block_po_before_t0,85,0,0.0,0.0,0.0,0.0,0.0,0.0,0.0,0.0,0.0,0.0,0.0
ood_exposure,CONTRADICTION_VALID_NOT_EXECUTED,n_reactivate_po_before_t0,85,0,0.0,0.0,0.0,0.0,0.0,0.0,0.0,0.0,0.0,0.0,0.0
ood_exposure,CONTRADICTION_VALID_NOT_EXECUTED,n_change_approval_before_t0,85,0,0.0,0.0,0.0,0.0,0.0,0.0,0.0,0.0,0.0,0.0,0.0
ood_exposure,CONTRADICTION_VALID_NOT_EXECUTED,n_release_po_before_t0,85,0,0.0,0.0,0.0,0.0,0.0,0.0,0.0,0.0,0.0,0.0,0.0
ood_exposure,CONTRADICTION_VALID_NOT_EXECUTED,po_to_invoice_days,85,0,53.89174019607844,37.85681712132083,8.737694444444445,15.404305555555556,24.69236111111111,41.857638888888886,75.92083333333333,121.71569444444442,172.39486111111103,8.027777777777779,190.10486111111112
ood_exposure,CONTRADICTION_VALID_NOT_EXECUTED,vendor_invoice_to_recorded_invoice_days,85,0,24.589542483660132,26.003493966263346,0.63075,1.5875000000000001,7.586111111111111,14.470833333333333,34.66319444444444,59.680416666666666,122.23047222222212,0.5625,147.51388888888889
ood_exposure,CONTRADICTION_VALID_NOT_EXECUTED,last_gr_to_invoice_days,85,0,20.09248366013072,24.37849119547657,0.058555555555555555,0.07680555555555556,4.141666666666667,11.385416666666666,30.971527777777776,54.42972222222221,122.44830555555545,0.01597222222222222,148.03680555555556
ood_exposure,CONTRADICTION_VALID_NOT_EXECUTED,p_safe_t0_cal,85,0,0.5434224631895848,0.23640247193454772,0.0,0.0,0.41025641025641024,0.4814814814814814,0.688034188034188,0.9285714285714286,0.9285714285714286,0.0,0.9285714285714286
ood_exposure,CONTRADICTION_VALID_NOT_EXECUTED,p_safe_t0_raw,85,0,0.5632853575743817,0.29159169606432356,3.8313478789767583e-28,3.436268378419266e-06,0.3784282444062155,0.6221336675745349,0.8025942753642582,0.9370438165734336,0.9391205896488173,1.0352964342194155e-29,0.9395604054614748
ood_exposure,CONTRADICTION_VALID_NOT_EXECUTED,transaction_exposure_eur,85,0,259142.7411764706,734551.2649798053,49401.16,49790.0,55378.0,69384.0,112178.0,764112.3999999994,3502787.2799999965,49213.0,4312806.0
ood_exposure,CONTRADICTION_VALID_EXECUTED,po_value_initial_eur,2,0,95227.65,3698.9462830649427,92664.41100000001,92873.655,93919.875,95227.65,96535.425,97581.645,97790.889,92612.1,97843.2
ood_exposure,CONTRADICTION_VALID_EXECUTED,invoice_value_t0_eur,2,0,90693.0,3522.80598387138,88251.82,88451.1,89447.5,90693.0,91938.5,92934.9,93134.18,88202.0,93184.0
ood_exposure,CONTRADICTION_VALID_EXECUTED,latest_gr_value_before_t0_eur,2,0,90693.0,3522.80598387138,88251.82,88451.1,89447.5,90693.0,91938.5,92934.9,93134.18,88202.0,93184.0
ood_exposure,CONTRADICTION_VALID_EXECUTED,inv_po_abs_rel_diff,2,0,0.04761904761904763,6.397344083151129e-17,0.04761904761904759,0.047619047619047596,0.04761904761904761,0.04761904761904763,0.04761904761904766,0.04761904761904767,0.04761904761904768,0.04761904761904759,0.04761904761904768
ood_exposure,CONTRADICTION_VALID_EXECUTED,inv_gr_abs_rel_diff,2,0,0.0,0.0,0.0,0.0,0.0,0.0,0.0,0.0,0.0,0.0,0.0
ood_exposure,CONTRADICTION_VALID_EXECUTED,events_available_at_t0,2,0,12.0,0.0,12.0,12.0,12.0,12.0,12.0,12.0,12.0,12.0,12.0
ood_exposure,CONTRADICTION_VALID_EXECUTED,n_goods_receipts_before_t0,2,0,1.0,0.0,1.0,1.0,1.0,1.0,1.0,1.0,1.0,1.0,1.0
ood_exposure,CONTRADICTION_VALID_EXECUTED,n_cancel_gr_before_t0,2,0,0.0,0.0,0.0,0.0,0.0,0.0,0.0,0.0,0.0,0.0,0.0
ood_exposure,CONTRADICTION_VALID_EXECUTED,n_invoice_receipts_at_t0_history,2,0,1.0,0.0,1.0,1.0,1.0,1.0,1.0,1.0,1.0,1.0,1.0
ood_exposure,CONTRADICTION_VALID_EXECUTED,n_cancel_invoice_before_t0,2,0,0.0,0.0,0.0,0.0,0.0,0.0,0.0,0.0,0.0,0.0,0.0
ood_exposure,CONTRADICTION_VALID_EXECUTED,n_price_change_before_t0,2,0,0.0,0.0,0.0,0.0,0.0,0.0,0.0,0.0,0.0,0.0,0.0
ood_exposure,CONTRADICTION_VALID_EXECUTED,n_quantity_change_before_t0,2,0,0.0,0.0,0.0,0.0,0.0,0.0,0.0,0.0,0.0,0.0,0.0
ood_exposure,CONTRADICTION_VALID_EXECUTED,n_set_payment_block_before_t0,2,0,0.0,0.0,0.0,0.0,0.0,0.0,0.0,0.0,0.0,0.0,0.0
ood_exposure,CONTRADICTION_VALID_EXECUTED,n_remove_payment_block_before_t0,2,0,0.0,0.0,0.0,0.0,0.0,0.0,0.0,0.0,0.0,0.0,0.0
ood_exposure,CONTRADICTION_VALID_EXECUTED,n_service_entry_before_t0,2,0,1.0,0.0,1.0,1.0,1.0,1.0,1.0,1.0,1.0,1.0,1.0
ood_exposure,CONTRADICTION_VALID_EXECUTED,n_delete_po_before_t0,2,0,0.0,0.0,0.0,0.0,0.0,0.0,0.0,0.0,0.0,0.0,0.0
ood_exposure,CONTRADICTION_VALID_EXECUTED,n_block_po_before_t0,2,0,0.0,0.0,0.0,0.0,0.0,0.0,0.0,0.0,0.0,0.0,0.0
ood_exposure,CONTRADICTION_VALID_EXECUTED,n_reactivate_po_before_t0,2,0,0.0,0.0,0.0,0.0,0.0,0.0,0.0,0.0,0.0,0.0,0.0
ood_exposure,CONTRADICTION_VALID_EXECUTED,n_change_approval_before_t0,2,0,0.0,0.0,0.0,0.0,0.0,0.0,0.0,0.0,0.0,0.0,0.0
ood_exposure,CONTRADICTION_VALID_EXECUTED,n_release_po_before_t0,2,0,0.0,0.0,0.0,0.0,0.0,0.0,0.0,0.0,0.0,0.0,0.0
ood_exposure,CONTRADICTION_VALID_EXECUTED,po_to_invoice_days,2,0,48.61805555555556,3.5355339059327378,46.168055555555554,46.36805555555556,47.36805555555556,48.61805555555556,49.86805555555556,50.86805555555556,51.06805555555556,46.11805555555556,51.11805555555556
ood_exposure,CONTRADICTION_VALID_EXECUTED,vendor_invoice_to_recorded_invoice_days,2,0,43.078125,2.18466532604094,41.564229166666664,41.6878125,42.305729166666666,43.078125,43.850520833333334,44.4684375,44.592020833333336,41.53333333333333,44.62291666666667
ood_exposure,CONTRADICTION_VALID_EXECUTED,last_gr_to_invoice_days,2,0,23.06145833333333,24.17175784993597,6.311284722222222,7.678645833333333,14.515451388888888,23.06145833333333,31.607465277777777,38.44427083333333,39.81163194444444,5.969444444444444,40.15347222222222
ood_exposure,CONTRADICTION_VALID_EXECUTED,p_safe_t0_cal,2,0,0.9939712174251264,0.00852598608198484,0.9880630105017503,0.9885453131077402,0.9909568261376895,0.9939712174251264,0.9969856087125633,0.9993971217425126,0.9998794243485025,0.9879424348502528,1.0
ood_exposure,CONTRADICTION_VALID_EXECUTED,p_safe_t0_raw,2,0,0.9927753064899751,0.005245879064264461,0.9891400977635416,0.9894368494963117,0.9909206081601621,0.9927753064899751,0.994630004819788,0.9961137634836384,0.9964105152164086,0.9890659098303491,0.996484703149601
ood_exposure,CONTRADICTION_VALID_EXECUTED,transaction_exposure_eur,2,0,90693.0,3522.80598387138,88251.82,88451.1,89447.5,90693.0,91938.5,92934.9,93134.18,88202.0,93184.0
ood_exposure,NATURAL_REFERENCE_EXECUTE,po_value_initial_eur,520,0,176459.06346153846,625903.0913221642,49252.0,50077.05,55578.75,67861.5,112453.0,372407.55,2920237.1099999435,49211.0,8833459.0
ood_exposure,NATURAL_REFERENCE_EXECUTE,invoice_value_t0_eur,520,0,176554.9923076923,625887.4767581762,49252.0,50175.3,55582.0,68374.0,112453.0,372407.55,2920237.1099999435,49211.0,8833459.0
ood_exposure,NATURAL_REFERENCE_EXECUTE,latest_gr_value_before_t0_eur,520,0,177221.50576923077,625899.7327383657,49252.0,50077.05,55646.75,69130.0,112453.0,372407.55,2920237.1099999435,49211.0,8833459.0
ood_exposure,NATURAL_REFERENCE_EXECUTE,inv_po_abs_rel_diff,520,0,0.0019230769230769232,0.04385290096535145,0.0,0.0,0.0,0.0,0.0,0.0,0.0,0.0,1.0
ood_exposure,NATURAL_REFERENCE_EXECUTE,inv_gr_abs_rel_diff,520,0,0.006089761021240281,0.06473855198241335,0.0,0.0,0.0,0.0,0.0,0.0,0.0,0.0,1.0
ood_exposure,NATURAL_REFERENCE_EXECUTE,events_available_at_t0,520,0,6.459615384615384,4.56111400107299,4.0,4.0,4.0,5.0,6.0,13.0,26.0,4.0,49.0
ood_exposure,NATURAL_REFERENCE_EXECUTE,n_goods_receipts_before_t0,520,0,1.3788461538461538,1.9524044302186456,1.0,1.0,1.0,1.0,1.0,3.0,5.809999999999945,1.0,40.0
ood_exposure,NATURAL_REFERENCE_EXECUTE,n_cancel_gr_before_t0,520,0,0.013461538461538462,0.11535126240938912,0.0,0.0,0.0,0.0,0.0,0.0,1.0,0.0,1.0
ood_exposure,NATURAL_REFERENCE_EXECUTE,n_invoice_receipts_at_t0_history,520,0,1.0,0.0,1.0,1.0,1.0,1.0,1.0,1.0,1.0,1.0,1.0
ood_exposure,NATURAL_REFERENCE_EXECUTE,n_cancel_invoice_before_t0,520,0,0.0,0.0,0.0,0.0,0.0,0.0,0.0,0.0,0.0,0.0,0.0
ood_exposure,NATURAL_REFERENCE_EXECUTE,n_price_change_before_t0,520,0,0.11346153846153846,0.5124758920609619,0.0,0.0,0.0,0.0,0.0,1.0,2.0,0.0,6.0
ood_exposure,NATURAL_REFERENCE_EXECUTE,n_quantity_change_before_t0,520,0,0.18461538461538463,0.6944272019992721,0.0,0.0,0.0,0.0,0.0,1.0,3.0,0.0,9.0
ood_exposure,NATURAL_REFERENCE_EXECUTE,n_set_payment_block_before_t0,520,0,0.0,0.0,0.0,0.0,0.0,0.0,0.0,0.0,0.0,0.0,0.0
ood_exposure,NATURAL_REFERENCE_EXECUTE,n_remove_payment_block_before_t0,520,0,0.0,0.0,0.0,0.0,0.0,0.0,0.0,0.0,0.0,0.0,0.0
ood_exposure,NATURAL_REFERENCE_EXECUTE,n_service_entry_before_t0,520,0,0.3153846153846154,0.9798322013131138,0.0,0.0,0.0,0.0,0.0,2.0,4.0,0.0,10.0
ood_exposure,NATURAL_REFERENCE_EXECUTE,n_delete_po_before_t0,520,0,0.0019230769230769232,0.043852900965351445,0.0,0.0,0.0,0.0,0.0,0.0,0.0,0.0,1.0
ood_exposure,NATURAL_REFERENCE_EXECUTE,n_block_po_before_t0,520,0,0.0019230769230769232,0.04385290096535145,0.0,0.0,0.0,0.0,0.0,0.0,0.0,0.0,1.0
ood_exposure,NATURAL_REFERENCE_EXECUTE,n_reactivate_po_before_t0,520,0,0.0038461538461538464,0.061957591505008715,0.0,0.0,0.0,0.0,0.0,0.0,0.0,0.0,1.0
ood_exposure,NATURAL_REFERENCE_EXECUTE,n_change_approval_before_t0,520,0,0.051923076923076926,0.45953414654013647,0.0,0.0,0.0,0.0,0.0,0.0,1.0,0.0,6.0
ood_exposure,NATURAL_REFERENCE_EXECUTE,n_release_po_before_t0,520,0,0.03461538461538462,0.37084739466382427,0.0,0.0,0.0,0.0,0.0,0.0,0.8099999999999454,0.0,5.0
ood_exposure,NATURAL_REFERENCE_EXECUTE,po_to_invoice_days,520,0,58.046840277777775,43.47806664695797,6.831381944444445,13.300277777777778,27.292881944444446,48.125,73.09427083333333,148.21628472222224,183.7980694444444,1.2673611111111112,344.8486111111111
ood_exposure,NATURAL_REFERENCE_EXECUTE,vendor_invoice_to_recorded_invoice_days,518,2,25.36677525740026,28.029841408400575,0.6974861111111111,2.448125,8.552256944444444,19.39236111111111,34.6328125,63.89295138888884,116.58559722222215,0.4173611111111111,383.59722222222223
ood_exposure,NATURAL_REFERENCE_EXECUTE,last_gr_to_invoice_days,520,0,19.04239716880342,19.767552228655195,0.03217361111111111,0.17472222222222222,5.143923611111111,12.579513888888888,28.94461805555556,52.97767361111111,85.598548611111,0.0,163.0638888888889
ood_exposure,NATURAL_REFERENCE_EXECUTE,p_safe_t0_cal,520,0,0.6068082833924648,0.24594485969646174,0.0,0.0,0.41025641025641024,0.6206896551724138,0.8608305274971941,0.9556004036326943,1.0,0.0,1.0
ood_exposure,NATURAL_REFERENCE_EXECUTE,p_safe_t0_raw,520,0,0.6119282692337643,0.30450675431917523,5.78749051670346e-21,0.0011977596648707095,0.4621920966803798,0.7049105068211987,0.8619950962252633,0.9556563829959046,0.9955488074277332,1.3226726996566101e-65,0.9983528505176709
ood_exposure,NATURAL_REFERENCE_EXECUTE,transaction_exposure_eur,520,0,176459.06346153846,625903.0913221642,49252.0,50077.05,55578.75,67861.5,112453.0,372407.55,2920237.1099999435,49211.0,8833459.0
