regime,variable,residual_executed_n,natural_reference_execute_n,residual_mean,natural_mean,standardized_mean_difference,absolute_standardized_mean_difference,empirical_ks_distance
grouped_iid,po_value_initial_eur,975,7566,2033.7159487179488,4383.757599788528,-0.09844408622130713,0.09844408622130713,0.08443034628601642
grouped_iid,invoice_value_t0_eur,975,7566,1961.1396923076923,4535.598731165742,-0.10633291285392034,0.10633291285392034,0.09579169970922541
grouped_iid,latest_gr_value_before_t0_eur,975,7566,1957.1251282051282,5174.429949775311,-0.10275531445657808,0.10275531445657808,0.09617234998678303
grouped_iid,inv_po_abs_rel_diff,975,7566,0.04802197802197805,0.16727480551836021,-0.05006073349921517,0.05006073349921517,0.992466296590008
grouped_iid,inv_gr_abs_rel_diff,975,7566,0.008461538461538454,0.04700161024078125,-0.03432824306533206,0.03432824306533206,0.16090404440919903
grouped_iid,events_available_at_t0,975,7566,4.377435897435897,4.992069785884219,-0.1285636715136639,0.1285636715136639,0.18215701823949237
grouped_iid,n_goods_receipts_before_t0,975,7566,1.041025641025641,1.2262754427702882,-0.07933703661591497,0.07933703661591497,0.02942638117895846
grouped_iid,n_cancel_gr_before_t0,975,7566,0.0010256410256410256,0.004890298704731694,-0.06434599995547659,0.06434599995547659,0.0033359767380385374
grouped_iid,n_invoice_receipts_at_t0_history,975,7566,1.0,1.0,0.0,0.0,0.0
grouped_iid,n_cancel_invoice_before_t0,975,7566,0.0,0.0,0.0,0.0,0.0
grouped_iid,n_price_change_before_t0,975,7566,0.033846153846153845,0.043219666931007136,-0.04447601877246126,0.04447601877246126,0.006566217287866771
grouped_iid,n_quantity_change_before_t0,975,7566,0.046153846153846156,0.08115252445149353,-0.11595230228857001,0.11595230228857001,0.03167327517842977
grouped_iid,n_set_payment_block_before_t0,975,7566,0.0,0.0,0.0,0.0,0.0
grouped_iid,n_remove_payment_block_before_t0,975,7566,0.0,0.0,0.0,0.0,0.0
grouped_iid,n_service_entry_before_t0,975,7566,0.005128205128205128,0.19627279936558287,-0.07768346742919016,0.07768346742919016,0.01126090404440927
grouped_iid,n_delete_po_before_t0,975,7566,0.0010256410256410256,0.0006608511763150939,0.012563497850509388,0.012563497850509388,0.0003647898493259749
grouped_iid,n_block_po_before_t0,975,7566,0.0020512820512820513,0.0006608511763150939,0.037775096029274376,0.037775096029274376,0.0013904308749669303
grouped_iid,n_reactivate_po_before_t0,975,7566,0.003076923076923077,0.0013217023526301878,0.03746089316143911,0.03746089316143911,0.0017552207242929052
grouped_iid,n_change_approval_before_t0,975,7566,0.0041025641025641026,0.011630980703145652,-0.062444461628883875,0.062444461628883875,0.005149352365847126
grouped_iid,n_release_po_before_t0,975,7566,0.0010256410256410256,0.0025112344699973568,-0.02114104279056542,0.02114104279056542,0.0005286809410520732
grouped_iid,po_to_invoice_days,975,7566,30.248938034188036,35.25705357667342,-0.17005331806874746,0.17005331806874746,0.058281786941580815
grouped_iid,vendor_invoice_to_recorded_invoice_days,975,7493,17.69299287749288,19.81309703871762,-0.0967412145862213,0.0967412145862213,0.06419420518980112
grouped_iid,last_gr_to_invoice_days,975,7566,17.52068660968661,20.37898346403501,-0.11841367707070377,0.11841367707070377,0.05160454665609299
grouped_iid,p_safe_t0_cal,975,7566,0.9790167903865452,0.9492398024943315,0.5513934905099427,0.5513934905099427,0.2794078773460217
grouped_iid,p_safe_t0_raw,975,7566,0.9763436463199042,0.9506540681812705,0.5042209516345088,0.5042209516345088,0.2796722178165477
grouped_iid,transaction_exposure_eur,975,7566,1957.1251282051282,4383.757599788528,-0.10175758073703066,0.10175758073703066,0.09366111551678569
temporal,po_value_initial_eur,1350,7825,3061.0347407407407,4339.381725239617,-0.07835219365381917,0.07835219365381917,0.04176073837415695
temporal,invoice_value_t0_eur,1350,7825,2945.811888888889,4571.528817891373,-0.0936600047675261,0.0936600047675261,0.04794698852206836
temporal,latest_gr_value_before_t0_eur,1350,7825,2941.6585185185186,5147.860319488818,-0.10543405069785317,0.10543405069785317,0.048633297834575706
temporal,inv_po_abs_rel_diff,1350,7821,0.04804585537918875,0.17836891545681297,-0.05566562010922581,0.05566562010922581,0.9919447640966629
temporal,inv_gr_abs_rel_diff,1350,7821,0.008962962962962957,0.06267891345415255,-0.045677304986765754,0.045677304986765754,0.17056471891914926
temporal,events_available_at_t0,1350,7825,5.042222222222223,5.421214057507987,-0.07560022865848191,0.07560022865848191,0.04878475920009462
temporal,n_goods_receipts_before_t0,1350,7825,1.1303703703703705,1.256996805111821,-0.042848219723110356,0.042848219723110356,0.008607265412377219
temporal,n_cancel_gr_before_t0,1350,7825,0.0007407407407407407,0.0038338658146964857,-0.05724812770369744,0.05724812770369744,0.0025819429653295423
temporal,n_invoice_receipts_at_t0_history,1350,7825,1.0,1.0,0.0,0.0,0.0
temporal,n_cancel_invoice_before_t0,1350,7825,0.0,0.0,0.0,0.0,0.0
temporal,n_price_change_before_t0,1350,7825,0.05037037037037037,0.04932907348242811,0.004478669967491509,0.004478669967491509,0.0016566086853627704
temporal,n_quantity_change_before_t0,1350,7825,0.09037037037037036,0.09277955271565495,-0.006848111811673828,0.006848111811673828,0.0032753520293457017
temporal,n_set_payment_block_before_t0,1350,7825,0.0,0.0,0.0,0.0,0.0
temporal,n_remove_payment_block_before_t0,1350,7825,0.0,0.00012779552715654952,-0.01598721533954863,0.01598721533954863,0.00012779552715658227
temporal,n_service_entry_before_t0,1350,7825,0.005925925925925926,0.19079872204472845,-0.07762523506373341,0.07762523506373341,0.010048514968642785
temporal,n_delete_po_before_t0,1350,7825,0.0014814814814814814,0.0011501597444089457,0.00913775110672673,0.00913775110672673,0.0003313217370726207
temporal,n_block_po_before_t0,1350,7825,0.0,0.0010223642172523962,-0.040458775543926837,0.040458775543926837,0.0008945686900958538
temporal,n_reactivate_po_before_t0,1350,7825,0.0014814814814814814,0.0021725239616613417,-0.015640835005977745,0.015640835005977745,0.0005632469530232331
temporal,n_change_approval_before_t0,1350,7825,0.008148148148148147,0.009584664536741214,-0.013719313776961574,0.013719313776961574,0.0008945686900958538
temporal,n_release_po_before_t0,1350,7825,0.0007407407407407407,0.0023003194888178914,-0.026127516366216432,0.026127516366216432,0.0007667731629392716
temporal,po_to_invoice_days,1350,7825,40.08773302469136,45.68104304224352,-0.15167444612072944,0.15167444612072944,0.043907229913619616
temporal,vendor_invoice_to_recorded_invoice_days,1350,7637,23.28771656378601,24.311503844587023,-0.04457152928778635,0.04457152928778635,0.03319880309797818
temporal,last_gr_to_invoice_days,1350,7825,22.77150154320988,28.073796325878593,-0.1807804613741777,0.1807804613741777,0.046683232753520376
temporal,p_safe_t0_cal,1350,7825,0.9795407326716901,0.9651533909603347,0.34909504350510345,0.34909504350510345,0.09610223642172525
temporal,p_safe_t0_raw,1350,7825,0.9103210700237506,0.8737007550273517,0.3492475234161481,0.3492475234161481,0.09940835404094191
temporal,transaction_exposure_eur,1350,7825,2941.6585185185186,4339.381725239617,-0.08618727768325202,0.08618727768325202,0.04518281860134887
ood_exposure,po_value_initial_eur,2,520,95227.65,176459.06346153846,-0.18353729540753894,0.18353729540753894,0.5865384615384616
ood_exposure,invoice_value_t0_eur,2,520,90693.0,176554.9923076923,-0.19400495322718092,0.19400495322718092,0.5653846153846154
ood_exposure,latest_gr_value_before_t0_eur,2,520,90693.0,177221.50576923077,-0.19550711044562435,0.19550711044562435,0.5615384615384615
ood_exposure,inv_po_abs_rel_diff,2,520,0.04761904761904763,0.0019230769230769232,1.4736507752384536,1.4736507752384536,0.9980769230769231
ood_exposure,inv_gr_abs_rel_diff,2,520,0.0,0.006089761021240281,-0.13303081956773766,0.13303081956773766,0.009615384615384581
ood_exposure,events_available_at_t0,2,520,12.0,6.459615384615384,1.717845040048755,1.717845040048755,0.8846153846153846
ood_exposure,n_goods_receipts_before_t0,2,520,1.0,1.3788461538461538,-0.27441515729510774,0.27441515729510774,0.14423076923076927
ood_exposure,n_cancel_gr_before_t0,2,520,0.0,0.013461538461538462,-0.1650392883881015,0.1650392883881015,0.013461538461538414
ood_exposure,n_invoice_receipts_at_t0_history,2,520,1.0,1.0,0.0,0.0,0.0
ood_exposure,n_cancel_invoice_before_t0,2,520,0.0,0.0,0.0,0.0,0.0
ood_exposure,n_price_change_before_t0,2,520,0.0,0.11346153846153846,-0.3131051606246812,0.3131051606246812,0.07692307692307687
ood_exposure,n_quantity_change_before_t0,2,520,0.0,0.18461538461538463,-0.3759725713424398,0.3759725713424398,0.11538461538461542
ood_exposure,n_set_payment_block_before_t0,2,520,0.0,0.0,0.0,0.0,0.0
ood_exposure,n_remove_payment_block_before_t0,2,520,0.0,0.0,0.0,0.0,0.0
ood_exposure,n_service_entry_before_t0,2,520,1.0,0.3153846153846154,0.9881205788448624,0.9881205788448624,0.8384615384615385
ood_exposure,n_delete_po_before_t0,2,520,0.0,0.0019230769230769232,-0.062017367294604255,0.062017367294604255,0.0019230769230769162
ood_exposure,n_block_po_before_t0,2,520,0.0,0.0019230769230769232,-0.06201736729460425,0.06201736729460425,0.0019230769230769162
ood_exposure,n_reactivate_po_before_t0,2,520,0.0,0.0038461538461538464,-0.0877904192219043,0.0877904192219043,0.0038461538461538325
ood_exposure,n_change_approval_before_t0,2,520,0.0,0.051923076923076926,-0.15979295583934006,0.15979295583934006,0.02115384615384619
ood_exposure,n_release_po_before_t0,2,520,0.0,0.03461538461538462,-0.1320045579239262,0.1320045579239262,0.011538461538461497
ood_exposure,po_to_invoice_days,2,520,48.61805555555556,58.046840277777775,-0.30568161673435457,0.30568161673435457,0.47307692307692306
ood_exposure,vendor_invoice_to_recorded_invoice_days,2,518,43.078125,25.366775257400256,0.8909039638451925,0.8909039638451925,0.8378378378378378
ood_exposure,last_gr_to_invoice_days,2,520,23.06145833333333,19.04239716880342,0.18202482598067254,0.18202482598067254,0.38269230769230766
ood_exposure,p_safe_t0_cal,2,520,0.9939712174251264,0.6068082833924648,2.224898587550559,2.224898587550559,0.9788461538461538
ood_exposure,p_safe_t0_raw,2,520,0.9927753064899751,0.6119282692337643,1.7684965316189267,1.7684965316189267,0.9807692307692307
ood_exposure,transaction_exposure_eur,2,520,90693.0,176459.06346153846,-0.19378336791275338,0.19378336791275338,0.5673076923076923
