regime,consequence_mode,policy,episodes,execute_count,autonomous_execution_coverage,unsafe_execute_count,unsafe_execution_rate,raw_exposure_weighted_unsafe_rate,consequence_weighted_unsafe_rate,mean_realized_normalized_loss,human_escalation_rate,gather_rate,abstention_rate
grouped_iid,LOG_TRAIN_P90,ARGMAX_V1,36919,0,0.0,0,,,,0.1328719629459086,0.8103957311953195,0.08952030119992416,0.10008396760475635
grouped_iid,LOG_TRAIN_P90,CONFIDENCE_THRESHOLD_V1,36919,0,0.0,0,,,,0.10000000000000002,1.0,0.0,0.0
grouped_iid,LOG_TRAIN_P90,VOI_BLIND_V1,36919,0,0.0,0,,,,0.09647661095912675,0.9559576369890842,0.04404236301091579,0.0
grouped_iid,LOG_TRAIN_P90,RCSE_V1_FULL,36919,0,0.0,0,,,,0.09671930442319675,0.9589913052899591,0.0410086947100409,0.0
grouped_iid,LOG_TRAIN_P90,V2_SAFETY_NO_GATE,36919,21692,0.58755654270159,16351,0.7537801954637654,0.7645379543824574,0.7532986297677587,0.3477769478579692,0.3714347625883691,0.0410086947100409,0.0
grouped_iid,LOG_TRAIN_P90,V2_GATE_MULTICLASS_EXECUTE,36919,0,0.0,0,,,,0.09671930442319675,0.9589913052899591,0.0410086947100409,0.0
grouped_iid,LOG_TRAIN_P90,RCSE_V2_NO_GATHER,36919,6376,0.172702402556949,1077,0.1689146800501882,0.20063101011965698,0.17079059237208455,0.10346493085977948,0.827297597443051,0.0,0.0
grouped_iid,LOG_TRAIN_P90,RCSE_V2_FULL,36919,6376,0.172702402556949,1077,0.1689146800501882,0.20063101011965698,0.17079059237208455,0.10018423528297621,0.7862889027330101,0.0410086947100409,0.0
grouped_iid,UNIFORM,ARGMAX_V1,36919,0,0.0,0,,,,0.1328719629459086,0.8103957311953195,0.08952030119992416,0.10008396760475635
grouped_iid,UNIFORM,CONFIDENCE_THRESHOLD_V1,36919,0,0.0,0,,,,0.10000000000000002,1.0,0.0,0.0
grouped_iid,UNIFORM,VOI_BLIND_V1,36919,0,0.0,0,,,,0.09647661095912675,0.9559576369890842,0.04404236301091579,0.0
grouped_iid,UNIFORM,RCSE_V1_FULL,36919,0,0.0,0,,,,0.09671497061133835,0.9589371326417292,0.04106286735827081,0.0
grouped_iid,UNIFORM,V2_SAFETY_NO_GATE,36919,21735,0.588721254638533,16388,0.7539912583390844,0.7703877471255651,0.7539912583390844,0.48173352474335707,0.37021587800319616,0.04106286735827081,0.0
grouped_iid,UNIFORM,V2_GATE_MULTICLASS_EXECUTE,36919,0,0.0,0,,,,0.09671497061133835,0.9589371326417292,0.04106286735827081,0.0
grouped_iid,UNIFORM,RCSE_V2_NO_GATHER,36919,6383,0.17289200682575367,1079,0.1690427698574338,0.20288607746642398,0.1690427698574338,0.11193694303746042,0.8271079931742463,0.0,0.0
grouped_iid,UNIFORM,RCSE_V2_FULL,36919,6383,0.17289200682575367,1079,0.1690427698574338,0.20288607746642398,0.1690427698574338,0.10865191364879874,0.7860451258159755,0.04106286735827081,0.0
grouped_iid,LOG_TRAIN_P50,ARGMAX_V1,36919,0,0.0,0,,,,0.1328719629459086,0.8103957311953195,0.08952030119992416,0.10008396760475635
grouped_iid,LOG_TRAIN_P50,CONFIDENCE_THRESHOLD_V1,36919,0,0.0,0,,,,0.10000000000000002,1.0,0.0,0.0
grouped_iid,LOG_TRAIN_P50,VOI_BLIND_V1,36919,0,0.0,0,,,,0.09647661095912675,0.9559576369890842,0.04404236301091579,0.0
grouped_iid,LOG_TRAIN_P50,RCSE_V1_FULL,36919,0,0.0,0,,,,0.09691215905089522,0.96140198813619,0.03859801186380996,0.0
grouped_iid,LOG_TRAIN_P50,V2_SAFETY_NO_GATE,36919,21042,0.5699504320268697,15869,0.7541583499667333,0.7649551896948875,0.7537667734673188,0.45543058350382126,0.3914515561093204,0.03859801186380996,0.0
grouped_iid,LOG_TRAIN_P50,V2_GATE_MULTICLASS_EXECUTE,36919,0,0.0,0,,,,0.09691215905089522,0.96140198813619,0.03859801186380996,0.0
grouped_iid,LOG_TRAIN_P50,RCSE_V2_NO_GATHER,36919,6178,0.16733931038218802,1044,0.16898672709614762,0.20407440054543494,0.17091269757179964,0.1110448762973313,0.8326606896178119,0.0,0.0
grouped_iid,LOG_TRAIN_P50,RCSE_V2_FULL,36919,6178,0.16733931038218802,1044,0.16898672709614762,0.20407440054543494,0.17091269757179964,0.1079570353482265,0.794062677754002,0.03859801186380996,0.0
grouped_iid,LOG_TRAIN_P99,ARGMAX_V1,36919,0,0.0,0,,,,0.1328719629459086,0.8103957311953195,0.08952030119992416,0.10008396760475635
grouped_iid,LOG_TRAIN_P99,CONFIDENCE_THRESHOLD_V1,36919,0,0.0,0,,,,0.10000000000000002,1.0,0.0,0.0
grouped_iid,LOG_TRAIN_P99,VOI_BLIND_V1,36919,0,0.0,0,,,,0.09647661095912675,0.9559576369890842,0.04404236301091579,0.0
grouped_iid,LOG_TRAIN_P99,RCSE_V1_FULL,36919,0,0.0,0,,,,0.09671497061133835,0.9589371326417292,0.04106286735827081,0.0
grouped_iid,LOG_TRAIN_P99,V2_SAFETY_NO_GATE,36919,21735,0.588721254638533,16388,0.7539912583390844,0.7703877471255651,0.7536677462674365,0.29324838100380796,0.37021587800319616,0.04106286735827081,0.0
grouped_iid,LOG_TRAIN_P99,V2_GATE_MULTICLASS_EXECUTE,36919,0,0.0,0,,,,0.09671497061133835,0.9589371326417292,0.04106286735827081,0.0
grouped_iid,LOG_TRAIN_P99,RCSE_V2_NO_GATHER,36919,6383,0.17289200682575367,1079,0.1690427698574338,0.20288607746642398,0.1710052241463958,0.09979127428022096,0.8271079931742463,0.0,0.0
grouped_iid,LOG_TRAIN_P99,RCSE_V2_FULL,36919,6383,0.17289200682575367,1079,0.1690427698574338,0.20288607746642398,0.1710052241463958,0.09650624489155929,0.7860451258159755,0.04106286735827081,0.0
temporal,LOG_TRAIN_P90,ARGMAX_V1,37580,0,0.0,0,,,,0.13676849387972326,0.8335816923895689,0.06208089409260245,0.10433741351782863
temporal,LOG_TRAIN_P90,CONFIDENCE_THRESHOLD_V1,37580,0,0.0,0,,,,0.1,1.0,0.0,0.0
temporal,LOG_TRAIN_P90,VOI_BLIND_V1,37580,0,0.0,0,,,,0.0985524215007983,0.9819052687599787,0.018094731240021287,0.0
temporal,LOG_TRAIN_P90,RCSE_V1_FULL,37580,0,0.0,0,,,,0.09855880787653008,0.9819850984566258,0.018014901543374134,0.0
temporal,LOG_TRAIN_P90,V2_SAFETY_NO_GATE,37580,28469,0.7575572112825971,21464,0.7539428852435983,0.7767978927317223,0.7538883469545097,0.43842174619302077,0.22442788717402873,0.018014901543374134,0.0
temporal,LOG_TRAIN_P90,V2_GATE_MULTICLASS_EXECUTE,37580,0,0.0,0,,,,0.09855880787653008,0.9819850984566258,0.018014901543374134,0.0
temporal,LOG_TRAIN_P90,RCSE_V2_NO_GATHER,37580,8232,0.21905268759978713,1417,0.17213313896987367,0.17436722556141934,0.17313936019164866,0.10577709757976429,0.7809473124002129,0.0,0.0
temporal,LOG_TRAIN_P90,RCSE_V2_FULL,37580,8232,0.21905268759978713,1417,0.17213313896987367,0.17436722556141934,0.17313936019164866,0.10433590545629436,0.7629324108568387,0.018014901543374134,0.0
temporal,UNIFORM,ARGMAX_V1,37580,0,0.0,0,,,,0.13676849387972326,0.8335816923895689,0.06208089409260245,0.10433741351782863
temporal,UNIFORM,CONFIDENCE_THRESHOLD_V1,37580,0,0.0,0,,,,0.1,1.0,0.0,0.0
temporal,UNIFORM,VOI_BLIND_V1,37580,0,0.0,0,,,,0.0985524215007983,0.9819052687599787,0.018094731240021287,0.0
temporal,UNIFORM,RCSE_V1_FULL,37580,0,0.0,0,,,,0.0985524215007983,0.9819052687599787,0.018094731240021287,0.0
temporal,UNIFORM,V2_SAFETY_NO_GATE,37580,28471,0.7576104310803619,21465,0.7539250465385832,0.7747250394462258,0.7539250465385832,0.59397285790314,0.2242948376796168,0.018094731240021287,0.0
temporal,UNIFORM,V2_GATE_MULTICLASS_EXECUTE,37580,0,0.0,0,,,,0.0985524215007983,0.9819052687599787,0.018094731240021287,0.0
temporal,UNIFORM,RCSE_V2_NO_GATHER,37580,8233,0.2190792974986695,1417,0.17211223126442365,0.1718444770168085,0.17211223126442365,0.11579829696647155,0.7809207025013305,0.0,0.0
temporal,UNIFORM,RCSE_V2_FULL,37580,8233,0.2190792974986695,1417,0.17211223126442365,0.1718444770168085,0.17211223126442365,0.11435071846726982,0.7628259712613092,0.018094731240021287,0.0
temporal,LOG_TRAIN_P50,ARGMAX_V1,37580,0,0.0,0,,,,0.13676849387972326,0.8335816923895689,0.06208089409260245,0.10433741351782863
temporal,LOG_TRAIN_P50,CONFIDENCE_THRESHOLD_V1,37580,0,0.0,0,,,,0.1,1.0,0.0,0.0
temporal,LOG_TRAIN_P50,VOI_BLIND_V1,37580,0,0.0,0,,,,0.0985524215007983,0.9819052687599787,0.018094731240021287,0.0
temporal,LOG_TRAIN_P50,RCSE_V1_FULL,37580,0,0.0,0,,,,0.09860138371474189,0.9825172964342735,0.01748270356572645,0.0
temporal,LOG_TRAIN_P50,V2_SAFETY_NO_GATE,37580,27397,0.7290313996806812,20652,0.753805161149031,0.7787966646170242,0.7535983849877558,0.575240933403623,0.25348589675359234,0.01748270356572645,0.0
temporal,LOG_TRAIN_P50,V2_GATE_MULTICLASS_EXECUTE,37580,0,0.0,0,,,,0.09860138371474189,0.9825172964342735,0.01748270356572645,0.0
temporal,LOG_TRAIN_P50,RCSE_V2_NO_GATHER,37580,7936,0.21117615753060137,1365,0.17200100806451613,0.16021670576113145,0.17279397311496317,0.11553505146521749,0.7888238424693986,0.0,0.0
temporal,LOG_TRAIN_P50,RCSE_V2_FULL,37580,7936,0.21117615753060137,1365,0.17200100806451613,0.16021670576113145,0.17279397311496317,0.11413643517995936,0.7713411389036722,0.01748270356572645,0.0
temporal,LOG_TRAIN_P99,ARGMAX_V1,37580,0,0.0,0,,,,0.13676849387972326,0.8335816923895689,0.06208089409260245,0.10433741351782863
temporal,LOG_TRAIN_P99,CONFIDENCE_THRESHOLD_V1,37580,0,0.0,0,,,,0.1,1.0,0.0,0.0
temporal,LOG_TRAIN_P99,VOI_BLIND_V1,37580,0,0.0,0,,,,0.0985524215007983,0.9819052687599787,0.018094731240021287,0.0
temporal,LOG_TRAIN_P99,RCSE_V1_FULL,37580,0,0.0,0,,,,0.0985524215007983,0.9819052687599787,0.018094731240021287,0.0
temporal,LOG_TRAIN_P99,V2_SAFETY_NO_GATE,37580,28471,0.7576104310803619,21465,0.7539250465385832,0.7747250394462258,0.7538530292555522,0.36426908027969934,0.2242948376796168,0.018094731240021287,0.0
temporal,LOG_TRAIN_P99,V2_GATE_MULTICLASS_EXECUTE,37580,0,0.0,0,,,,0.0985524215007983,0.9819052687599787,0.018094731240021287,0.0
temporal,LOG_TRAIN_P99,RCSE_V2_NO_GATHER,37580,8233,0.2190792974986695,1417,0.17211223126442365,0.1718444770168085,0.1730977546972042,0.10083415107112315,0.7809207025013305,0.0,0.0
temporal,LOG_TRAIN_P99,RCSE_V2_FULL,37580,8233,0.2190792974986695,1417,0.17211223126442365,0.1718444770168085,0.1730977546972042,0.09938657257192145,0.7628259712613092,0.018094731240021287,0.0
ood_exposure,LOG_TRAIN_P90,ARGMAX_V1,2536,88,0.03470031545741325,83,0.9431818181818182,0.9761565350847792,0.9444901425313796,0.14752448996759443,0.7042586750788643,0.20623028391167192,0.05481072555205047
ood_exposure,LOG_TRAIN_P90,CONFIDENCE_THRESHOLD_V1,2536,58,0.022870662460567823,56,0.9655172413793104,0.9864259059133497,0.9663746133942382,0.12884014987536554,0.9771293375394322,0.0,0.0
ood_exposure,LOG_TRAIN_P90,VOI_BLIND_V1,2536,7,0.0027602523659305996,7,1.0,1.0,1.0,0.10187224517628711,0.9680599369085173,0.02917981072555205,0.0
ood_exposure,LOG_TRAIN_P90,RCSE_V1_FULL,2536,5,0.001971608832807571,5,1.0,1.0,1.0,0.10119520091025447,0.9739747634069401,0.024053627760252366,0.0
ood_exposure,LOG_TRAIN_P90,V2_SAFETY_NO_GATE,2536,144,0.056782334384858045,125,0.8680555555555556,0.9299207614242957,0.8700760150783563,0.1564008780936972,0.9191640378548895,0.024053627760252366,0.0
ood_exposure,LOG_TRAIN_P90,V2_GATE_MULTICLASS_EXECUTE,2536,0,0.0,0,,,,0.0980757097791798,0.9759463722397477,0.024053627760252366,0.0
ood_exposure,LOG_TRAIN_P90,RCSE_V2_NO_GATHER,2536,23,0.009069400630914827,5,0.21739130434782608,0.2962075994110268,0.22382155497408596,0.10169223152192895,0.9909305993690851,0.0,0.0
ood_exposure,LOG_TRAIN_P90,RCSE_V2_FULL,2536,23,0.009069400630914827,5,0.21739130434782608,0.2962075994110268,0.22382155497408596,0.09976794130110875,0.9668769716088328,0.024053627760252366,0.0
ood_exposure,UNIFORM,ARGMAX_V1,2536,88,0.03470031545741325,83,0.9431818181818182,0.9761565350847792,0.9431818181818182,0.1346845425867508,0.7042586750788643,0.20623028391167192,0.05481072555205047
ood_exposure,UNIFORM,CONFIDENCE_THRESHOLD_V1,2536,58,0.022870662460567823,56,0.9655172413793104,0.9864259059133497,0.9655172413793104,0.11979495268138801,0.9771293375394322,0.0,0.0
ood_exposure,UNIFORM,VOI_BLIND_V1,2536,7,0.0027602523659305996,7,1.0,1.0,1.0,0.10014984227129337,0.9680599369085173,0.02917981072555205,0.0
ood_exposure,UNIFORM,RCSE_V1_FULL,2536,6,0.002365930599369085,6,1.0,1.0,1.0,0.10011041009463723,0.972397476340694,0.025236593059936908,0.0
ood_exposure,UNIFORM,V2_SAFETY_NO_GATE,2536,204,0.0804416403785489,173,0.8480392156862745,0.9095105052934085,0.8480392156862745,0.15815457413249212,0.8943217665615142,0.025236593059936908,0.0
ood_exposure,UNIFORM,V2_GATE_MULTICLASS_EXECUTE,2536,0,0.0,0,,,,0.09798107255520504,0.9747634069400631,0.025236593059936908,0.0
ood_exposure,UNIFORM,RCSE_V2_NO_GATHER,2536,38,0.01498422712933754,8,0.21052631578947367,0.2597883486341137,0.21052631578947367,0.10165615141955835,0.9850157728706624,0.0,0.0
ood_exposure,UNIFORM,RCSE_V2_FULL,2536,38,0.01498422712933754,8,0.21052631578947367,0.2597883486341137,0.21052631578947367,0.0996372239747634,0.9597791798107256,0.025236593059936908,0.0
ood_exposure,LOG_TRAIN_P50,ARGMAX_V1,2536,88,0.03470031545741325,83,0.9431818181818182,0.9761565350847792,0.9444901425313799,0.16528321079881195,0.7042586750788643,0.20623028391167192,0.05481072555205047
ood_exposure,LOG_TRAIN_P50,CONFIDENCE_THRESHOLD_V1,2536,58,0.022870662460567823,56,0.9655172413793104,0.9864259059133497,0.9663746133942381,0.14097084702712268,0.9771293375394322,0.0,0.0
ood_exposure,LOG_TRAIN_P50,VOI_BLIND_V1,2536,7,0.0027602523659305996,7,1.0,1.0,1.0,0.1036191965681235,0.9680599369085173,0.02917981072555205,0.0
ood_exposure,LOG_TRAIN_P50,RCSE_V1_FULL,2536,5,0.001971608832807571,5,1.0,1.0,1.0,0.10365493749057383,0.988564668769716,0.00946372239747634,0.0
ood_exposure,LOG_TRAIN_P50,V2_SAFETY_NO_GATE,2536,122,0.04810725552050473,107,0.8770491803278688,0.9364415787855657,0.8787193870813078,0.17073015458592727,0.942429022082019,0.00946372239747634,0.0
ood_exposure,LOG_TRAIN_P50,V2_GATE_MULTICLASS_EXECUTE,2536,0,0.0,0,,,,0.09924290220820188,0.9905362776025236,0.00946372239747634,0.0
ood_exposure,LOG_TRAIN_P50,RCSE_V2_NO_GATHER,2536,19,0.00749211356466877,5,0.2631578947368421,0.3424090896201,0.2698209907572308,0.10286289255184076,0.9925078864353313,0.0,0.0
ood_exposure,LOG_TRAIN_P50,RCSE_V2_FULL,2536,19,0.00749211356466877,5,0.2631578947368421,0.3424090896201,0.2698209907572308,0.10210579476004264,0.9830441640378549,0.00946372239747634,0.0
ood_exposure,LOG_TRAIN_P99,ARGMAX_V1,2536,88,0.03470031545741325,83,0.9431818181818182,0.9761565350847792,0.9444901425313798,0.139753441827338,0.7042586750788643,0.20623028391167192,0.05481072555205047
ood_exposure,LOG_TRAIN_P99,CONFIDENCE_THRESHOLD_V1,2536,58,0.022870662460567823,56,0.9655172413793104,0.9864259059133497,0.9663746133942382,0.12353187162508382,0.9771293375394322,0.0,0.0
ood_exposure,LOG_TRAIN_P99,VOI_BLIND_V1,2536,7,0.0027602523659305996,7,1.0,1.0,1.0,0.10110779578301861,0.9680599369085173,0.02917981072555205,0.0
ood_exposure,LOG_TRAIN_P99,RCSE_V1_FULL,2536,6,0.002365930599369085,6,1.0,1.0,1.0,0.10098513316520416,0.972397476340694,0.025236593059936908,0.0
ood_exposure,LOG_TRAIN_P99,V2_SAFETY_NO_GATE,2536,189,0.07452681388012618,161,0.8518518518518519,0.9162831238289264,0.8540727811894367,0.15843513456686,0.9002365930599369,0.025236593059936908,0.0
ood_exposure,LOG_TRAIN_P99,V2_GATE_MULTICLASS_EXECUTE,2536,0,0.0,0,,,,0.09798107255520504,0.9747634069400631,0.025236593059936908,0.0
ood_exposure,LOG_TRAIN_P99,RCSE_V2_NO_GATHER,2536,33,0.013012618296529969,6,0.18181818181818182,0.24698184548772847,0.18675284197502437,0.10125955875693371,0.98698738170347,0.0,0.0
ood_exposure,LOG_TRAIN_P99,RCSE_V2_FULL,2536,33,0.013012618296529969,6,0.18181818181818182,0.24698184548772847,0.18675284197502437,0.09924063131213876,0.9617507886435331,0.025236593059936908,0.0
