regime,policy,reference_action,episodes,execute_count,autonomous_execution_coverage,unsafe_execute_count,unsafe_execution_rate,raw_exposure_weighted_unsafe_rate,consequence_weighted_unsafe_rate,mean_realized_normalized_loss,human_escalation_rate,gather_rate,abstention_rate,consequence_mode
grouped_iid,ARGMAX_V1,ABSTAIN,2224,0,0.0,0,,,,0.4791007194244604,0.0004496402877697842,0.04316546762589928,0.9563848920863309,LOG_TRAIN_P90
grouped_iid,ARGMAX_V1,ESCALATE,22350,0,0.0,0,,,,0.10001789709172262,0.9999552572706936,0.0,4.47427293064877e-05,LOG_TRAIN_P90
grouped_iid,ARGMAX_V1,EXECUTE,7566,0,0.0,0,,,,0.1,1.0,0.0,0.0,LOG_TRAIN_P90
grouped_iid,ARGMAX_V1,GATHER,4779,0,0.0,0,,,,0.17743879472693033,0.0006277463904582549,0.6714793889935133,0.32789286461602846,LOG_TRAIN_P90
grouped_iid,CONFIDENCE_THRESHOLD_V1,ABSTAIN,2224,0,0.0,0,,,,0.09999999999999999,1.0,0.0,0.0,LOG_TRAIN_P90
grouped_iid,CONFIDENCE_THRESHOLD_V1,ESCALATE,22350,0,0.0,0,,,,0.1,1.0,0.0,0.0,LOG_TRAIN_P90
grouped_iid,CONFIDENCE_THRESHOLD_V1,EXECUTE,7566,0,0.0,0,,,,0.1,1.0,0.0,0.0,LOG_TRAIN_P90
grouped_iid,CONFIDENCE_THRESHOLD_V1,GATHER,4779,0,0.0,0,,,,0.09999999999999999,1.0,0.0,0.0,LOG_TRAIN_P90
grouped_iid,VOI_BLIND_V1,ABSTAIN,2224,0,0.0,0,,,,0.09999999999999999,1.0,0.0,0.0,LOG_TRAIN_P90
grouped_iid,VOI_BLIND_V1,ESCALATE,22350,0,0.0,0,,,,0.1,1.0,0.0,0.0,LOG_TRAIN_P90
grouped_iid,VOI_BLIND_V1,EXECUTE,7566,0,0.0,0,,,,0.1,1.0,0.0,0.0,LOG_TRAIN_P90
grouped_iid,VOI_BLIND_V1,GATHER,4779,0,0.0,0,,,,0.07278091650973008,0.6597614563716259,0.34023854362837413,0.0,LOG_TRAIN_P90
grouped_iid,RCSE_V1_FULL,ABSTAIN,2224,0,0.0,0,,,,0.09999999999999999,1.0,0.0,0.0,LOG_TRAIN_P90
grouped_iid,RCSE_V1_FULL,ESCALATE,22350,0,0.0,0,,,,0.1,1.0,0.0,0.0,LOG_TRAIN_P90
grouped_iid,RCSE_V1_FULL,EXECUTE,7566,0,0.0,0,,,,0.1,1.0,0.0,0.0,LOG_TRAIN_P90
grouped_iid,RCSE_V1_FULL,GATHER,4779,0,0.0,0,,,,0.07465578572923205,0.6831973216154007,0.3168026783845993,0.0,LOG_TRAIN_P90
grouped_iid,V2_SAFETY_NO_GATE,ABSTAIN,2224,0,0.0,0,,,,0.09999999999999999,1.0,0.0,0.0,LOG_TRAIN_P90
grouped_iid,V2_SAFETY_NO_GATE,ESCALATE,22350,16248,0.7269798657718121,16248,1.0,1.0,1.0,0.5353331590917163,0.27302013422818794,0.0,0.0,LOG_TRAIN_P90
grouped_iid,V2_SAFETY_NO_GATE,EXECUTE,7566,5444,0.7195347607718742,103,0.018919911829537107,0.04508146236586798,0.021805335163938237,0.039082875002445915,0.28046523922812583,0.0,0.0,LOG_TRAIN_P90
grouped_iid,V2_SAFETY_NO_GATE,GATHER,4779,0,0.0,0,,,,0.07465578572923205,0.6831973216154007,0.3168026783845993,0.0,LOG_TRAIN_P90
grouped_iid,V2_GATE_MULTICLASS_EXECUTE,ABSTAIN,2224,0,0.0,0,,,,0.09999999999999999,1.0,0.0,0.0,LOG_TRAIN_P90
grouped_iid,V2_GATE_MULTICLASS_EXECUTE,ESCALATE,22350,0,0.0,0,,,,0.1,1.0,0.0,0.0,LOG_TRAIN_P90
grouped_iid,V2_GATE_MULTICLASS_EXECUTE,EXECUTE,7566,0,0.0,0,,,,0.1,1.0,0.0,0.0,LOG_TRAIN_P90
grouped_iid,V2_GATE_MULTICLASS_EXECUTE,GATHER,4779,0,0.0,0,,,,0.07465578572923205,0.6831973216154007,0.3168026783845993,0.0,LOG_TRAIN_P90
grouped_iid,RCSE_V2_NO_GATHER,ABSTAIN,2224,0,0.0,0,,,,0.09999999999999999,1.0,0.0,0.0,LOG_TRAIN_P90
grouped_iid,RCSE_V2_NO_GATHER,ESCALATE,22350,975,0.0436241610738255,975,1.0,1.0,1.0,0.12619068609478865,0.9563758389261745,0.0,0.0,LOG_TRAIN_P90
grouped_iid,RCSE_V2_NO_GATHER,EXECUTE,7566,5401,0.7138514406555644,102,0.01888539159414923,0.045464690193991276,0.021756266731879508,0.03954004073403012,0.2861485593444356,0.0,0.0,LOG_TRAIN_P90
grouped_iid,RCSE_V2_NO_GATHER,GATHER,4779,0,0.0,0,,,,0.09999999999999999,1.0,0.0,0.0,LOG_TRAIN_P90
grouped_iid,RCSE_V2_FULL,ABSTAIN,2224,0,0.0,0,,,,0.09999999999999999,1.0,0.0,0.0,LOG_TRAIN_P90
grouped_iid,RCSE_V2_FULL,ESCALATE,22350,975,0.0436241610738255,975,1.0,1.0,1.0,0.12619068609478865,0.9563758389261745,0.0,0.0,LOG_TRAIN_P90
grouped_iid,RCSE_V2_FULL,EXECUTE,7566,5401,0.7138514406555644,102,0.01888539159414923,0.045464690193991276,0.021756266731879508,0.03954004073403012,0.2861485593444356,0.0,0.0,LOG_TRAIN_P90
grouped_iid,RCSE_V2_FULL,GATHER,4779,0,0.0,0,,,,0.07465578572923205,0.6831973216154007,0.3168026783845993,0.0,LOG_TRAIN_P90
grouped_iid,ARGMAX_V1,ABSTAIN,2224,0,0.0,0,,,,0.4791007194244604,0.0004496402877697842,0.04316546762589928,0.9563848920863309,UNIFORM
grouped_iid,ARGMAX_V1,ESCALATE,22350,0,0.0,0,,,,0.10001789709172262,0.9999552572706936,0.0,4.47427293064877e-05,UNIFORM
grouped_iid,ARGMAX_V1,EXECUTE,7566,0,0.0,0,,,,0.1,1.0,0.0,0.0,UNIFORM
grouped_iid,ARGMAX_V1,GATHER,4779,0,0.0,0,,,,0.17743879472693033,0.0006277463904582549,0.6714793889935133,0.32789286461602846,UNIFORM
grouped_iid,CONFIDENCE_THRESHOLD_V1,ABSTAIN,2224,0,0.0,0,,,,0.09999999999999999,1.0,0.0,0.0,UNIFORM
grouped_iid,CONFIDENCE_THRESHOLD_V1,ESCALATE,22350,0,0.0,0,,,,0.1,1.0,0.0,0.0,UNIFORM
grouped_iid,CONFIDENCE_THRESHOLD_V1,EXECUTE,7566,0,0.0,0,,,,0.1,1.0,0.0,0.0,UNIFORM
grouped_iid,CONFIDENCE_THRESHOLD_V1,GATHER,4779,0,0.0,0,,,,0.09999999999999999,1.0,0.0,0.0,UNIFORM
grouped_iid,VOI_BLIND_V1,ABSTAIN,2224,0,0.0,0,,,,0.09999999999999999,1.0,0.0,0.0,UNIFORM
grouped_iid,VOI_BLIND_V1,ESCALATE,22350,0,0.0,0,,,,0.1,1.0,0.0,0.0,UNIFORM
grouped_iid,VOI_BLIND_V1,EXECUTE,7566,0,0.0,0,,,,0.1,1.0,0.0,0.0,UNIFORM
grouped_iid,VOI_BLIND_V1,GATHER,4779,0,0.0,0,,,,0.07278091650973008,0.6597614563716259,0.34023854362837413,0.0,UNIFORM
grouped_iid,RCSE_V1_FULL,ABSTAIN,2224,0,0.0,0,,,,0.09999999999999999,1.0,0.0,0.0,UNIFORM
grouped_iid,RCSE_V1_FULL,ESCALATE,22350,0,0.0,0,,,,0.1,1.0,0.0,0.0,UNIFORM
grouped_iid,RCSE_V1_FULL,EXECUTE,7566,0,0.0,0,,,,0.1,1.0,0.0,0.0,UNIFORM
grouped_iid,RCSE_V1_FULL,GATHER,4779,0,0.0,0,,,,0.07462230592174095,0.6827788240217618,0.3172211759782381,0.0,UNIFORM
grouped_iid,V2_SAFETY_NO_GATE,ABSTAIN,2224,0,0.0,0,,,,0.09999999999999999,1.0,0.0,0.0,UNIFORM
grouped_iid,V2_SAFETY_NO_GATE,ESCALATE,22350,16283,0.7285458612975392,16283,1.0,1.0,1.0,0.7556912751677851,0.2714541387024608,0.0,0.0,UNIFORM
grouped_iid,V2_SAFETY_NO_GATE,EXECUTE,7566,5452,0.7205921226539783,105,0.01925898752751284,0.051734935167005204,0.01925898752751284,0.041818662437219135,0.2794078773460217,0.0,0.0,UNIFORM
grouped_iid,V2_SAFETY_NO_GATE,GATHER,4779,0,0.0,0,,,,0.07462230592174095,0.6827788240217618,0.3172211759782381,0.0,UNIFORM
grouped_iid,V2_GATE_MULTICLASS_EXECUTE,ABSTAIN,2224,0,0.0,0,,,,0.09999999999999999,1.0,0.0,0.0,UNIFORM
grouped_iid,V2_GATE_MULTICLASS_EXECUTE,ESCALATE,22350,0,0.0,0,,,,0.1,1.0,0.0,0.0,UNIFORM
grouped_iid,V2_GATE_MULTICLASS_EXECUTE,EXECUTE,7566,0,0.0,0,,,,0.1,1.0,0.0,0.0,UNIFORM
grouped_iid,V2_GATE_MULTICLASS_EXECUTE,GATHER,4779,0,0.0,0,,,,0.07462230592174095,0.6827788240217618,0.3172211759782381,0.0,UNIFORM
grouped_iid,RCSE_V2_NO_GATHER,ABSTAIN,2224,0,0.0,0,,,,0.09999999999999999,1.0,0.0,0.0,UNIFORM
grouped_iid,RCSE_V2_NO_GATHER,ESCALATE,22350,975,0.0436241610738255,975,1.0,1.0,1.0,0.13926174496644297,0.9563758389261745,0.0,0.0,UNIFORM
grouped_iid,RCSE_V2_NO_GATHER,EXECUTE,7566,5408,0.7147766323024055,104,0.019230769230769232,0.05239241865572753,0.019230769230769232,0.042268041237113405,0.2852233676975945,0.0,0.0,UNIFORM
grouped_iid,RCSE_V2_NO_GATHER,GATHER,4779,0,0.0,0,,,,0.09999999999999999,1.0,0.0,0.0,UNIFORM
grouped_iid,RCSE_V2_FULL,ABSTAIN,2224,0,0.0,0,,,,0.09999999999999999,1.0,0.0,0.0,UNIFORM
grouped_iid,RCSE_V2_FULL,ESCALATE,22350,975,0.0436241610738255,975,1.0,1.0,1.0,0.13926174496644297,0.9563758389261745,0.0,0.0,UNIFORM
grouped_iid,RCSE_V2_FULL,EXECUTE,7566,5408,0.7147766323024055,104,0.019230769230769232,0.05239241865572753,0.019230769230769232,0.042268041237113405,0.2852233676975945,0.0,0.0,UNIFORM
grouped_iid,RCSE_V2_FULL,GATHER,4779,0,0.0,0,,,,0.07462230592174095,0.6827788240217618,0.3172211759782381,0.0,UNIFORM
grouped_iid,ARGMAX_V1,ABSTAIN,2224,0,0.0,0,,,,0.4791007194244604,0.0004496402877697842,0.04316546762589928,0.9563848920863309,LOG_TRAIN_P50
grouped_iid,ARGMAX_V1,ESCALATE,22350,0,0.0,0,,,,0.10001789709172262,0.9999552572706936,0.0,4.47427293064877e-05,LOG_TRAIN_P50
grouped_iid,ARGMAX_V1,EXECUTE,7566,0,0.0,0,,,,0.1,1.0,0.0,0.0,LOG_TRAIN_P50
grouped_iid,ARGMAX_V1,GATHER,4779,0,0.0,0,,,,0.17743879472693033,0.0006277463904582549,0.6714793889935133,0.32789286461602846,LOG_TRAIN_P50
grouped_iid,CONFIDENCE_THRESHOLD_V1,ABSTAIN,2224,0,0.0,0,,,,0.09999999999999999,1.0,0.0,0.0,LOG_TRAIN_P50
grouped_iid,CONFIDENCE_THRESHOLD_V1,ESCALATE,22350,0,0.0,0,,,,0.1,1.0,0.0,0.0,LOG_TRAIN_P50
grouped_iid,CONFIDENCE_THRESHOLD_V1,EXECUTE,7566,0,0.0,0,,,,0.1,1.0,0.0,0.0,LOG_TRAIN_P50
grouped_iid,CONFIDENCE_THRESHOLD_V1,GATHER,4779,0,0.0,0,,,,0.09999999999999999,1.0,0.0,0.0,LOG_TRAIN_P50
grouped_iid,VOI_BLIND_V1,ABSTAIN,2224,0,0.0,0,,,,0.09999999999999999,1.0,0.0,0.0,LOG_TRAIN_P50
grouped_iid,VOI_BLIND_V1,ESCALATE,22350,0,0.0,0,,,,0.1,1.0,0.0,0.0,LOG_TRAIN_P50
grouped_iid,VOI_BLIND_V1,EXECUTE,7566,0,0.0,0,,,,0.1,1.0,0.0,0.0,LOG_TRAIN_P50
grouped_iid,VOI_BLIND_V1,GATHER,4779,0,0.0,0,,,,0.07278091650973008,0.6597614563716259,0.34023854362837413,0.0,LOG_TRAIN_P50
grouped_iid,RCSE_V1_FULL,ABSTAIN,2224,0,0.0,0,,,,0.09999999999999999,1.0,0.0,0.0,LOG_TRAIN_P50
grouped_iid,RCSE_V1_FULL,ESCALATE,22350,0,0.0,0,,,,0.1,1.0,0.0,0.0,LOG_TRAIN_P50
grouped_iid,RCSE_V1_FULL,EXECUTE,7566,0,0.0,0,,,,0.1,1.0,0.0,0.0,LOG_TRAIN_P50
grouped_iid,RCSE_V1_FULL,GATHER,4779,0,0.0,0,,,,0.07614563716258631,0.7018204645323289,0.29817953546767106,0.0,LOG_TRAIN_P50
grouped_iid,V2_SAFETY_NO_GATE,ABSTAIN,2224,0,0.0,0,,,,0.09999999999999999,1.0,0.0,0.0,LOG_TRAIN_P50
grouped_iid,V2_SAFETY_NO_GATE,ESCALATE,22350,15774,0.705771812080537,15774,1.0,1.0,1.0,0.7110678214979902,0.2942281879194631,0.0,0.0,LOG_TRAIN_P50
grouped_iid,V2_SAFETY_NO_GATE,EXECUTE,7566,5268,0.6962727993655828,95,0.0180334092634776,0.04379013662395981,0.02063314833699348,0.044326711855339075,0.3037272006344171,0.0,0.0,LOG_TRAIN_P50
grouped_iid,V2_SAFETY_NO_GATE,GATHER,4779,0,0.0,0,,,,0.07614563716258631,0.7018204645323289,0.29817953546767106,0.0,LOG_TRAIN_P50
grouped_iid,V2_GATE_MULTICLASS_EXECUTE,ABSTAIN,2224,0,0.0,0,,,,0.09999999999999999,1.0,0.0,0.0,LOG_TRAIN_P50
grouped_iid,V2_GATE_MULTICLASS_EXECUTE,ESCALATE,22350,0,0.0,0,,,,0.1,1.0,0.0,0.0,LOG_TRAIN_P50
grouped_iid,V2_GATE_MULTICLASS_EXECUTE,EXECUTE,7566,0,0.0,0,,,,0.1,1.0,0.0,0.0,LOG_TRAIN_P50
grouped_iid,V2_GATE_MULTICLASS_EXECUTE,GATHER,4779,0,0.0,0,,,,0.07614563716258631,0.7018204645323289,0.29817953546767106,0.0,LOG_TRAIN_P50
grouped_iid,RCSE_V2_NO_GATHER,ABSTAIN,2224,0,0.0,0,,,,0.09999999999999999,1.0,0.0,0.0,LOG_TRAIN_P50
grouped_iid,RCSE_V2_NO_GATHER,ESCALATE,22350,950,0.042505592841163314,950,1.0,1.0,1.0,0.13696487306176844,0.9574944071588367,0.0,0.0,LOG_TRAIN_P50
grouped_iid,RCSE_V2_NO_GATHER,EXECUTE,7566,5228,0.6909859899550621,94,0.017980107115531753,0.04394790126986494,0.020553945481916584,0.0447000892268899,0.3090140100449379,0.0,0.0,LOG_TRAIN_P50
grouped_iid,RCSE_V2_NO_GATHER,GATHER,4779,0,0.0,0,,,,0.09999999999999999,1.0,0.0,0.0,LOG_TRAIN_P50
grouped_iid,RCSE_V2_FULL,ABSTAIN,2224,0,0.0,0,,,,0.09999999999999999,1.0,0.0,0.0,LOG_TRAIN_P50
grouped_iid,RCSE_V2_FULL,ESCALATE,22350,950,0.042505592841163314,950,1.0,1.0,1.0,0.13696487306176844,0.9574944071588367,0.0,0.0,LOG_TRAIN_P50
grouped_iid,RCSE_V2_FULL,EXECUTE,7566,5228,0.6909859899550621,94,0.017980107115531753,0.04394790126986494,0.020553945481916584,0.0447000892268899,0.3090140100449379,0.0,0.0,LOG_TRAIN_P50
grouped_iid,RCSE_V2_FULL,GATHER,4779,0,0.0,0,,,,0.07614563716258631,0.7018204645323289,0.29817953546767106,0.0,LOG_TRAIN_P50
grouped_iid,ARGMAX_V1,ABSTAIN,2224,0,0.0,0,,,,0.4791007194244604,0.0004496402877697842,0.04316546762589928,0.9563848920863309,LOG_TRAIN_P99
grouped_iid,ARGMAX_V1,ESCALATE,22350,0,0.0,0,,,,0.10001789709172262,0.9999552572706936,0.0,4.47427293064877e-05,LOG_TRAIN_P99
grouped_iid,ARGMAX_V1,EXECUTE,7566,0,0.0,0,,,,0.1,1.0,0.0,0.0,LOG_TRAIN_P99
grouped_iid,ARGMAX_V1,GATHER,4779,0,0.0,0,,,,0.17743879472693033,0.0006277463904582549,0.6714793889935133,0.32789286461602846,LOG_TRAIN_P99
grouped_iid,CONFIDENCE_THRESHOLD_V1,ABSTAIN,2224,0,0.0,0,,,,0.09999999999999999,1.0,0.0,0.0,LOG_TRAIN_P99
grouped_iid,CONFIDENCE_THRESHOLD_V1,ESCALATE,22350,0,0.0,0,,,,0.1,1.0,0.0,0.0,LOG_TRAIN_P99
grouped_iid,CONFIDENCE_THRESHOLD_V1,EXECUTE,7566,0,0.0,0,,,,0.1,1.0,0.0,0.0,LOG_TRAIN_P99
grouped_iid,CONFIDENCE_THRESHOLD_V1,GATHER,4779,0,0.0,0,,,,0.09999999999999999,1.0,0.0,0.0,LOG_TRAIN_P99
grouped_iid,VOI_BLIND_V1,ABSTAIN,2224,0,0.0,0,,,,0.09999999999999999,1.0,0.0,0.0,LOG_TRAIN_P99
grouped_iid,VOI_BLIND_V1,ESCALATE,22350,0,0.0,0,,,,0.1,1.0,0.0,0.0,LOG_TRAIN_P99
grouped_iid,VOI_BLIND_V1,EXECUTE,7566,0,0.0,0,,,,0.1,1.0,0.0,0.0,LOG_TRAIN_P99
grouped_iid,VOI_BLIND_V1,GATHER,4779,0,0.0,0,,,,0.07278091650973008,0.6597614563716259,0.34023854362837413,0.0,LOG_TRAIN_P99
grouped_iid,RCSE_V1_FULL,ABSTAIN,2224,0,0.0,0,,,,0.09999999999999999,1.0,0.0,0.0,LOG_TRAIN_P99
grouped_iid,RCSE_V1_FULL,ESCALATE,22350,0,0.0,0,,,,0.1,1.0,0.0,0.0,LOG_TRAIN_P99
grouped_iid,RCSE_V1_FULL,EXECUTE,7566,0,0.0,0,,,,0.1,1.0,0.0,0.0,LOG_TRAIN_P99
grouped_iid,RCSE_V1_FULL,GATHER,4779,0,0.0,0,,,,0.07462230592174095,0.6827788240217618,0.3172211759782381,0.0,LOG_TRAIN_P99
grouped_iid,V2_SAFETY_NO_GATE,ABSTAIN,2224,0,0.0,0,,,,0.09999999999999999,1.0,0.0,0.0,LOG_TRAIN_P99
grouped_iid,V2_SAFETY_NO_GATE,ESCALATE,22350,16283,0.7285458612975392,16283,1.0,1.0,1.0,0.4458831131247457,0.2714541387024608,0.0,0.0,LOG_TRAIN_P99
grouped_iid,V2_SAFETY_NO_GATE,EXECUTE,7566,5452,0.7205921226539783,105,0.01925898752751284,0.051734935167005204,0.02237287750463258,0.03726267511783205,0.2794078773460217,0.0,0.0,LOG_TRAIN_P99
grouped_iid,V2_SAFETY_NO_GATE,GATHER,4779,0,0.0,0,,,,0.07462230592174095,0.6827788240217618,0.3172211759782381,0.0,LOG_TRAIN_P99
grouped_iid,V2_GATE_MULTICLASS_EXECUTE,ABSTAIN,2224,0,0.0,0,,,,0.09999999999999999,1.0,0.0,0.0,LOG_TRAIN_P99
grouped_iid,V2_GATE_MULTICLASS_EXECUTE,ESCALATE,22350,0,0.0,0,,,,0.1,1.0,0.0,0.0,LOG_TRAIN_P99
grouped_iid,V2_GATE_MULTICLASS_EXECUTE,EXECUTE,7566,0,0.0,0,,,,0.1,1.0,0.0,0.0,LOG_TRAIN_P99
grouped_iid,V2_GATE_MULTICLASS_EXECUTE,GATHER,4779,0,0.0,0,,,,0.07462230592174095,0.6827788240217618,0.3172211759782381,0.0,LOG_TRAIN_P99
grouped_iid,RCSE_V2_NO_GATHER,ABSTAIN,2224,0,0.0,0,,,,0.09999999999999999,1.0,0.0,0.0,LOG_TRAIN_P99
grouped_iid,RCSE_V2_NO_GATHER,ESCALATE,22350,975,0.0436241610738255,975,1.0,1.0,1.0,0.12072730828421181,0.9563758389261745,0.0,0.0,LOG_TRAIN_P99
grouped_iid,RCSE_V2_NO_GATHER,EXECUTE,7566,5408,0.7147766323024055,104,0.019230769230769232,0.05239241865572753,0.022335405421611276,0.03775293616168957,0.2852233676975945,0.0,0.0,LOG_TRAIN_P99
grouped_iid,RCSE_V2_NO_GATHER,GATHER,4779,0,0.0,0,,,,0.09999999999999999,1.0,0.0,0.0,LOG_TRAIN_P99
grouped_iid,RCSE_V2_FULL,ABSTAIN,2224,0,0.0,0,,,,0.09999999999999999,1.0,0.0,0.0,LOG_TRAIN_P99
grouped_iid,RCSE_V2_FULL,ESCALATE,22350,975,0.0436241610738255,975,1.0,1.0,1.0,0.12072730828421181,0.9563758389261745,0.0,0.0,LOG_TRAIN_P99
grouped_iid,RCSE_V2_FULL,EXECUTE,7566,5408,0.7147766323024055,104,0.019230769230769232,0.05239241865572753,0.022335405421611276,0.03775293616168957,0.2852233676975945,0.0,0.0,LOG_TRAIN_P99
grouped_iid,RCSE_V2_FULL,GATHER,4779,0,0.0,0,,,,0.07462230592174095,0.6827788240217618,0.3172211759782381,0.0,LOG_TRAIN_P99
temporal,ARGMAX_V1,ABSTAIN,2323,0,0.0,0,,,,0.48760223848471795,0.0,0.02582866982350409,0.9741713301764959,LOG_TRAIN_P90
temporal,ARGMAX_V1,ESCALATE,23509,0,0.0,0,,,,0.10013611808243653,0.9996597047939088,0.0,0.0003402952060912842,LOG_TRAIN_P90
temporal,ARGMAX_V1,EXECUTE,7825,0,0.0,0,,,,0.10005111821086263,0.9998722044728434,0.0,0.00012779552715654952,LOG_TRAIN_P90
temporal,ARGMAX_V1,GATHER,3923,0,0.0,0,,,,0.22178434871271985,0.0002549069589599796,0.5794035177160336,0.4203415753250064,LOG_TRAIN_P90
temporal,CONFIDENCE_THRESHOLD_V1,ABSTAIN,2323,0,0.0,0,,,,0.09999999999999998,1.0,0.0,0.0,LOG_TRAIN_P90
temporal,CONFIDENCE_THRESHOLD_V1,ESCALATE,23509,0,0.0,0,,,,0.10000000000000002,1.0,0.0,0.0,LOG_TRAIN_P90
temporal,CONFIDENCE_THRESHOLD_V1,EXECUTE,7825,0,0.0,0,,,,0.10000000000000003,1.0,0.0,0.0,LOG_TRAIN_P90
temporal,CONFIDENCE_THRESHOLD_V1,GATHER,3923,0,0.0,0,,,,0.10000000000000002,1.0,0.0,0.0,LOG_TRAIN_P90
temporal,VOI_BLIND_V1,ABSTAIN,2323,0,0.0,0,,,,0.09999999999999998,1.0,0.0,0.0,LOG_TRAIN_P90
temporal,VOI_BLIND_V1,ESCALATE,23509,0,0.0,0,,,,0.10000000000000002,1.0,0.0,0.0,LOG_TRAIN_P90
temporal,VOI_BLIND_V1,EXECUTE,7825,0,0.0,0,,,,0.10000000000000003,1.0,0.0,0.0,LOG_TRAIN_P90
temporal,VOI_BLIND_V1,GATHER,3923,0,0.0,0,,,,0.08613306143257714,0.8266632679072139,0.17333673209278613,0.0,LOG_TRAIN_P90
temporal,RCSE_V1_FULL,ABSTAIN,2323,0,0.0,0,,,,0.09999999999999998,1.0,0.0,0.0,LOG_TRAIN_P90
temporal,RCSE_V1_FULL,ESCALATE,23509,0,0.0,0,,,,0.10000000000000002,1.0,0.0,0.0,LOG_TRAIN_P90
temporal,RCSE_V1_FULL,EXECUTE,7825,0,0.0,0,,,,0.10000000000000003,1.0,0.0,0.0,LOG_TRAIN_P90
temporal,RCSE_V1_FULL,GATHER,3923,0,0.0,0,,,,0.08619423910272753,0.8274279887840938,0.1725720112159062,0.0,LOG_TRAIN_P90
temporal,V2_SAFETY_NO_GATE,ABSTAIN,2323,0,0.0,0,,,,0.09999999999999998,1.0,0.0,0.0,LOG_TRAIN_P90
temporal,V2_SAFETY_NO_GATE,ESCALATE,23509,21397,0.9101620655919009,21397,1.0,1.0,1.0,0.671052710398476,0.08983793440809902,0.0,0.0,LOG_TRAIN_P90
temporal,V2_SAFETY_NO_GATE,EXECUTE,7825,7072,0.9037699680511182,67,0.009473981900452488,0.01719799770047629,0.010550773472056683,0.016571380597565608,0.09623003194888179,0.0,0.0,LOG_TRAIN_P90
temporal,V2_SAFETY_NO_GATE,GATHER,3923,0,0.0,0,,,,0.08619423910272753,0.8274279887840938,0.1725720112159062,0.0,LOG_TRAIN_P90
temporal,V2_GATE_MULTICLASS_EXECUTE,ABSTAIN,2323,0,0.0,0,,,,0.09999999999999998,1.0,0.0,0.0,LOG_TRAIN_P90
temporal,V2_GATE_MULTICLASS_EXECUTE,ESCALATE,23509,0,0.0,0,,,,0.10000000000000002,1.0,0.0,0.0,LOG_TRAIN_P90
temporal,V2_GATE_MULTICLASS_EXECUTE,EXECUTE,7825,0,0.0,0,,,,0.10000000000000003,1.0,0.0,0.0,LOG_TRAIN_P90
temporal,V2_GATE_MULTICLASS_EXECUTE,GATHER,3923,0,0.0,0,,,,0.08619423910272753,0.8274279887840938,0.1725720112159062,0.0,LOG_TRAIN_P90
temporal,RCSE_V2_NO_GATHER,ABSTAIN,2323,0,0.0,0,,,,0.09999999999999998,1.0,0.0,0.0,LOG_TRAIN_P90
temporal,RCSE_V2_NO_GATHER,ESCALATE,23509,1350,0.05742481602790421,1350,1.0,1.0,1.0,0.1361960216883573,0.9425751839720958,0.0,0.0,LOG_TRAIN_P90
temporal,RCSE_V2_NO_GATHER,EXECUTE,7825,6882,0.8794888178913738,67,0.00973554199360651,0.017667252103771718,0.010825406180012728,0.018999495613540047,0.1205111821086262,0.0,0.0,LOG_TRAIN_P90
temporal,RCSE_V2_NO_GATHER,GATHER,3923,0,0.0,0,,,,0.10000000000000002,1.0,0.0,0.0,LOG_TRAIN_P90
temporal,RCSE_V2_FULL,ABSTAIN,2323,0,0.0,0,,,,0.09999999999999998,1.0,0.0,0.0,LOG_TRAIN_P90
temporal,RCSE_V2_FULL,ESCALATE,23509,1350,0.05742481602790421,1350,1.0,1.0,1.0,0.1361960216883573,0.9425751839720958,0.0,0.0,LOG_TRAIN_P90
temporal,RCSE_V2_FULL,EXECUTE,7825,6882,0.8794888178913738,67,0.00973554199360651,0.017667252103771718,0.010825406180012728,0.018999495613540047,0.1205111821086262,0.0,0.0,LOG_TRAIN_P90
temporal,RCSE_V2_FULL,GATHER,3923,0,0.0,0,,,,0.08619423910272753,0.8274279887840938,0.1725720112159062,0.0,LOG_TRAIN_P90
temporal,ARGMAX_V1,ABSTAIN,2323,0,0.0,0,,,,0.48760223848471795,0.0,0.02582866982350409,0.9741713301764959,UNIFORM
temporal,ARGMAX_V1,ESCALATE,23509,0,0.0,0,,,,0.10013611808243653,0.9996597047939088,0.0,0.0003402952060912842,UNIFORM
temporal,ARGMAX_V1,EXECUTE,7825,0,0.0,0,,,,0.10005111821086263,0.9998722044728434,0.0,0.00012779552715654952,UNIFORM
temporal,ARGMAX_V1,GATHER,3923,0,0.0,0,,,,0.22178434871271985,0.0002549069589599796,0.5794035177160336,0.4203415753250064,UNIFORM
temporal,CONFIDENCE_THRESHOLD_V1,ABSTAIN,2323,0,0.0,0,,,,0.09999999999999998,1.0,0.0,0.0,UNIFORM
temporal,CONFIDENCE_THRESHOLD_V1,ESCALATE,23509,0,0.0,0,,,,0.10000000000000002,1.0,0.0,0.0,UNIFORM
temporal,CONFIDENCE_THRESHOLD_V1,EXECUTE,7825,0,0.0,0,,,,0.10000000000000003,1.0,0.0,0.0,UNIFORM
temporal,CONFIDENCE_THRESHOLD_V1,GATHER,3923,0,0.0,0,,,,0.10000000000000002,1.0,0.0,0.0,UNIFORM
temporal,VOI_BLIND_V1,ABSTAIN,2323,0,0.0,0,,,,0.09999999999999998,1.0,0.0,0.0,UNIFORM
temporal,VOI_BLIND_V1,ESCALATE,23509,0,0.0,0,,,,0.10000000000000002,1.0,0.0,0.0,UNIFORM
temporal,VOI_BLIND_V1,EXECUTE,7825,0,0.0,0,,,,0.10000000000000003,1.0,0.0,0.0,UNIFORM
temporal,VOI_BLIND_V1,GATHER,3923,0,0.0,0,,,,0.08613306143257714,0.8266632679072139,0.17333673209278613,0.0,UNIFORM
temporal,RCSE_V1_FULL,ABSTAIN,2323,0,0.0,0,,,,0.09999999999999998,1.0,0.0,0.0,UNIFORM
temporal,RCSE_V1_FULL,ESCALATE,23509,0,0.0,0,,,,0.10000000000000002,1.0,0.0,0.0,UNIFORM
temporal,RCSE_V1_FULL,EXECUTE,7825,0,0.0,0,,,,0.10000000000000003,1.0,0.0,0.0,UNIFORM
temporal,RCSE_V1_FULL,GATHER,3923,0,0.0,0,,,,0.08613306143257714,0.8266632679072139,0.17333673209278613,0.0,UNIFORM
temporal,V2_SAFETY_NO_GATE,ABSTAIN,2323,0,0.0,0,,,,0.09999999999999998,1.0,0.0,0.0,UNIFORM
temporal,V2_SAFETY_NO_GATE,ESCALATE,23509,21398,0.9102046024926624,21398,1.0,1.0,1.0,0.9191841422433961,0.08979539750733762,0.0,0.0,UNIFORM
temporal,V2_SAFETY_NO_GATE,EXECUTE,7825,7073,0.9038977635782748,67,0.009472642443093454,0.01691047328685102,0.009472642443093454,0.018172523961661344,0.09610223642172525,0.0,0.0,UNIFORM
temporal,V2_SAFETY_NO_GATE,GATHER,3923,0,0.0,0,,,,0.08613306143257714,0.8266632679072139,0.17333673209278613,0.0,UNIFORM
temporal,V2_GATE_MULTICLASS_EXECUTE,ABSTAIN,2323,0,0.0,0,,,,0.09999999999999998,1.0,0.0,0.0,UNIFORM
temporal,V2_GATE_MULTICLASS_EXECUTE,ESCALATE,23509,0,0.0,0,,,,0.10000000000000002,1.0,0.0,0.0,UNIFORM
temporal,V2_GATE_MULTICLASS_EXECUTE,EXECUTE,7825,0,0.0,0,,,,0.10000000000000003,1.0,0.0,0.0,UNIFORM
temporal,V2_GATE_MULTICLASS_EXECUTE,GATHER,3923,0,0.0,0,,,,0.08613306143257714,0.8266632679072139,0.17333673209278613,0.0,UNIFORM
temporal,RCSE_V2_NO_GATHER,ABSTAIN,2323,0,0.0,0,,,,0.09999999999999998,1.0,0.0,0.0,UNIFORM
temporal,RCSE_V2_NO_GATHER,ESCALATE,23509,1350,0.05742481602790421,1350,1.0,1.0,1.0,0.15168233442511378,0.9425751839720958,0.0,0.0,UNIFORM
temporal,RCSE_V2_NO_GATHER,EXECUTE,7825,6883,0.8796166134185304,67,0.00973412756065669,0.017363961539803845,0.00973412756065669,0.020600638977635786,0.12038338658146965,0.0,0.0,UNIFORM
temporal,RCSE_V2_NO_GATHER,GATHER,3923,0,0.0,0,,,,0.10000000000000002,1.0,0.0,0.0,UNIFORM
temporal,RCSE_V2_FULL,ABSTAIN,2323,0,0.0,0,,,,0.09999999999999998,1.0,0.0,0.0,UNIFORM
temporal,RCSE_V2_FULL,ESCALATE,23509,1350,0.05742481602790421,1350,1.0,1.0,1.0,0.15168233442511378,0.9425751839720958,0.0,0.0,UNIFORM
temporal,RCSE_V2_FULL,EXECUTE,7825,6883,0.8796166134185304,67,0.00973412756065669,0.017363961539803845,0.00973412756065669,0.020600638977635786,0.12038338658146965,0.0,0.0,UNIFORM
temporal,RCSE_V2_FULL,GATHER,3923,0,0.0,0,,,,0.08613306143257714,0.8266632679072139,0.17333673209278613,0.0,UNIFORM
temporal,ARGMAX_V1,ABSTAIN,2323,0,0.0,0,,,,0.48760223848471795,0.0,0.02582866982350409,0.9741713301764959,LOG_TRAIN_P50
temporal,ARGMAX_V1,ESCALATE,23509,0,0.0,0,,,,0.10013611808243653,0.9996597047939088,0.0,0.0003402952060912842,LOG_TRAIN_P50
temporal,ARGMAX_V1,EXECUTE,7825,0,0.0,0,,,,0.10005111821086263,0.9998722044728434,0.0,0.00012779552715654952,LOG_TRAIN_P50
temporal,ARGMAX_V1,GATHER,3923,0,0.0,0,,,,0.22178434871271985,0.0002549069589599796,0.5794035177160336,0.4203415753250064,LOG_TRAIN_P50
temporal,CONFIDENCE_THRESHOLD_V1,ABSTAIN,2323,0,0.0,0,,,,0.09999999999999998,1.0,0.0,0.0,LOG_TRAIN_P50
temporal,CONFIDENCE_THRESHOLD_V1,ESCALATE,23509,0,0.0,0,,,,0.10000000000000002,1.0,0.0,0.0,LOG_TRAIN_P50
temporal,CONFIDENCE_THRESHOLD_V1,EXECUTE,7825,0,0.0,0,,,,0.10000000000000003,1.0,0.0,0.0,LOG_TRAIN_P50
temporal,CONFIDENCE_THRESHOLD_V1,GATHER,3923,0,0.0,0,,,,0.10000000000000002,1.0,0.0,0.0,LOG_TRAIN_P50
temporal,VOI_BLIND_V1,ABSTAIN,2323,0,0.0,0,,,,0.09999999999999998,1.0,0.0,0.0,LOG_TRAIN_P50
temporal,VOI_BLIND_V1,ESCALATE,23509,0,0.0,0,,,,0.10000000000000002,1.0,0.0,0.0,LOG_TRAIN_P50
temporal,VOI_BLIND_V1,EXECUTE,7825,0,0.0,0,,,,0.10000000000000003,1.0,0.0,0.0,LOG_TRAIN_P50
temporal,VOI_BLIND_V1,GATHER,3923,0,0.0,0,,,,0.08613306143257714,0.8266632679072139,0.17333673209278613,0.0,LOG_TRAIN_P50
temporal,RCSE_V1_FULL,ABSTAIN,2323,0,0.0,0,,,,0.09999999999999998,1.0,0.0,0.0,LOG_TRAIN_P50
temporal,RCSE_V1_FULL,ESCALATE,23509,0,0.0,0,,,,0.10000000000000002,1.0,0.0,0.0,LOG_TRAIN_P50
temporal,RCSE_V1_FULL,EXECUTE,7825,0,0.0,0,,,,0.10000000000000003,1.0,0.0,0.0,LOG_TRAIN_P50
temporal,RCSE_V1_FULL,GATHER,3923,0,0.0,0,,,,0.08660209023706347,0.8325261279632934,0.1674738720367066,0.0,LOG_TRAIN_P50
temporal,V2_SAFETY_NO_GATE,ABSTAIN,2323,0,0.0,0,,,,0.09999999999999998,1.0,0.0,0.0,LOG_TRAIN_P50
temporal,V2_SAFETY_NO_GATE,ESCALATE,23509,20594,0.8760049342804883,20594,1.0,1.0,1.0,0.8882317815728562,0.12399506571951167,0.0,0.0,LOG_TRAIN_P50
temporal,V2_SAFETY_NO_GATE,EXECUTE,7825,6803,0.8693929712460063,58,0.008525650448331618,0.007848382842676816,0.009079883858014086,0.02096783697276417,0.1306070287539936,0.0,0.0,LOG_TRAIN_P50
temporal,V2_SAFETY_NO_GATE,GATHER,3923,0,0.0,0,,,,0.08660209023706347,0.8325261279632934,0.1674738720367066,0.0,LOG_TRAIN_P50
temporal,V2_GATE_MULTICLASS_EXECUTE,ABSTAIN,2323,0,0.0,0,,,,0.09999999999999998,1.0,0.0,0.0,LOG_TRAIN_P50
temporal,V2_GATE_MULTICLASS_EXECUTE,ESCALATE,23509,0,0.0,0,,,,0.10000000000000002,1.0,0.0,0.0,LOG_TRAIN_P50
temporal,V2_GATE_MULTICLASS_EXECUTE,EXECUTE,7825,0,0.0,0,,,,0.10000000000000003,1.0,0.0,0.0,LOG_TRAIN_P50
temporal,V2_GATE_MULTICLASS_EXECUTE,GATHER,3923,0,0.0,0,,,,0.08660209023706347,0.8325261279632934,0.1674738720367066,0.0,LOG_TRAIN_P50
temporal,RCSE_V2_NO_GATHER,ABSTAIN,2323,0,0.0,0,,,,0.09999999999999998,1.0,0.0,0.0,LOG_TRAIN_P50
temporal,RCSE_V2_NO_GATHER,ESCALATE,23509,1307,0.05559572929516356,1307,1.0,1.0,1.0,0.15039916243783202,0.9444042707048365,0.0,0.0,LOG_TRAIN_P50
temporal,RCSE_V2_NO_GATHER,EXECUTE,7825,6629,0.8471565495207668,58,0.008749434303816564,0.007972492471584896,0.009296080431135927,0.023191479145288133,0.15284345047923323,0.0,0.0,LOG_TRAIN_P50
temporal,RCSE_V2_NO_GATHER,GATHER,3923,0,0.0,0,,,,0.10000000000000002,1.0,0.0,0.0,LOG_TRAIN_P50
temporal,RCSE_V2_FULL,ABSTAIN,2323,0,0.0,0,,,,0.09999999999999998,1.0,0.0,0.0,LOG_TRAIN_P50
temporal,RCSE_V2_FULL,ESCALATE,23509,1307,0.05559572929516356,1307,1.0,1.0,1.0,0.15039916243783202,0.9444042707048365,0.0,0.0,LOG_TRAIN_P50
temporal,RCSE_V2_FULL,EXECUTE,7825,6629,0.8471565495207668,58,0.008749434303816564,0.007972492471584896,0.009296080431135927,0.023191479145288133,0.15284345047923323,0.0,0.0,LOG_TRAIN_P50
temporal,RCSE_V2_FULL,GATHER,3923,0,0.0,0,,,,0.08660209023706347,0.8325261279632934,0.1674738720367066,0.0,LOG_TRAIN_P50
temporal,ARGMAX_V1,ABSTAIN,2323,0,0.0,0,,,,0.48760223848471795,0.0,0.02582866982350409,0.9741713301764959,LOG_TRAIN_P99
temporal,ARGMAX_V1,ESCALATE,23509,0,0.0,0,,,,0.10013611808243653,0.9996597047939088,0.0,0.0003402952060912842,LOG_TRAIN_P99
temporal,ARGMAX_V1,EXECUTE,7825,0,0.0,0,,,,0.10005111821086263,0.9998722044728434,0.0,0.00012779552715654952,LOG_TRAIN_P99
temporal,ARGMAX_V1,GATHER,3923,0,0.0,0,,,,0.22178434871271985,0.0002549069589599796,0.5794035177160336,0.4203415753250064,LOG_TRAIN_P99
temporal,CONFIDENCE_THRESHOLD_V1,ABSTAIN,2323,0,0.0,0,,,,0.09999999999999998,1.0,0.0,0.0,LOG_TRAIN_P99
temporal,CONFIDENCE_THRESHOLD_V1,ESCALATE,23509,0,0.0,0,,,,0.10000000000000002,1.0,0.0,0.0,LOG_TRAIN_P99
temporal,CONFIDENCE_THRESHOLD_V1,EXECUTE,7825,0,0.0,0,,,,0.10000000000000003,1.0,0.0,0.0,LOG_TRAIN_P99
temporal,CONFIDENCE_THRESHOLD_V1,GATHER,3923,0,0.0,0,,,,0.10000000000000002,1.0,0.0,0.0,LOG_TRAIN_P99
temporal,VOI_BLIND_V1,ABSTAIN,2323,0,0.0,0,,,,0.09999999999999998,1.0,0.0,0.0,LOG_TRAIN_P99
temporal,VOI_BLIND_V1,ESCALATE,23509,0,0.0,0,,,,0.10000000000000002,1.0,0.0,0.0,LOG_TRAIN_P99
temporal,VOI_BLIND_V1,EXECUTE,7825,0,0.0,0,,,,0.10000000000000003,1.0,0.0,0.0,LOG_TRAIN_P99
temporal,VOI_BLIND_V1,GATHER,3923,0,0.0,0,,,,0.08613306143257714,0.8266632679072139,0.17333673209278613,0.0,LOG_TRAIN_P99
temporal,RCSE_V1_FULL,ABSTAIN,2323,0,0.0,0,,,,0.09999999999999998,1.0,0.0,0.0,LOG_TRAIN_P99
temporal,RCSE_V1_FULL,ESCALATE,23509,0,0.0,0,,,,0.10000000000000002,1.0,0.0,0.0,LOG_TRAIN_P99
temporal,RCSE_V1_FULL,EXECUTE,7825,0,0.0,0,,,,0.10000000000000003,1.0,0.0,0.0,LOG_TRAIN_P99
temporal,RCSE_V1_FULL,GATHER,3923,0,0.0,0,,,,0.08613306143257714,0.8266632679072139,0.17333673209278613,0.0,LOG_TRAIN_P99
temporal,V2_SAFETY_NO_GATE,ABSTAIN,2323,0,0.0,0,,,,0.09999999999999998,1.0,0.0,0.0,LOG_TRAIN_P99
temporal,V2_SAFETY_NO_GATE,ESCALATE,23509,21398,0.9102046024926624,21398,1.0,1.0,1.0,0.5529441583854139,0.08979539750733762,0.0,0.0,LOG_TRAIN_P99
temporal,V2_SAFETY_NO_GATE,EXECUTE,7825,7073,0.9038977635782748,67,0.009472642443093454,0.01691047328685102,0.010547817484566745,0.015318570917367868,0.09610223642172525,0.0,0.0,LOG_TRAIN_P99
temporal,V2_SAFETY_NO_GATE,GATHER,3923,0,0.0,0,,,,0.08613306143257714,0.8266632679072139,0.17333673209278613,0.0,LOG_TRAIN_P99
temporal,V2_GATE_MULTICLASS_EXECUTE,ABSTAIN,2323,0,0.0,0,,,,0.09999999999999998,1.0,0.0,0.0,LOG_TRAIN_P99
temporal,V2_GATE_MULTICLASS_EXECUTE,ESCALATE,23509,0,0.0,0,,,,0.10000000000000002,1.0,0.0,0.0,LOG_TRAIN_P99
temporal,V2_GATE_MULTICLASS_EXECUTE,EXECUTE,7825,0,0.0,0,,,,0.10000000000000003,1.0,0.0,0.0,LOG_TRAIN_P99
temporal,V2_GATE_MULTICLASS_EXECUTE,GATHER,3923,0,0.0,0,,,,0.08613306143257714,0.8266632679072139,0.17333673209278613,0.0,LOG_TRAIN_P99
temporal,RCSE_V2_NO_GATHER,ABSTAIN,2323,0,0.0,0,,,,0.09999999999999998,1.0,0.0,0.0,LOG_TRAIN_P99
temporal,RCSE_V2_NO_GATHER,ESCALATE,23509,1350,0.05742481602790421,1350,1.0,1.0,1.0,0.12871153940296925,0.9425751839720958,0.0,0.0,LOG_TRAIN_P99
temporal,RCSE_V2_NO_GATHER,EXECUTE,7825,6883,0.8796166134185304,67,0.00973412756065669,0.017363961539803845,0.010822294325903096,0.017746685933342308,0.12038338658146965,0.0,0.0,LOG_TRAIN_P99
temporal,RCSE_V2_NO_GATHER,GATHER,3923,0,0.0,0,,,,0.10000000000000002,1.0,0.0,0.0,LOG_TRAIN_P99
temporal,RCSE_V2_FULL,ABSTAIN,2323,0,0.0,0,,,,0.09999999999999998,1.0,0.0,0.0,LOG_TRAIN_P99
temporal,RCSE_V2_FULL,ESCALATE,23509,1350,0.05742481602790421,1350,1.0,1.0,1.0,0.12871153940296925,0.9425751839720958,0.0,0.0,LOG_TRAIN_P99
temporal,RCSE_V2_FULL,EXECUTE,7825,6883,0.8796166134185304,67,0.00973412756065669,0.017363961539803845,0.010822294325903096,0.017746685933342308,0.12038338658146965,0.0,0.0,LOG_TRAIN_P99
temporal,RCSE_V2_FULL,GATHER,3923,0,0.0,0,,,,0.08613306143257714,0.8266632679072139,0.17333673209278613,0.0,LOG_TRAIN_P99
ood_exposure,ARGMAX_V1,ABSTAIN,168,3,0.017857142857142856,3,1.0,1.0,1.0,0.445589130387913,0.03571428571428571,0.11904761904761904,0.8273809523809523,LOG_TRAIN_P90
ood_exposure,ARGMAX_V1,ESCALATE,1510,73,0.048344370860927154,73,1.0,1.0,1.0,0.15601874661261697,0.871523178807947,0.08013245033112583,0.0,LOG_TRAIN_P90
ood_exposure,ARGMAX_V1,EXECUTE,520,12,0.023076923076923078,7,0.5833333333333334,0.6219504218719341,0.5865352959509771,0.10945158705307408,0.8923076923076924,0.08461538461538462,0.0,LOG_TRAIN_P90
ood_exposure,ARGMAX_V1,GATHER,338,0,0.0,0,,,,0.019999999999999997,0.0,1.0,0.0,LOG_TRAIN_P90
ood_exposure,CONFIDENCE_THRESHOLD_V1,ABSTAIN,168,2,0.011904761904761904,2,1.0,1.0,1.0,0.11474409168741208,0.9880952380952381,0.0,0.0,LOG_TRAIN_P90
ood_exposure,CONFIDENCE_THRESHOLD_V1,ESCALATE,1510,48,0.031788079470198675,48,1.0,1.0,1.0,0.14183509283152876,0.9682119205298013,0.0,0.0,LOG_TRAIN_P90
ood_exposure,CONFIDENCE_THRESHOLD_V1,EXECUTE,520,8,0.015384615384615385,6,0.75,0.7642327120663194,0.751144323051337,0.11440504327852573,0.9846153846153847,0.0,0.0,LOG_TRAIN_P90
ood_exposure,CONFIDENCE_THRESHOLD_V1,GATHER,338,0,0.0,0,,,,0.09999999999999999,1.0,0.0,0.0,LOG_TRAIN_P90
ood_exposure,VOI_BLIND_V1,ABSTAIN,168,0,0.0,0,,,,0.09999999999999998,1.0,0.0,0.0,LOG_TRAIN_P90
ood_exposure,VOI_BLIND_V1,ESCALATE,1510,7,0.004635761589403974,7,1.0,1.0,1.0,0.10706490977951266,0.9953642384105961,0.0,0.0,LOG_TRAIN_P90
ood_exposure,VOI_BLIND_V1,EXECUTE,520,0,0.0,0,,,,0.1,1.0,0.0,0.0,LOG_TRAIN_P90
ood_exposure,VOI_BLIND_V1,GATHER,338,0,0.0,0,,,,0.0824852071005917,0.7810650887573964,0.21893491124260356,0.0,LOG_TRAIN_P90
ood_exposure,RCSE_V1_FULL,ABSTAIN,168,0,0.0,0,,,,0.09999999999999998,1.0,0.0,0.0,LOG_TRAIN_P90
ood_exposure,RCSE_V1_FULL,ESCALATE,1510,5,0.0033112582781456954,5,1.0,1.0,1.0,0.10523909238967243,0.9966887417218543,0.0,0.0,LOG_TRAIN_P90
ood_exposure,RCSE_V1_FULL,EXECUTE,520,0,0.0,0,,,,0.1,1.0,0.0,0.0,LOG_TRAIN_P90
ood_exposure,RCSE_V1_FULL,GATHER,338,0,0.0,0,,,,0.08556213017751478,0.8195266272189349,0.1804733727810651,0.0,LOG_TRAIN_P90
ood_exposure,V2_SAFETY_NO_GATE,ABSTAIN,168,0,0.0,0,,,,0.09999999999999998,1.0,0.0,0.0,LOG_TRAIN_P90
ood_exposure,V2_SAFETY_NO_GATE,ESCALATE,1510,122,0.08079470198675497,122,1.0,1.0,1.0,0.19676878484918103,0.919205298013245,0.0,0.0,LOG_TRAIN_P90
ood_exposure,V2_SAFETY_NO_GATE,EXECUTE,520,22,0.04230769230769231,3,0.13636363636363635,0.1972968170530433,0.1414060501313749,0.10344569562183233,0.9576923076923077,0.0,0.0,LOG_TRAIN_P90
ood_exposure,V2_SAFETY_NO_GATE,GATHER,338,0,0.0,0,,,,0.08556213017751478,0.8195266272189349,0.1804733727810651,0.0,LOG_TRAIN_P90
ood_exposure,V2_GATE_MULTICLASS_EXECUTE,ABSTAIN,168,0,0.0,0,,,,0.09999999999999998,1.0,0.0,0.0,LOG_TRAIN_P90
ood_exposure,V2_GATE_MULTICLASS_EXECUTE,ESCALATE,1510,0,0.0,0,,,,0.09999999999999998,1.0,0.0,0.0,LOG_TRAIN_P90
ood_exposure,V2_GATE_MULTICLASS_EXECUTE,EXECUTE,520,0,0.0,0,,,,0.1,1.0,0.0,0.0,LOG_TRAIN_P90
ood_exposure,V2_GATE_MULTICLASS_EXECUTE,GATHER,338,0,0.0,0,,,,0.08556213017751478,0.8195266272189349,0.1804733727810651,0.0,LOG_TRAIN_P90
ood_exposure,RCSE_V2_NO_GATHER,ABSTAIN,168,0,0.0,0,,,,0.09999999999999998,1.0,0.0,0.0,LOG_TRAIN_P90
ood_exposure,RCSE_V2_NO_GATHER,ESCALATE,1510,2,0.0013245033112582781,2,1.0,1.0,1.0,0.10158923007699269,0.9986754966887417,0.0,0.0,LOG_TRAIN_P90
ood_exposure,RCSE_V2_NO_GATHER,EXECUTE,520,21,0.04038461538461539,3,0.14285714285714285,0.2189791487320273,0.14866864098022028,0.10363800331414003,0.9596153846153846,0.0,0.0,LOG_TRAIN_P90
ood_exposure,RCSE_V2_NO_GATHER,GATHER,338,0,0.0,0,,,,0.09999999999999999,1.0,0.0,0.0,LOG_TRAIN_P90
ood_exposure,RCSE_V2_FULL,ABSTAIN,168,0,0.0,0,,,,0.09999999999999998,1.0,0.0,0.0,LOG_TRAIN_P90
ood_exposure,RCSE_V2_FULL,ESCALATE,1510,2,0.0013245033112582781,2,1.0,1.0,1.0,0.10158923007699269,0.9986754966887417,0.0,0.0,LOG_TRAIN_P90
ood_exposure,RCSE_V2_FULL,EXECUTE,520,21,0.04038461538461539,3,0.14285714285714285,0.2189791487320273,0.14866864098022028,0.10363800331414003,0.9596153846153846,0.0,0.0,LOG_TRAIN_P90
ood_exposure,RCSE_V2_FULL,GATHER,338,0,0.0,0,,,,0.08556213017751478,0.8195266272189349,0.1804733727810651,0.0,LOG_TRAIN_P90
ood_exposure,ARGMAX_V1,ABSTAIN,168,3,0.017857142857142856,3,1.0,1.0,1.0,0.4375,0.03571428571428571,0.11904761904761904,0.8273809523809523,UNIFORM
ood_exposure,ARGMAX_V1,ESCALATE,1510,73,0.048344370860927154,73,1.0,1.0,1.0,0.1370993377483444,0.871523178807947,0.08013245033112583,0.0,UNIFORM
ood_exposure,ARGMAX_V1,EXECUTE,520,12,0.023076923076923078,7,0.5833333333333334,0.6219504218719341,0.5833333333333334,0.10438461538461541,0.8923076923076924,0.08461538461538462,0.0,UNIFORM
ood_exposure,ARGMAX_V1,GATHER,338,0,0.0,0,,,,0.019999999999999997,0.0,1.0,0.0,UNIFORM
ood_exposure,CONFIDENCE_THRESHOLD_V1,ABSTAIN,168,2,0.011904761904761904,2,1.0,1.0,1.0,0.11071428571428572,0.9880952380952381,0.0,0.0,UNIFORM
ood_exposure,CONFIDENCE_THRESHOLD_V1,ESCALATE,1510,48,0.031788079470198675,48,1.0,1.0,1.0,0.12860927152317883,0.9682119205298013,0.0,0.0,UNIFORM
ood_exposure,CONFIDENCE_THRESHOLD_V1,EXECUTE,520,8,0.015384615384615385,6,0.75,0.7642327120663194,0.75,0.11,0.9846153846153847,0.0,0.0,UNIFORM
ood_exposure,CONFIDENCE_THRESHOLD_V1,GATHER,338,0,0.0,0,,,,0.09999999999999999,1.0,0.0,0.0,UNIFORM
ood_exposure,VOI_BLIND_V1,ABSTAIN,168,0,0.0,0,,,,0.09999999999999998,1.0,0.0,0.0,UNIFORM
ood_exposure,VOI_BLIND_V1,ESCALATE,1510,7,0.004635761589403974,7,1.0,1.0,1.0,0.10417218543046357,0.9953642384105961,0.0,0.0,UNIFORM
ood_exposure,VOI_BLIND_V1,EXECUTE,520,0,0.0,0,,,,0.1,1.0,0.0,0.0,UNIFORM
ood_exposure,VOI_BLIND_V1,GATHER,338,0,0.0,0,,,,0.0824852071005917,0.7810650887573964,0.21893491124260356,0.0,UNIFORM
ood_exposure,RCSE_V1_FULL,ABSTAIN,168,0,0.0,0,,,,0.09999999999999998,1.0,0.0,0.0,UNIFORM
ood_exposure,RCSE_V1_FULL,ESCALATE,1510,6,0.003973509933774834,6,1.0,1.0,1.0,0.10357615894039733,0.9960264900662251,0.0,0.0,UNIFORM
ood_exposure,RCSE_V1_FULL,EXECUTE,520,0,0.0,0,,,,0.1,1.0,0.0,0.0,UNIFORM
ood_exposure,RCSE_V1_FULL,GATHER,338,0,0.0,0,,,,0.08485207100591716,0.8106508875739645,0.1893491124260355,0.0,UNIFORM
ood_exposure,V2_SAFETY_NO_GATE,ABSTAIN,168,0,0.0,0,,,,0.09999999999999998,1.0,0.0,0.0,UNIFORM
ood_exposure,V2_SAFETY_NO_GATE,ESCALATE,1510,167,0.11059602649006622,167,1.0,1.0,1.0,0.1995364238410596,0.8894039735099337,0.0,0.0,UNIFORM
ood_exposure,V2_SAFETY_NO_GATE,EXECUTE,520,37,0.07115384615384615,6,0.16216216216216217,0.19495757667567487,0.16216216216216217,0.10442307692307694,0.9288461538461539,0.0,0.0,UNIFORM
ood_exposure,V2_SAFETY_NO_GATE,GATHER,338,0,0.0,0,,,,0.08485207100591716,0.8106508875739645,0.1893491124260355,0.0,UNIFORM
ood_exposure,V2_GATE_MULTICLASS_EXECUTE,ABSTAIN,168,0,0.0,0,,,,0.09999999999999998,1.0,0.0,0.0,UNIFORM
ood_exposure,V2_GATE_MULTICLASS_EXECUTE,ESCALATE,1510,0,0.0,0,,,,0.09999999999999998,1.0,0.0,0.0,UNIFORM
ood_exposure,V2_GATE_MULTICLASS_EXECUTE,EXECUTE,520,0,0.0,0,,,,0.1,1.0,0.0,0.0,UNIFORM
ood_exposure,V2_GATE_MULTICLASS_EXECUTE,GATHER,338,0,0.0,0,,,,0.08485207100591716,0.8106508875739645,0.1893491124260355,0.0,UNIFORM
ood_exposure,RCSE_V2_NO_GATHER,ABSTAIN,168,0,0.0,0,,,,0.09999999999999998,1.0,0.0,0.0,UNIFORM
ood_exposure,RCSE_V2_NO_GATHER,ESCALATE,1510,2,0.0013245033112582781,2,1.0,1.0,1.0,0.10119205298013244,0.9986754966887417,0.0,0.0,UNIFORM
ood_exposure,RCSE_V2_NO_GATHER,EXECUTE,520,36,0.06923076923076923,6,0.16666666666666666,0.20848914117862372,0.16666666666666666,0.10461538461538462,0.9307692307692308,0.0,0.0,UNIFORM
ood_exposure,RCSE_V2_NO_GATHER,GATHER,338,0,0.0,0,,,,0.09999999999999999,1.0,0.0,0.0,UNIFORM
ood_exposure,RCSE_V2_FULL,ABSTAIN,168,0,0.0,0,,,,0.09999999999999998,1.0,0.0,0.0,UNIFORM
ood_exposure,RCSE_V2_FULL,ESCALATE,1510,2,0.0013245033112582781,2,1.0,1.0,1.0,0.10119205298013244,0.9986754966887417,0.0,0.0,UNIFORM
ood_exposure,RCSE_V2_FULL,EXECUTE,520,36,0.06923076923076923,6,0.16666666666666666,0.20848914117862372,0.16666666666666666,0.10461538461538462,0.9307692307692308,0.0,0.0,UNIFORM
ood_exposure,RCSE_V2_FULL,GATHER,338,0,0.0,0,,,,0.08485207100591716,0.8106508875739645,0.1893491124260355,0.0,UNIFORM
ood_exposure,ARGMAX_V1,ABSTAIN,168,3,0.017857142857142856,3,1.0,1.0,1.0,0.45570074402289845,0.03571428571428571,0.11904761904761904,0.8273809523809523,LOG_TRAIN_P50
ood_exposure,ARGMAX_V1,ESCALATE,1510,73,0.048344370860927154,73,1.0,1.0,1.0,0.18223235138684363,0.871523178807947,0.08013245033112583,0.0,LOG_TRAIN_P50
ood_exposure,ARGMAX_V1,EXECUTE,520,12,0.023076923076923078,7,0.5833333333333334,0.6219504218719341,0.5865352959509771,0.1166723980688582,0.8923076923076924,0.08461538461538462,0.0,LOG_TRAIN_P50
ood_exposure,ARGMAX_V1,GATHER,338,0,0.0,0,,,,0.019999999999999997,0.0,1.0,0.0,LOG_TRAIN_P50
ood_exposure,CONFIDENCE_THRESHOLD_V1,ABSTAIN,168,2,0.011904761904761904,2,1.0,1.0,1.0,0.12095400832167699,0.9880952380952381,0.0,0.0,LOG_TRAIN_P50
ood_exposure,CONFIDENCE_THRESHOLD_V1,ESCALATE,1510,48,0.031788079470198675,48,1.0,1.0,1.0,0.15937761882658608,0.9682119205298013,0.0,0.0,LOG_TRAIN_P50
ood_exposure,CONFIDENCE_THRESHOLD_V1,EXECUTE,520,8,0.015384615384615385,6,0.75,0.7642327120663194,0.751144323051337,0.12061844275883928,0.9846153846153847,0.0,0.0,LOG_TRAIN_P50
ood_exposure,CONFIDENCE_THRESHOLD_V1,GATHER,338,0,0.0,0,,,,0.09999999999999999,1.0,0.0,0.0,LOG_TRAIN_P50
ood_exposure,VOI_BLIND_V1,ABSTAIN,168,0,0.0,0,,,,0.09999999999999998,1.0,0.0,0.0,LOG_TRAIN_P50
ood_exposure,VOI_BLIND_V1,ESCALATE,1510,7,0.004635761589403974,7,1.0,1.0,1.0,0.10999886258063654,0.9953642384105961,0.0,0.0,LOG_TRAIN_P50
ood_exposure,VOI_BLIND_V1,EXECUTE,520,0,0.0,0,,,,0.1,1.0,0.0,0.0,LOG_TRAIN_P50
ood_exposure,VOI_BLIND_V1,GATHER,338,0,0.0,0,,,,0.0824852071005917,0.7810650887573964,0.21893491124260356,0.0,LOG_TRAIN_P50
ood_exposure,RCSE_V1_FULL,ABSTAIN,168,0,0.0,0,,,,0.09999999999999998,1.0,0.0,0.0,LOG_TRAIN_P50
ood_exposure,RCSE_V1_FULL,ESCALATE,1510,5,0.0033112582781456954,5,1.0,1.0,1.0,0.10740988177224854,0.9966887417218543,0.0,0.0,LOG_TRAIN_P50
ood_exposure,RCSE_V1_FULL,EXECUTE,520,0,0.0,0,,,,0.1,1.0,0.0,0.0,LOG_TRAIN_P50
ood_exposure,RCSE_V1_FULL,GATHER,338,0,0.0,0,,,,0.09431952662721892,0.9289940828402367,0.07100591715976332,0.0,LOG_TRAIN_P50
ood_exposure,V2_SAFETY_NO_GATE,ABSTAIN,168,0,0.0,0,,,,0.09999999999999998,1.0,0.0,0.0,LOG_TRAIN_P50
ood_exposure,V2_SAFETY_NO_GATE,ESCALATE,1510,104,0.06887417218543046,104,1.0,1.0,1.0,0.2175789846159449,0.9311258278145695,0.0,0.0,LOG_TRAIN_P50
ood_exposure,V2_SAFETY_NO_GATE,EXECUTE,520,18,0.03461538461538462,3,0.16666666666666666,0.2280652344030576,0.17199617364550038,0.10720654857660541,0.9653846153846154,0.0,0.0,LOG_TRAIN_P50
ood_exposure,V2_SAFETY_NO_GATE,GATHER,338,0,0.0,0,,,,0.09431952662721892,0.9289940828402367,0.07100591715976332,0.0,LOG_TRAIN_P50
ood_exposure,V2_GATE_MULTICLASS_EXECUTE,ABSTAIN,168,0,0.0,0,,,,0.09999999999999998,1.0,0.0,0.0,LOG_TRAIN_P50
ood_exposure,V2_GATE_MULTICLASS_EXECUTE,ESCALATE,1510,0,0.0,0,,,,0.09999999999999998,1.0,0.0,0.0,LOG_TRAIN_P50
ood_exposure,V2_GATE_MULTICLASS_EXECUTE,EXECUTE,520,0,0.0,0,,,,0.1,1.0,0.0,0.0,LOG_TRAIN_P50
ood_exposure,V2_GATE_MULTICLASS_EXECUTE,GATHER,338,0,0.0,0,,,,0.09431952662721892,0.9289940828402367,0.07100591715976332,0.0,LOG_TRAIN_P50
ood_exposure,RCSE_V2_NO_GATHER,ABSTAIN,168,0,0.0,0,,,,0.09999999999999998,1.0,0.0,0.0,LOG_TRAIN_P50
ood_exposure,RCSE_V2_NO_GATHER,ESCALATE,1510,2,0.0013245033112582781,2,1.0,1.0,1.0,0.10226019221962475,0.9986754966887417,0.0,0.0,LOG_TRAIN_P50
ood_exposure,RCSE_V2_NO_GATHER,EXECUTE,520,17,0.032692307692307694,3,0.17647058823529413,0.25754280213364983,0.18286156658012667,0.1073988562689131,0.9673076923076923,0.0,0.0,LOG_TRAIN_P50
ood_exposure,RCSE_V2_NO_GATHER,GATHER,338,0,0.0,0,,,,0.09999999999999999,1.0,0.0,0.0,LOG_TRAIN_P50
ood_exposure,RCSE_V2_FULL,ABSTAIN,168,0,0.0,0,,,,0.09999999999999998,1.0,0.0,0.0,LOG_TRAIN_P50
ood_exposure,RCSE_V2_FULL,ESCALATE,1510,2,0.0013245033112582781,2,1.0,1.0,1.0,0.10226019221962475,0.9986754966887417,0.0,0.0,LOG_TRAIN_P50
ood_exposure,RCSE_V2_FULL,EXECUTE,520,17,0.032692307692307694,3,0.17647058823529413,0.25754280213364983,0.18286156658012667,0.1073988562689131,0.9673076923076923,0.0,0.0,LOG_TRAIN_P50
ood_exposure,RCSE_V2_FULL,GATHER,338,0,0.0,0,,,,0.09431952662721892,0.9289940828402367,0.07100591715976332,0.0,LOG_TRAIN_P50
ood_exposure,ARGMAX_V1,ABSTAIN,168,3,0.017857142857142856,3,1.0,1.0,1.0,0.4411643839729001,0.03571428571428571,0.11904761904761904,0.8273809523809523,LOG_TRAIN_P99
ood_exposure,ARGMAX_V1,ESCALATE,1510,73,0.048344370860927154,73,1.0,1.0,1.0,0.14454792128875238,0.871523178807947,0.08013245033112583,0.0,LOG_TRAIN_P99
ood_exposure,ARGMAX_V1,EXECUTE,520,12,0.023076923076923078,7,0.5833333333333334,0.6219504218719341,0.586535295950977,0.10629182850128058,0.8923076923076924,0.08461538461538462,0.0,LOG_TRAIN_P99
ood_exposure,ARGMAX_V1,GATHER,338,0,0.0,0,,,,0.019999999999999997,0.0,1.0,0.0,LOG_TRAIN_P99
ood_exposure,CONFIDENCE_THRESHOLD_V1,ABSTAIN,168,2,0.011904761904761904,2,1.0,1.0,1.0,0.11202669094833284,0.9880952380952381,0.0,0.0,LOG_TRAIN_P99
ood_exposure,CONFIDENCE_THRESHOLD_V1,ESCALATE,1510,48,0.031788079470198675,48,1.0,1.0,1.0,0.13415864950517997,0.9682119205298013,0.0,0.0,LOG_TRAIN_P99
ood_exposure,CONFIDENCE_THRESHOLD_V1,EXECUTE,520,8,0.015384615384615385,6,0.75,0.7642327120663194,0.751144323051337,0.11168611847898254,0.9846153846153847,0.0,0.0,LOG_TRAIN_P99
ood_exposure,CONFIDENCE_THRESHOLD_V1,GATHER,338,0,0.0,0,,,,0.09999999999999999,1.0,0.0,0.0,LOG_TRAIN_P99
ood_exposure,VOI_BLIND_V1,ABSTAIN,168,0,0.0,0,,,,0.09999999999999998,1.0,0.0,0.0,LOG_TRAIN_P99
ood_exposure,VOI_BLIND_V1,ESCALATE,1510,7,0.004635761589403974,7,1.0,1.0,1.0,0.10578103980512264,0.9953642384105961,0.0,0.0,LOG_TRAIN_P99
ood_exposure,VOI_BLIND_V1,EXECUTE,520,0,0.0,0,,,,0.1,1.0,0.0,0.0,LOG_TRAIN_P99
ood_exposure,VOI_BLIND_V1,GATHER,338,0,0.0,0,,,,0.0824852071005917,0.7810650887573964,0.21893491124260356,0.0,LOG_TRAIN_P99
ood_exposure,RCSE_V1_FULL,ABSTAIN,168,0,0.0,0,,,,0.09999999999999998,1.0,0.0,0.0,LOG_TRAIN_P99
ood_exposure,RCSE_V1_FULL,ESCALATE,1510,6,0.003973509933774834,6,1.0,1.0,1.0,0.10504523026950842,0.9960264900662251,0.0,0.0,LOG_TRAIN_P99
ood_exposure,RCSE_V1_FULL,EXECUTE,520,0,0.0,0,,,,0.1,1.0,0.0,0.0,LOG_TRAIN_P99
ood_exposure,RCSE_V1_FULL,GATHER,338,0,0.0,0,,,,0.08485207100591716,0.8106508875739645,0.1893491124260355,0.0,LOG_TRAIN_P99
ood_exposure,V2_SAFETY_NO_GATE,ABSTAIN,168,0,0.0,0,,,,0.09999999999999998,1.0,0.0,0.0,LOG_TRAIN_P99
ood_exposure,V2_SAFETY_NO_GATE,ESCALATE,1510,157,0.10397350993377484,157,1.0,1.0,1.0,0.20077725270164784,0.8960264900662251,0.0,0.0,LOG_TRAIN_P99
ood_exposure,V2_SAFETY_NO_GATE,EXECUTE,520,32,0.06153846153846154,4,0.125,0.17179407600347568,0.12848328776362716,0.10218817246551677,0.9384615384615385,0.0,0.0,LOG_TRAIN_P99
ood_exposure,V2_SAFETY_NO_GATE,GATHER,338,0,0.0,0,,,,0.08485207100591716,0.8106508875739645,0.1893491124260355,0.0,LOG_TRAIN_P99
ood_exposure,V2_GATE_MULTICLASS_EXECUTE,ABSTAIN,168,0,0.0,0,,,,0.09999999999999998,1.0,0.0,0.0,LOG_TRAIN_P99
ood_exposure,V2_GATE_MULTICLASS_EXECUTE,ESCALATE,1510,0,0.0,0,,,,0.09999999999999998,1.0,0.0,0.0,LOG_TRAIN_P99
ood_exposure,V2_GATE_MULTICLASS_EXECUTE,EXECUTE,520,0,0.0,0,,,,0.1,1.0,0.0,0.0,LOG_TRAIN_P99
ood_exposure,V2_GATE_MULTICLASS_EXECUTE,GATHER,338,0,0.0,0,,,,0.08485207100591716,0.8106508875739645,0.1893491124260355,0.0,LOG_TRAIN_P99
ood_exposure,RCSE_V2_NO_GATHER,ABSTAIN,168,0,0.0,0,,,,0.09999999999999998,1.0,0.0,0.0,LOG_TRAIN_P99
ood_exposure,RCSE_V2_NO_GATHER,ESCALATE,1510,2,0.0013245033112582781,2,1.0,1.0,1.0,0.10129562339438089,0.9986754966887417,0.0,0.0,LOG_TRAIN_P99
ood_exposure,RCSE_V2_NO_GATHER,EXECUTE,520,31,0.05961538461538462,4,0.12903225806451613,0.18577814541345122,0.1329889068737565,0.10238048015782446,0.9403846153846154,0.0,0.0,LOG_TRAIN_P99
ood_exposure,RCSE_V2_NO_GATHER,GATHER,338,0,0.0,0,,,,0.09999999999999999,1.0,0.0,0.0,LOG_TRAIN_P99
ood_exposure,RCSE_V2_FULL,ABSTAIN,168,0,0.0,0,,,,0.09999999999999998,1.0,0.0,0.0,LOG_TRAIN_P99
ood_exposure,RCSE_V2_FULL,ESCALATE,1510,2,0.0013245033112582781,2,1.0,1.0,1.0,0.10129562339438089,0.9986754966887417,0.0,0.0,LOG_TRAIN_P99
ood_exposure,RCSE_V2_FULL,EXECUTE,520,31,0.05961538461538462,4,0.12903225806451613,0.18577814541345122,0.1329889068737565,0.10238048015782446,0.9403846153846154,0.0,0.0,LOG_TRAIN_P99
ood_exposure,RCSE_V2_FULL,GATHER,338,0,0.0,0,,,,0.08485207100591716,0.8106508875739645,0.1893491124260355,0.0,LOG_TRAIN_P99
