evaluation_regime,consequence_mode,policy,action,count,pct_within_policy
grouped_iid,LOG_TRAIN_P50,ARGMAX_V1,ABSTAIN,3695,0.10008396760475635
grouped_iid,LOG_TRAIN_P50,ARGMAX_V1,ESCALATE,29919,0.8103957311953195
grouped_iid,LOG_TRAIN_P50,ARGMAX_V1,GATHER,3305,0.08952030119992416
grouped_iid,LOG_TRAIN_P50,CONFIDENCE_THRESHOLD_V1,ESCALATE,36919,1.0
grouped_iid,LOG_TRAIN_P50,RCSE_V1_FULL,ESCALATE,35494,0.96140198813619
grouped_iid,LOG_TRAIN_P50,RCSE_V1_FULL,GATHER,1425,0.03859801186380996
grouped_iid,LOG_TRAIN_P50,RCSE_V2_FULL,ESCALATE,29316,0.794062677754002
grouped_iid,LOG_TRAIN_P50,RCSE_V2_FULL,EXECUTE,6178,0.16733931038218802
grouped_iid,LOG_TRAIN_P50,RCSE_V2_FULL,GATHER,1425,0.03859801186380996
grouped_iid,LOG_TRAIN_P50,RCSE_V2_NO_GATHER,ESCALATE,30741,0.8326606896178119
grouped_iid,LOG_TRAIN_P50,RCSE_V2_NO_GATHER,EXECUTE,6178,0.16733931038218802
grouped_iid,LOG_TRAIN_P50,V2_GATE_MULTICLASS_EXECUTE,ESCALATE,35494,0.96140198813619
grouped_iid,LOG_TRAIN_P50,V2_GATE_MULTICLASS_EXECUTE,GATHER,1425,0.03859801186380996
grouped_iid,LOG_TRAIN_P50,V2_SAFETY_NO_GATE,ESCALATE,14452,0.3914515561093204
grouped_iid,LOG_TRAIN_P50,V2_SAFETY_NO_GATE,EXECUTE,21042,0.5699504320268697
grouped_iid,LOG_TRAIN_P50,V2_SAFETY_NO_GATE,GATHER,1425,0.03859801186380996
grouped_iid,LOG_TRAIN_P50,VOI_BLIND_V1,ESCALATE,35293,0.9559576369890842
grouped_iid,LOG_TRAIN_P50,VOI_BLIND_V1,GATHER,1626,0.04404236301091579
grouped_iid,LOG_TRAIN_P90,ARGMAX_V1,ABSTAIN,3695,0.10008396760475635
grouped_iid,LOG_TRAIN_P90,ARGMAX_V1,ESCALATE,29919,0.8103957311953195
grouped_iid,LOG_TRAIN_P90,ARGMAX_V1,GATHER,3305,0.08952030119992416
grouped_iid,LOG_TRAIN_P90,CONFIDENCE_THRESHOLD_V1,ESCALATE,36919,1.0
grouped_iid,LOG_TRAIN_P90,RCSE_V1_FULL,ESCALATE,35405,0.9589913052899591
grouped_iid,LOG_TRAIN_P90,RCSE_V1_FULL,GATHER,1514,0.0410086947100409
grouped_iid,LOG_TRAIN_P90,RCSE_V2_FULL,ESCALATE,29029,0.7862889027330101
grouped_iid,LOG_TRAIN_P90,RCSE_V2_FULL,EXECUTE,6376,0.172702402556949
grouped_iid,LOG_TRAIN_P90,RCSE_V2_FULL,GATHER,1514,0.0410086947100409
grouped_iid,LOG_TRAIN_P90,RCSE_V2_NO_GATHER,ESCALATE,30543,0.827297597443051
grouped_iid,LOG_TRAIN_P90,RCSE_V2_NO_GATHER,EXECUTE,6376,0.172702402556949
grouped_iid,LOG_TRAIN_P90,V2_GATE_MULTICLASS_EXECUTE,ESCALATE,35405,0.9589913052899591
grouped_iid,LOG_TRAIN_P90,V2_GATE_MULTICLASS_EXECUTE,GATHER,1514,0.0410086947100409
grouped_iid,LOG_TRAIN_P90,V2_SAFETY_NO_GATE,ESCALATE,13713,0.3714347625883691
grouped_iid,LOG_TRAIN_P90,V2_SAFETY_NO_GATE,EXECUTE,21692,0.58755654270159
grouped_iid,LOG_TRAIN_P90,V2_SAFETY_NO_GATE,GATHER,1514,0.0410086947100409
grouped_iid,LOG_TRAIN_P90,VOI_BLIND_V1,ESCALATE,35293,0.9559576369890842
grouped_iid,LOG_TRAIN_P90,VOI_BLIND_V1,GATHER,1626,0.04404236301091579
grouped_iid,LOG_TRAIN_P99,ARGMAX_V1,ABSTAIN,3695,0.10008396760475635
grouped_iid,LOG_TRAIN_P99,ARGMAX_V1,ESCALATE,29919,0.8103957311953195
grouped_iid,LOG_TRAIN_P99,ARGMAX_V1,GATHER,3305,0.08952030119992416
grouped_iid,LOG_TRAIN_P99,CONFIDENCE_THRESHOLD_V1,ESCALATE,36919,1.0
grouped_iid,LOG_TRAIN_P99,RCSE_V1_FULL,ESCALATE,35403,0.9589371326417292
grouped_iid,LOG_TRAIN_P99,RCSE_V1_FULL,GATHER,1516,0.04106286735827081
grouped_iid,LOG_TRAIN_P99,RCSE_V2_FULL,ESCALATE,29020,0.7860451258159755
grouped_iid,LOG_TRAIN_P99,RCSE_V2_FULL,EXECUTE,6383,0.17289200682575367
grouped_iid,LOG_TRAIN_P99,RCSE_V2_FULL,GATHER,1516,0.04106286735827081
grouped_iid,LOG_TRAIN_P99,RCSE_V2_NO_GATHER,ESCALATE,30536,0.8271079931742463
grouped_iid,LOG_TRAIN_P99,RCSE_V2_NO_GATHER,EXECUTE,6383,0.17289200682575367
grouped_iid,LOG_TRAIN_P99,V2_GATE_MULTICLASS_EXECUTE,ESCALATE,35403,0.9589371326417292
grouped_iid,LOG_TRAIN_P99,V2_GATE_MULTICLASS_EXECUTE,GATHER,1516,0.04106286735827081
grouped_iid,LOG_TRAIN_P99,V2_SAFETY_NO_GATE,ESCALATE,13668,0.37021587800319616
grouped_iid,LOG_TRAIN_P99,V2_SAFETY_NO_GATE,EXECUTE,21735,0.588721254638533
grouped_iid,LOG_TRAIN_P99,V2_SAFETY_NO_GATE,GATHER,1516,0.04106286735827081
grouped_iid,LOG_TRAIN_P99,VOI_BLIND_V1,ESCALATE,35293,0.9559576369890842
grouped_iid,LOG_TRAIN_P99,VOI_BLIND_V1,GATHER,1626,0.04404236301091579
grouped_iid,UNIFORM,ARGMAX_V1,ABSTAIN,3695,0.10008396760475635
grouped_iid,UNIFORM,ARGMAX_V1,ESCALATE,29919,0.8103957311953195
grouped_iid,UNIFORM,ARGMAX_V1,GATHER,3305,0.08952030119992416
grouped_iid,UNIFORM,CONFIDENCE_THRESHOLD_V1,ESCALATE,36919,1.0
grouped_iid,UNIFORM,RCSE_V1_FULL,ESCALATE,35403,0.9589371326417292
grouped_iid,UNIFORM,RCSE_V1_FULL,GATHER,1516,0.04106286735827081
grouped_iid,UNIFORM,RCSE_V2_FULL,ESCALATE,29020,0.7860451258159755
grouped_iid,UNIFORM,RCSE_V2_FULL,EXECUTE,6383,0.17289200682575367
grouped_iid,UNIFORM,RCSE_V2_FULL,GATHER,1516,0.04106286735827081
grouped_iid,UNIFORM,RCSE_V2_NO_GATHER,ESCALATE,30536,0.8271079931742463
grouped_iid,UNIFORM,RCSE_V2_NO_GATHER,EXECUTE,6383,0.17289200682575367
grouped_iid,UNIFORM,V2_GATE_MULTICLASS_EXECUTE,ESCALATE,35403,0.9589371326417292
grouped_iid,UNIFORM,V2_GATE_MULTICLASS_EXECUTE,GATHER,1516,0.04106286735827081
grouped_iid,UNIFORM,V2_SAFETY_NO_GATE,ESCALATE,13668,0.37021587800319616
grouped_iid,UNIFORM,V2_SAFETY_NO_GATE,EXECUTE,21735,0.588721254638533
grouped_iid,UNIFORM,V2_SAFETY_NO_GATE,GATHER,1516,0.04106286735827081
grouped_iid,UNIFORM,VOI_BLIND_V1,ESCALATE,35293,0.9559576369890842
grouped_iid,UNIFORM,VOI_BLIND_V1,GATHER,1626,0.04404236301091579
ood_exposure,LOG_TRAIN_P50,ARGMAX_V1,ABSTAIN,139,0.05481072555205047
ood_exposure,LOG_TRAIN_P50,ARGMAX_V1,ESCALATE,1786,0.7042586750788643
ood_exposure,LOG_TRAIN_P50,ARGMAX_V1,EXECUTE,88,0.03470031545741325
ood_exposure,LOG_TRAIN_P50,ARGMAX_V1,GATHER,523,0.20623028391167192
ood_exposure,LOG_TRAIN_P50,CONFIDENCE_THRESHOLD_V1,ESCALATE,2478,0.9771293375394322
ood_exposure,LOG_TRAIN_P50,CONFIDENCE_THRESHOLD_V1,EXECUTE,58,0.022870662460567823
ood_exposure,LOG_TRAIN_P50,RCSE_V1_FULL,ESCALATE,2507,0.988564668769716
ood_exposure,LOG_TRAIN_P50,RCSE_V1_FULL,EXECUTE,5,0.001971608832807571
ood_exposure,LOG_TRAIN_P50,RCSE_V1_FULL,GATHER,24,0.00946372239747634
ood_exposure,LOG_TRAIN_P50,RCSE_V2_FULL,ESCALATE,2493,0.9830441640378549
ood_exposure,LOG_TRAIN_P50,RCSE_V2_FULL,EXECUTE,19,0.00749211356466877
ood_exposure,LOG_TRAIN_P50,RCSE_V2_FULL,GATHER,24,0.00946372239747634
ood_exposure,LOG_TRAIN_P50,RCSE_V2_NO_GATHER,ESCALATE,2517,0.9925078864353313
ood_exposure,LOG_TRAIN_P50,RCSE_V2_NO_GATHER,EXECUTE,19,0.00749211356466877
ood_exposure,LOG_TRAIN_P50,V2_GATE_MULTICLASS_EXECUTE,ESCALATE,2512,0.9905362776025236
ood_exposure,LOG_TRAIN_P50,V2_GATE_MULTICLASS_EXECUTE,GATHER,24,0.00946372239747634
ood_exposure,LOG_TRAIN_P50,V2_SAFETY_NO_GATE,ESCALATE,2390,0.942429022082019
ood_exposure,LOG_TRAIN_P50,V2_SAFETY_NO_GATE,EXECUTE,122,0.04810725552050473
ood_exposure,LOG_TRAIN_P50,V2_SAFETY_NO_GATE,GATHER,24,0.00946372239747634
ood_exposure,LOG_TRAIN_P50,VOI_BLIND_V1,ESCALATE,2455,0.9680599369085173
ood_exposure,LOG_TRAIN_P50,VOI_BLIND_V1,EXECUTE,7,0.0027602523659305996
ood_exposure,LOG_TRAIN_P50,VOI_BLIND_V1,GATHER,74,0.02917981072555205
ood_exposure,LOG_TRAIN_P90,ARGMAX_V1,ABSTAIN,139,0.05481072555205047
ood_exposure,LOG_TRAIN_P90,ARGMAX_V1,ESCALATE,1786,0.7042586750788643
ood_exposure,LOG_TRAIN_P90,ARGMAX_V1,EXECUTE,88,0.03470031545741325
ood_exposure,LOG_TRAIN_P90,ARGMAX_V1,GATHER,523,0.20623028391167192
ood_exposure,LOG_TRAIN_P90,CONFIDENCE_THRESHOLD_V1,ESCALATE,2478,0.9771293375394322
ood_exposure,LOG_TRAIN_P90,CONFIDENCE_THRESHOLD_V1,EXECUTE,58,0.022870662460567823
ood_exposure,LOG_TRAIN_P90,RCSE_V1_FULL,ESCALATE,2470,0.9739747634069401
ood_exposure,LOG_TRAIN_P90,RCSE_V1_FULL,EXECUTE,5,0.001971608832807571
ood_exposure,LOG_TRAIN_P90,RCSE_V1_FULL,GATHER,61,0.024053627760252366
ood_exposure,LOG_TRAIN_P90,RCSE_V2_FULL,ESCALATE,2452,0.9668769716088328
ood_exposure,LOG_TRAIN_P90,RCSE_V2_FULL,EXECUTE,23,0.009069400630914827
ood_exposure,LOG_TRAIN_P90,RCSE_V2_FULL,GATHER,61,0.024053627760252366
ood_exposure,LOG_TRAIN_P90,RCSE_V2_NO_GATHER,ESCALATE,2513,0.9909305993690851
ood_exposure,LOG_TRAIN_P90,RCSE_V2_NO_GATHER,EXECUTE,23,0.009069400630914827
ood_exposure,LOG_TRAIN_P90,V2_GATE_MULTICLASS_EXECUTE,ESCALATE,2475,0.9759463722397477
ood_exposure,LOG_TRAIN_P90,V2_GATE_MULTICLASS_EXECUTE,GATHER,61,0.024053627760252366
ood_exposure,LOG_TRAIN_P90,V2_SAFETY_NO_GATE,ESCALATE,2331,0.9191640378548895
ood_exposure,LOG_TRAIN_P90,V2_SAFETY_NO_GATE,EXECUTE,144,0.056782334384858045
ood_exposure,LOG_TRAIN_P90,V2_SAFETY_NO_GATE,GATHER,61,0.024053627760252366
ood_exposure,LOG_TRAIN_P90,VOI_BLIND_V1,ESCALATE,2455,0.9680599369085173
ood_exposure,LOG_TRAIN_P90,VOI_BLIND_V1,EXECUTE,7,0.0027602523659305996
ood_exposure,LOG_TRAIN_P90,VOI_BLIND_V1,GATHER,74,0.02917981072555205
ood_exposure,LOG_TRAIN_P99,ARGMAX_V1,ABSTAIN,139,0.05481072555205047
ood_exposure,LOG_TRAIN_P99,ARGMAX_V1,ESCALATE,1786,0.7042586750788643
ood_exposure,LOG_TRAIN_P99,ARGMAX_V1,EXECUTE,88,0.03470031545741325
ood_exposure,LOG_TRAIN_P99,ARGMAX_V1,GATHER,523,0.20623028391167192
ood_exposure,LOG_TRAIN_P99,CONFIDENCE_THRESHOLD_V1,ESCALATE,2478,0.9771293375394322
ood_exposure,LOG_TRAIN_P99,CONFIDENCE_THRESHOLD_V1,EXECUTE,58,0.022870662460567823
ood_exposure,LOG_TRAIN_P99,RCSE_V1_FULL,ESCALATE,2466,0.972397476340694
ood_exposure,LOG_TRAIN_P99,RCSE_V1_FULL,EXECUTE,6,0.002365930599369085
ood_exposure,LOG_TRAIN_P99,RCSE_V1_FULL,GATHER,64,0.025236593059936908
ood_exposure,LOG_TRAIN_P99,RCSE_V2_FULL,ESCALATE,2439,0.9617507886435331
ood_exposure,LOG_TRAIN_P99,RCSE_V2_FULL,EXECUTE,33,0.013012618296529969
ood_exposure,LOG_TRAIN_P99,RCSE_V2_FULL,GATHER,64,0.025236593059936908
ood_exposure,LOG_TRAIN_P99,RCSE_V2_NO_GATHER,ESCALATE,2503,0.98698738170347
ood_exposure,LOG_TRAIN_P99,RCSE_V2_NO_GATHER,EXECUTE,33,0.013012618296529969
ood_exposure,LOG_TRAIN_P99,V2_GATE_MULTICLASS_EXECUTE,ESCALATE,2472,0.9747634069400631
ood_exposure,LOG_TRAIN_P99,V2_GATE_MULTICLASS_EXECUTE,GATHER,64,0.025236593059936908
ood_exposure,LOG_TRAIN_P99,V2_SAFETY_NO_GATE,ESCALATE,2283,0.9002365930599369
ood_exposure,LOG_TRAIN_P99,V2_SAFETY_NO_GATE,EXECUTE,189,0.07452681388012618
ood_exposure,LOG_TRAIN_P99,V2_SAFETY_NO_GATE,GATHER,64,0.025236593059936908
ood_exposure,LOG_TRAIN_P99,VOI_BLIND_V1,ESCALATE,2455,0.9680599369085173
ood_exposure,LOG_TRAIN_P99,VOI_BLIND_V1,EXECUTE,7,0.0027602523659305996
ood_exposure,LOG_TRAIN_P99,VOI_BLIND_V1,GATHER,74,0.02917981072555205
ood_exposure,UNIFORM,ARGMAX_V1,ABSTAIN,139,0.05481072555205047
ood_exposure,UNIFORM,ARGMAX_V1,ESCALATE,1786,0.7042586750788643
ood_exposure,UNIFORM,ARGMAX_V1,EXECUTE,88,0.03470031545741325
ood_exposure,UNIFORM,ARGMAX_V1,GATHER,523,0.20623028391167192
ood_exposure,UNIFORM,CONFIDENCE_THRESHOLD_V1,ESCALATE,2478,0.9771293375394322
ood_exposure,UNIFORM,CONFIDENCE_THRESHOLD_V1,EXECUTE,58,0.022870662460567823
ood_exposure,UNIFORM,RCSE_V1_FULL,ESCALATE,2466,0.972397476340694
ood_exposure,UNIFORM,RCSE_V1_FULL,EXECUTE,6,0.002365930599369085
ood_exposure,UNIFORM,RCSE_V1_FULL,GATHER,64,0.025236593059936908
ood_exposure,UNIFORM,RCSE_V2_FULL,ESCALATE,2434,0.9597791798107256
ood_exposure,UNIFORM,RCSE_V2_FULL,EXECUTE,38,0.01498422712933754
ood_exposure,UNIFORM,RCSE_V2_FULL,GATHER,64,0.025236593059936908
ood_exposure,UNIFORM,RCSE_V2_NO_GATHER,ESCALATE,2498,0.9850157728706624
ood_exposure,UNIFORM,RCSE_V2_NO_GATHER,EXECUTE,38,0.01498422712933754
ood_exposure,UNIFORM,V2_GATE_MULTICLASS_EXECUTE,ESCALATE,2472,0.9747634069400631
ood_exposure,UNIFORM,V2_GATE_MULTICLASS_EXECUTE,GATHER,64,0.025236593059936908
ood_exposure,UNIFORM,V2_SAFETY_NO_GATE,ESCALATE,2268,0.8943217665615142
ood_exposure,UNIFORM,V2_SAFETY_NO_GATE,EXECUTE,204,0.0804416403785489
ood_exposure,UNIFORM,V2_SAFETY_NO_GATE,GATHER,64,0.025236593059936908
ood_exposure,UNIFORM,VOI_BLIND_V1,ESCALATE,2455,0.9680599369085173
ood_exposure,UNIFORM,VOI_BLIND_V1,EXECUTE,7,0.0027602523659305996
ood_exposure,UNIFORM,VOI_BLIND_V1,GATHER,74,0.02917981072555205
temporal,LOG_TRAIN_P50,ARGMAX_V1,ABSTAIN,3921,0.10433741351782863
temporal,LOG_TRAIN_P50,ARGMAX_V1,ESCALATE,31326,0.8335816923895689
temporal,LOG_TRAIN_P50,ARGMAX_V1,GATHER,2333,0.06208089409260245
temporal,LOG_TRAIN_P50,CONFIDENCE_THRESHOLD_V1,ESCALATE,37580,1.0
temporal,LOG_TRAIN_P50,RCSE_V1_FULL,ESCALATE,36923,0.9825172964342735
temporal,LOG_TRAIN_P50,RCSE_V1_FULL,GATHER,657,0.01748270356572645
temporal,LOG_TRAIN_P50,RCSE_V2_FULL,ESCALATE,28987,0.7713411389036722
temporal,LOG_TRAIN_P50,RCSE_V2_FULL,EXECUTE,7936,0.21117615753060137
temporal,LOG_TRAIN_P50,RCSE_V2_FULL,GATHER,657,0.01748270356572645
temporal,LOG_TRAIN_P50,RCSE_V2_NO_GATHER,ESCALATE,29644,0.7888238424693986
temporal,LOG_TRAIN_P50,RCSE_V2_NO_GATHER,EXECUTE,7936,0.21117615753060137
temporal,LOG_TRAIN_P50,V2_GATE_MULTICLASS_EXECUTE,ESCALATE,36923,0.9825172964342735
temporal,LOG_TRAIN_P50,V2_GATE_MULTICLASS_EXECUTE,GATHER,657,0.01748270356572645
temporal,LOG_TRAIN_P50,V2_SAFETY_NO_GATE,ESCALATE,9526,0.25348589675359234
temporal,LOG_TRAIN_P50,V2_SAFETY_NO_GATE,EXECUTE,27397,0.7290313996806812
temporal,LOG_TRAIN_P50,V2_SAFETY_NO_GATE,GATHER,657,0.01748270356572645
temporal,LOG_TRAIN_P50,VOI_BLIND_V1,ESCALATE,36900,0.9819052687599787
temporal,LOG_TRAIN_P50,VOI_BLIND_V1,GATHER,680,0.018094731240021287
temporal,LOG_TRAIN_P90,ARGMAX_V1,ABSTAIN,3921,0.10433741351782863
temporal,LOG_TRAIN_P90,ARGMAX_V1,ESCALATE,31326,0.8335816923895689
temporal,LOG_TRAIN_P90,ARGMAX_V1,GATHER,2333,0.06208089409260245
temporal,LOG_TRAIN_P90,CONFIDENCE_THRESHOLD_V1,ESCALATE,37580,1.0
temporal,LOG_TRAIN_P90,RCSE_V1_FULL,ESCALATE,36903,0.9819850984566258
temporal,LOG_TRAIN_P90,RCSE_V1_FULL,GATHER,677,0.018014901543374134
temporal,LOG_TRAIN_P90,RCSE_V2_FULL,ESCALATE,28671,0.7629324108568387
temporal,LOG_TRAIN_P90,RCSE_V2_FULL,EXECUTE,8232,0.21905268759978713
temporal,LOG_TRAIN_P90,RCSE_V2_FULL,GATHER,677,0.018014901543374134
temporal,LOG_TRAIN_P90,RCSE_V2_NO_GATHER,ESCALATE,29348,0.7809473124002129
temporal,LOG_TRAIN_P90,RCSE_V2_NO_GATHER,EXECUTE,8232,0.21905268759978713
temporal,LOG_TRAIN_P90,V2_GATE_MULTICLASS_EXECUTE,ESCALATE,36903,0.9819850984566258
temporal,LOG_TRAIN_P90,V2_GATE_MULTICLASS_EXECUTE,GATHER,677,0.018014901543374134
temporal,LOG_TRAIN_P90,V2_SAFETY_NO_GATE,ESCALATE,8434,0.22442788717402873
temporal,LOG_TRAIN_P90,V2_SAFETY_NO_GATE,EXECUTE,28469,0.7575572112825971
temporal,LOG_TRAIN_P90,V2_SAFETY_NO_GATE,GATHER,677,0.018014901543374134
temporal,LOG_TRAIN_P90,VOI_BLIND_V1,ESCALATE,36900,0.9819052687599787
temporal,LOG_TRAIN_P90,VOI_BLIND_V1,GATHER,680,0.018094731240021287
temporal,LOG_TRAIN_P99,ARGMAX_V1,ABSTAIN,3921,0.10433741351782863
temporal,LOG_TRAIN_P99,ARGMAX_V1,ESCALATE,31326,0.8335816923895689
temporal,LOG_TRAIN_P99,ARGMAX_V1,GATHER,2333,0.06208089409260245
temporal,LOG_TRAIN_P99,CONFIDENCE_THRESHOLD_V1,ESCALATE,37580,1.0
temporal,LOG_TRAIN_P99,RCSE_V1_FULL,ESCALATE,36900,0.9819052687599787
temporal,LOG_TRAIN_P99,RCSE_V1_FULL,GATHER,680,0.018094731240021287
temporal,LOG_TRAIN_P99,RCSE_V2_FULL,ESCALATE,28667,0.7628259712613092
temporal,LOG_TRAIN_P99,RCSE_V2_FULL,EXECUTE,8233,0.2190792974986695
temporal,LOG_TRAIN_P99,RCSE_V2_FULL,GATHER,680,0.018094731240021287
temporal,LOG_TRAIN_P99,RCSE_V2_NO_GATHER,ESCALATE,29347,0.7809207025013305
temporal,LOG_TRAIN_P99,RCSE_V2_NO_GATHER,EXECUTE,8233,0.2190792974986695
temporal,LOG_TRAIN_P99,V2_GATE_MULTICLASS_EXECUTE,ESCALATE,36900,0.9819052687599787
temporal,LOG_TRAIN_P99,V2_GATE_MULTICLASS_EXECUTE,GATHER,680,0.018094731240021287
temporal,LOG_TRAIN_P99,V2_SAFETY_NO_GATE,ESCALATE,8429,0.2242948376796168
temporal,LOG_TRAIN_P99,V2_SAFETY_NO_GATE,EXECUTE,28471,0.7576104310803619
temporal,LOG_TRAIN_P99,V2_SAFETY_NO_GATE,GATHER,680,0.018094731240021287
temporal,LOG_TRAIN_P99,VOI_BLIND_V1,ESCALATE,36900,0.9819052687599787
temporal,LOG_TRAIN_P99,VOI_BLIND_V1,GATHER,680,0.018094731240021287
temporal,UNIFORM,ARGMAX_V1,ABSTAIN,3921,0.10433741351782863
temporal,UNIFORM,ARGMAX_V1,ESCALATE,31326,0.8335816923895689
temporal,UNIFORM,ARGMAX_V1,GATHER,2333,0.06208089409260245
temporal,UNIFORM,CONFIDENCE_THRESHOLD_V1,ESCALATE,37580,1.0
temporal,UNIFORM,RCSE_V1_FULL,ESCALATE,36900,0.9819052687599787
temporal,UNIFORM,RCSE_V1_FULL,GATHER,680,0.018094731240021287
temporal,UNIFORM,RCSE_V2_FULL,ESCALATE,28667,0.7628259712613092
temporal,UNIFORM,RCSE_V2_FULL,EXECUTE,8233,0.2190792974986695
temporal,UNIFORM,RCSE_V2_FULL,GATHER,680,0.018094731240021287
temporal,UNIFORM,RCSE_V2_NO_GATHER,ESCALATE,29347,0.7809207025013305
temporal,UNIFORM,RCSE_V2_NO_GATHER,EXECUTE,8233,0.2190792974986695
temporal,UNIFORM,V2_GATE_MULTICLASS_EXECUTE,ESCALATE,36900,0.9819052687599787
temporal,UNIFORM,V2_GATE_MULTICLASS_EXECUTE,GATHER,680,0.018094731240021287
temporal,UNIFORM,V2_SAFETY_NO_GATE,ESCALATE,8429,0.2242948376796168
temporal,UNIFORM,V2_SAFETY_NO_GATE,EXECUTE,28471,0.7576104310803619
temporal,UNIFORM,V2_SAFETY_NO_GATE,GATHER,680,0.018094731240021287
temporal,UNIFORM,VOI_BLIND_V1,ESCALATE,36900,0.9819052687599787
temporal,UNIFORM,VOI_BLIND_V1,GATHER,680,0.018094731240021287
