regime,policy,gate_state,episodes,execute_count,autonomous_execution_coverage,unsafe_execute_count,unsafe_execution_rate,raw_exposure_weighted_unsafe_rate,consequence_weighted_unsafe_rate,mean_realized_normalized_loss,human_escalation_rate,gather_rate,abstention_rate,consequence_mode
grouped_iid,ARGMAX_V1,CONTRADICTORY,21126,0,0.0,0,,,,0.16634100160939128,0.788933068257124,0.03767868976616492,0.17338824197671115,LOG_TRAIN_P90
grouped_iid,ARGMAX_V1,INCOMPLETE,7030,0,0.0,0,,,,0.07326884779516357,0.6385490753911807,0.3568990042674253,0.004551920341394026,LOG_TRAIN_P90
grouped_iid,ARGMAX_V1,VALID,8763,0,0.0,0,,,,0.10000000000000002,1.0,0.0,0.0,LOG_TRAIN_P90
grouped_iid,CONFIDENCE_THRESHOLD_V1,CONTRADICTORY,21126,0,0.0,0,,,,0.10000000000000002,1.0,0.0,0.0,LOG_TRAIN_P90
grouped_iid,CONFIDENCE_THRESHOLD_V1,INCOMPLETE,7030,0,0.0,0,,,,0.1,1.0,0.0,0.0,LOG_TRAIN_P90
grouped_iid,CONFIDENCE_THRESHOLD_V1,VALID,8763,0,0.0,0,,,,0.10000000000000002,1.0,0.0,0.0,LOG_TRAIN_P90
grouped_iid,VOI_BLIND_V1,CONTRADICTORY,21126,0,0.0,0,,,,0.10000000000000002,1.0,0.0,0.0,LOG_TRAIN_P90
grouped_iid,VOI_BLIND_V1,INCOMPLETE,7030,0,0.0,0,,,,0.08149644381223328,0.7687055476529161,0.23129445234708393,0.0,LOG_TRAIN_P90
grouped_iid,VOI_BLIND_V1,VALID,8763,0,0.0,0,,,,0.10000000000000002,1.0,0.0,0.0,LOG_TRAIN_P90
grouped_iid,RCSE_V1_FULL,CONTRADICTORY,21126,0,0.0,0,,,,0.10000000000000002,1.0,0.0,0.0,LOG_TRAIN_P90
grouped_iid,RCSE_V1_FULL,INCOMPLETE,7030,0,0.0,0,,,,0.08277098150782361,0.7846372688477952,0.21536273115220483,0.0,LOG_TRAIN_P90
grouped_iid,RCSE_V1_FULL,VALID,8763,0,0.0,0,,,,0.10000000000000002,1.0,0.0,0.0,LOG_TRAIN_P90
grouped_iid,V2_SAFETY_NO_GATE,CONTRADICTORY,21126,12015,0.5687304742970747,11999,0.9986683312526009,0.9974782281229057,0.9988056661075537,0.44022707987386533,0.4312695257029253,0.0,0.0,LOG_TRAIN_P90
grouped_iid,V2_SAFETY_NO_GATE,INCOMPLETE,7030,3301,0.46955903271692745,3275,0.9921235989094214,0.9906971836015935,0.9916828170034276,0.3606142341594436,0.3150782361308677,0.21536273115220483,0.0,LOG_TRAIN_P90
grouped_iid,V2_SAFETY_NO_GATE,VALID,8763,6376,0.7276047015862148,1077,0.1689146800501882,0.20063101011965698,0.17079059237208455,0.11459794390188265,0.27239529841378524,0.0,0.0,LOG_TRAIN_P90
grouped_iid,V2_GATE_MULTICLASS_EXECUTE,CONTRADICTORY,21126,0,0.0,0,,,,0.10000000000000002,1.0,0.0,0.0,LOG_TRAIN_P90
grouped_iid,V2_GATE_MULTICLASS_EXECUTE,INCOMPLETE,7030,0,0.0,0,,,,0.08277098150782361,0.7846372688477952,0.21536273115220483,0.0,LOG_TRAIN_P90
grouped_iid,V2_GATE_MULTICLASS_EXECUTE,VALID,8763,0,0.0,0,,,,0.10000000000000002,1.0,0.0,0.0,LOG_TRAIN_P90
grouped_iid,RCSE_V2_NO_GATHER,CONTRADICTORY,21126,0,0.0,0,,,,0.10000000000000002,1.0,0.0,0.0,LOG_TRAIN_P90
grouped_iid,RCSE_V2_NO_GATHER,INCOMPLETE,7030,0,0.0,0,,,,0.1,1.0,0.0,0.0,LOG_TRAIN_P90
grouped_iid,RCSE_V2_NO_GATHER,VALID,8763,6376,0.7276047015862148,1077,0.1689146800501882,0.20063101011965698,0.17079059237208455,0.11459794390188265,0.27239529841378524,0.0,0.0,LOG_TRAIN_P90
grouped_iid,RCSE_V2_FULL,CONTRADICTORY,21126,0,0.0,0,,,,0.10000000000000002,1.0,0.0,0.0,LOG_TRAIN_P90
grouped_iid,RCSE_V2_FULL,INCOMPLETE,7030,0,0.0,0,,,,0.08277098150782361,0.7846372688477952,0.21536273115220483,0.0,LOG_TRAIN_P90
grouped_iid,RCSE_V2_FULL,VALID,8763,6376,0.7276047015862148,1077,0.1689146800501882,0.20063101011965698,0.17079059237208455,0.11459794390188265,0.27239529841378524,0.0,0.0,LOG_TRAIN_P90
grouped_iid,ARGMAX_V1,CONTRADICTORY,21126,0,0.0,0,,,,0.16634100160939128,0.788933068257124,0.03767868976616492,0.17338824197671115,UNIFORM
grouped_iid,ARGMAX_V1,INCOMPLETE,7030,0,0.0,0,,,,0.07326884779516357,0.6385490753911807,0.3568990042674253,0.004551920341394026,UNIFORM
grouped_iid,ARGMAX_V1,VALID,8763,0,0.0,0,,,,0.10000000000000002,1.0,0.0,0.0,UNIFORM
grouped_iid,CONFIDENCE_THRESHOLD_V1,CONTRADICTORY,21126,0,0.0,0,,,,0.10000000000000002,1.0,0.0,0.0,UNIFORM
grouped_iid,CONFIDENCE_THRESHOLD_V1,INCOMPLETE,7030,0,0.0,0,,,,0.1,1.0,0.0,0.0,UNIFORM
grouped_iid,CONFIDENCE_THRESHOLD_V1,VALID,8763,0,0.0,0,,,,0.10000000000000002,1.0,0.0,0.0,UNIFORM
grouped_iid,VOI_BLIND_V1,CONTRADICTORY,21126,0,0.0,0,,,,0.10000000000000002,1.0,0.0,0.0,UNIFORM
grouped_iid,VOI_BLIND_V1,INCOMPLETE,7030,0,0.0,0,,,,0.08149644381223328,0.7687055476529161,0.23129445234708393,0.0,UNIFORM
grouped_iid,VOI_BLIND_V1,VALID,8763,0,0.0,0,,,,0.10000000000000002,1.0,0.0,0.0,UNIFORM
grouped_iid,RCSE_V1_FULL,CONTRADICTORY,21126,0,0.0,0,,,,0.10000000000000002,1.0,0.0,0.0,UNIFORM
grouped_iid,RCSE_V1_FULL,INCOMPLETE,7030,0,0.0,0,,,,0.08274822190611665,0.7843527738264581,0.21564722617354196,0.0,UNIFORM
grouped_iid,RCSE_V1_FULL,VALID,8763,0,0.0,0,,,,0.10000000000000002,1.0,0.0,0.0,UNIFORM
grouped_iid,V2_SAFETY_NO_GATE,CONTRADICTORY,21126,12042,0.570008520306731,12026,0.9986713170569673,0.9976286126815551,0.9986713170569673,0.6122503076777429,0.42999147969326895,0.0,0.0,UNIFORM
grouped_iid,V2_SAFETY_NO_GATE,INCOMPLETE,7030,3310,0.47083926031294454,3283,0.9918429003021147,0.9859028376313528,0.9918429003021147,0.5026628733997155,0.31351351351351353,0.21564722617354196,0.0,UNIFORM
grouped_iid,V2_SAFETY_NO_GATE,VALID,8763,6383,0.7284035147780441,1079,0.1690427698574338,0.20288607746642398,0.1690427698574338,0.1502909962341664,0.27159648522195595,0.0,0.0,UNIFORM
grouped_iid,V2_GATE_MULTICLASS_EXECUTE,CONTRADICTORY,21126,0,0.0,0,,,,0.10000000000000002,1.0,0.0,0.0,UNIFORM
grouped_iid,V2_GATE_MULTICLASS_EXECUTE,INCOMPLETE,7030,0,0.0,0,,,,0.08274822190611665,0.7843527738264581,0.21564722617354196,0.0,UNIFORM
grouped_iid,V2_GATE_MULTICLASS_EXECUTE,VALID,8763,0,0.0,0,,,,0.10000000000000002,1.0,0.0,0.0,UNIFORM
grouped_iid,RCSE_V2_NO_GATHER,CONTRADICTORY,21126,0,0.0,0,,,,0.10000000000000002,1.0,0.0,0.0,UNIFORM
grouped_iid,RCSE_V2_NO_GATHER,INCOMPLETE,7030,0,0.0,0,,,,0.1,1.0,0.0,0.0,UNIFORM
grouped_iid,RCSE_V2_NO_GATHER,VALID,8763,6383,0.7284035147780441,1079,0.1690427698574338,0.20288607746642398,0.1690427698574338,0.1502909962341664,0.27159648522195595,0.0,0.0,UNIFORM
grouped_iid,RCSE_V2_FULL,CONTRADICTORY,21126,0,0.0,0,,,,0.10000000000000002,1.0,0.0,0.0,UNIFORM
grouped_iid,RCSE_V2_FULL,INCOMPLETE,7030,0,0.0,0,,,,0.08274822190611665,0.7843527738264581,0.21564722617354196,0.0,UNIFORM
grouped_iid,RCSE_V2_FULL,VALID,8763,6383,0.7284035147780441,1079,0.1690427698574338,0.20288607746642398,0.1690427698574338,0.1502909962341664,0.27159648522195595,0.0,0.0,UNIFORM
grouped_iid,ARGMAX_V1,CONTRADICTORY,21126,0,0.0,0,,,,0.16634100160939128,0.788933068257124,0.03767868976616492,0.17338824197671115,LOG_TRAIN_P50
grouped_iid,ARGMAX_V1,INCOMPLETE,7030,0,0.0,0,,,,0.07326884779516357,0.6385490753911807,0.3568990042674253,0.004551920341394026,LOG_TRAIN_P50
grouped_iid,ARGMAX_V1,VALID,8763,0,0.0,0,,,,0.10000000000000002,1.0,0.0,0.0,LOG_TRAIN_P50
grouped_iid,CONFIDENCE_THRESHOLD_V1,CONTRADICTORY,21126,0,0.0,0,,,,0.10000000000000002,1.0,0.0,0.0,LOG_TRAIN_P50
grouped_iid,CONFIDENCE_THRESHOLD_V1,INCOMPLETE,7030,0,0.0,0,,,,0.1,1.0,0.0,0.0,LOG_TRAIN_P50
grouped_iid,CONFIDENCE_THRESHOLD_V1,VALID,8763,0,0.0,0,,,,0.10000000000000002,1.0,0.0,0.0,LOG_TRAIN_P50
grouped_iid,VOI_BLIND_V1,CONTRADICTORY,21126,0,0.0,0,,,,0.10000000000000002,1.0,0.0,0.0,LOG_TRAIN_P50
grouped_iid,VOI_BLIND_V1,INCOMPLETE,7030,0,0.0,0,,,,0.08149644381223328,0.7687055476529161,0.23129445234708393,0.0,LOG_TRAIN_P50
grouped_iid,VOI_BLIND_V1,VALID,8763,0,0.0,0,,,,0.10000000000000002,1.0,0.0,0.0,LOG_TRAIN_P50
grouped_iid,RCSE_V1_FULL,CONTRADICTORY,21126,0,0.0,0,,,,0.10000000000000002,1.0,0.0,0.0,LOG_TRAIN_P50
grouped_iid,RCSE_V1_FULL,INCOMPLETE,7030,0,0.0,0,,,,0.08378378378378379,0.7972972972972973,0.20270270270270271,0.0,LOG_TRAIN_P50
grouped_iid,RCSE_V1_FULL,VALID,8763,0,0.0,0,,,,0.10000000000000002,1.0,0.0,0.0,LOG_TRAIN_P50
grouped_iid,V2_SAFETY_NO_GATE,CONTRADICTORY,21126,11668,0.5523052163211208,11653,0.9987144326362701,0.9980727659079888,0.9988933595617687,0.5778804722433721,0.4476947836788791,0.0,0.0,LOG_TRAIN_P50
grouped_iid,V2_SAFETY_NO_GATE,INCOMPLETE,7030,3196,0.4546230440967283,3172,0.9924906132665833,0.9948101170653612,0.9922633844757093,0.47249972514124083,0.342674253200569,0.20270270270270271,0.0,LOG_TRAIN_P50
grouped_iid,V2_SAFETY_NO_GATE,VALID,8763,6178,0.7050096998744723,1044,0.16898672709614762,0.20407440054543494,0.17091269757179964,0.146532670092568,0.2949903001255278,0.0,0.0,LOG_TRAIN_P50
grouped_iid,V2_GATE_MULTICLASS_EXECUTE,CONTRADICTORY,21126,0,0.0,0,,,,0.10000000000000002,1.0,0.0,0.0,LOG_TRAIN_P50
grouped_iid,V2_GATE_MULTICLASS_EXECUTE,INCOMPLETE,7030,0,0.0,0,,,,0.08378378378378379,0.7972972972972973,0.20270270270270271,0.0,LOG_TRAIN_P50
grouped_iid,V2_GATE_MULTICLASS_EXECUTE,VALID,8763,0,0.0,0,,,,0.10000000000000002,1.0,0.0,0.0,LOG_TRAIN_P50
grouped_iid,RCSE_V2_NO_GATHER,CONTRADICTORY,21126,0,0.0,0,,,,0.10000000000000002,1.0,0.0,0.0,LOG_TRAIN_P50
grouped_iid,RCSE_V2_NO_GATHER,INCOMPLETE,7030,0,0.0,0,,,,0.1,1.0,0.0,0.0,LOG_TRAIN_P50
grouped_iid,RCSE_V2_NO_GATHER,VALID,8763,6178,0.7050096998744723,1044,0.16898672709614762,0.20407440054543494,0.17091269757179964,0.146532670092568,0.2949903001255278,0.0,0.0,LOG_TRAIN_P50
grouped_iid,RCSE_V2_FULL,CONTRADICTORY,21126,0,0.0,0,,,,0.10000000000000002,1.0,0.0,0.0,LOG_TRAIN_P50
grouped_iid,RCSE_V2_FULL,INCOMPLETE,7030,0,0.0,0,,,,0.08378378378378379,0.7972972972972973,0.20270270270270271,0.0,LOG_TRAIN_P50
grouped_iid,RCSE_V2_FULL,VALID,8763,6178,0.7050096998744723,1044,0.16898672709614762,0.20407440054543494,0.17091269757179964,0.146532670092568,0.2949903001255278,0.0,0.0,LOG_TRAIN_P50
grouped_iid,ARGMAX_V1,CONTRADICTORY,21126,0,0.0,0,,,,0.16634100160939128,0.788933068257124,0.03767868976616492,0.17338824197671115,LOG_TRAIN_P99
grouped_iid,ARGMAX_V1,INCOMPLETE,7030,0,0.0,0,,,,0.07326884779516357,0.6385490753911807,0.3568990042674253,0.004551920341394026,LOG_TRAIN_P99
grouped_iid,ARGMAX_V1,VALID,8763,0,0.0,0,,,,0.10000000000000002,1.0,0.0,0.0,LOG_TRAIN_P99
grouped_iid,CONFIDENCE_THRESHOLD_V1,CONTRADICTORY,21126,0,0.0,0,,,,0.10000000000000002,1.0,0.0,0.0,LOG_TRAIN_P99
grouped_iid,CONFIDENCE_THRESHOLD_V1,INCOMPLETE,7030,0,0.0,0,,,,0.1,1.0,0.0,0.0,LOG_TRAIN_P99
grouped_iid,CONFIDENCE_THRESHOLD_V1,VALID,8763,0,0.0,0,,,,0.10000000000000002,1.0,0.0,0.0,LOG_TRAIN_P99
grouped_iid,VOI_BLIND_V1,CONTRADICTORY,21126,0,0.0,0,,,,0.10000000000000002,1.0,0.0,0.0,LOG_TRAIN_P99
grouped_iid,VOI_BLIND_V1,INCOMPLETE,7030,0,0.0,0,,,,0.08149644381223328,0.7687055476529161,0.23129445234708393,0.0,LOG_TRAIN_P99
grouped_iid,VOI_BLIND_V1,VALID,8763,0,0.0,0,,,,0.10000000000000002,1.0,0.0,0.0,LOG_TRAIN_P99
grouped_iid,RCSE_V1_FULL,CONTRADICTORY,21126,0,0.0,0,,,,0.10000000000000002,1.0,0.0,0.0,LOG_TRAIN_P99
grouped_iid,RCSE_V1_FULL,INCOMPLETE,7030,0,0.0,0,,,,0.08274822190611665,0.7843527738264581,0.21564722617354196,0.0,LOG_TRAIN_P99
grouped_iid,RCSE_V1_FULL,VALID,8763,0,0.0,0,,,,0.10000000000000002,1.0,0.0,0.0,LOG_TRAIN_P99
grouped_iid,V2_SAFETY_NO_GATE,CONTRADICTORY,21126,12042,0.570008520306731,12026,0.9986713170569673,0.9976286126815551,0.9988102768483796,0.3703567666365255,0.42999147969326895,0.0,0.0,LOG_TRAIN_P99
grouped_iid,V2_SAFETY_NO_GATE,INCOMPLETE,7030,3310,0.47083926031294454,3283,0.9918429003021147,0.9859028376313528,0.9912057779970516,0.3035115037218875,0.31351351351351353,0.21564722617354196,0.0,LOG_TRAIN_P99
grouped_iid,V2_SAFETY_NO_GATE,VALID,8763,6383,0.7284035147780441,1079,0.1690427698574338,0.20288607746642398,0.1710052241463958,0.09912062708564155,0.27159648522195595,0.0,0.0,LOG_TRAIN_P99
grouped_iid,V2_GATE_MULTICLASS_EXECUTE,CONTRADICTORY,21126,0,0.0,0,,,,0.10000000000000002,1.0,0.0,0.0,LOG_TRAIN_P99
grouped_iid,V2_GATE_MULTICLASS_EXECUTE,INCOMPLETE,7030,0,0.0,0,,,,0.08274822190611665,0.7843527738264581,0.21564722617354196,0.0,LOG_TRAIN_P99
grouped_iid,V2_GATE_MULTICLASS_EXECUTE,VALID,8763,0,0.0,0,,,,0.10000000000000002,1.0,0.0,0.0,LOG_TRAIN_P99
grouped_iid,RCSE_V2_NO_GATHER,CONTRADICTORY,21126,0,0.0,0,,,,0.10000000000000002,1.0,0.0,0.0,LOG_TRAIN_P99
grouped_iid,RCSE_V2_NO_GATHER,INCOMPLETE,7030,0,0.0,0,,,,0.1,1.0,0.0,0.0,LOG_TRAIN_P99
grouped_iid,RCSE_V2_NO_GATHER,VALID,8763,6383,0.7284035147780441,1079,0.1690427698574338,0.20288607746642398,0.1710052241463958,0.09912062708564155,0.27159648522195595,0.0,0.0,LOG_TRAIN_P99
grouped_iid,RCSE_V2_FULL,CONTRADICTORY,21126,0,0.0,0,,,,0.10000000000000002,1.0,0.0,0.0,LOG_TRAIN_P99
grouped_iid,RCSE_V2_FULL,INCOMPLETE,7030,0,0.0,0,,,,0.08274822190611665,0.7843527738264581,0.21564722617354196,0.0,LOG_TRAIN_P99
grouped_iid,RCSE_V2_FULL,VALID,8763,6383,0.7284035147780441,1079,0.1690427698574338,0.20288607746642398,0.1710052241463958,0.09912062708564155,0.27159648522195595,0.0,0.0,LOG_TRAIN_P99
temporal,ARGMAX_V1,CONTRADICTORY,22012,0,0.0,0,,,,0.16779211339269492,0.7895238960566964,0.034163183717972015,0.17631292022533163,LOG_TRAIN_P90
temporal,ARGMAX_V1,INCOMPLETE,6518,0,0.0,0,,,,0.08305001534212948,0.7513040810064437,0.24255906719852716,0.00613685179502915,LOG_TRAIN_P90
temporal,ARGMAX_V1,VALID,9050,0,0.0,0,,,,0.10000000000000002,1.0,0.0,0.0,LOG_TRAIN_P90
temporal,CONFIDENCE_THRESHOLD_V1,CONTRADICTORY,22012,0,0.0,0,,,,0.1,1.0,0.0,0.0,LOG_TRAIN_P90
temporal,CONFIDENCE_THRESHOLD_V1,INCOMPLETE,6518,0,0.0,0,,,,0.09999999999999999,1.0,0.0,0.0,LOG_TRAIN_P90
temporal,CONFIDENCE_THRESHOLD_V1,VALID,9050,0,0.0,0,,,,0.10000000000000002,1.0,0.0,0.0,LOG_TRAIN_P90
temporal,VOI_BLIND_V1,CONTRADICTORY,22012,0,0.0,0,,,,0.1,1.0,0.0,0.0,LOG_TRAIN_P90
temporal,VOI_BLIND_V1,INCOMPLETE,6518,0,0.0,0,,,,0.09165388155876034,0.8956735194845045,0.10432648051549555,0.0,LOG_TRAIN_P90
temporal,VOI_BLIND_V1,VALID,9050,0,0.0,0,,,,0.10000000000000002,1.0,0.0,0.0,LOG_TRAIN_P90
temporal,RCSE_V1_FULL,CONTRADICTORY,22012,0,0.0,0,,,,0.1,1.0,0.0,0.0,LOG_TRAIN_P90
temporal,RCSE_V1_FULL,INCOMPLETE,6518,0,0.0,0,,,,0.09169070266953051,0.8961337833691316,0.10386621663086837,0.0,LOG_TRAIN_P90
temporal,RCSE_V1_FULL,VALID,9050,0,0.0,0,,,,0.10000000000000002,1.0,0.0,0.0,LOG_TRAIN_P90
temporal,V2_SAFETY_NO_GATE,CONTRADICTORY,22012,15806,0.7180628747955661,15744,0.9960774389472352,0.9973106011841649,0.9963302967911352,0.5475234145384495,0.2819371252044339,0.0,0.0,LOG_TRAIN_P90
temporal,V2_SAFETY_NO_GATE,INCOMPLETE,6518,4431,0.6798097575943541,4303,0.9711126156623787,0.9772547994139553,0.9726094091292723,0.5065511650914133,0.21632402577477755,0.10386621663086837,0.0,LOG_TRAIN_P90
temporal,V2_SAFETY_NO_GATE,VALID,9050,8232,0.9096132596685083,1417,0.17213313896987367,0.17436722556141934,0.17313936019164866,0.12398931790580572,0.09038674033149172,0.0,0.0,LOG_TRAIN_P90
temporal,V2_GATE_MULTICLASS_EXECUTE,CONTRADICTORY,22012,0,0.0,0,,,,0.1,1.0,0.0,0.0,LOG_TRAIN_P90
temporal,V2_GATE_MULTICLASS_EXECUTE,INCOMPLETE,6518,0,0.0,0,,,,0.09169070266953051,0.8961337833691316,0.10386621663086837,0.0,LOG_TRAIN_P90
temporal,V2_GATE_MULTICLASS_EXECUTE,VALID,9050,0,0.0,0,,,,0.10000000000000002,1.0,0.0,0.0,LOG_TRAIN_P90
temporal,RCSE_V2_NO_GATHER,CONTRADICTORY,22012,0,0.0,0,,,,0.1,1.0,0.0,0.0,LOG_TRAIN_P90
temporal,RCSE_V2_NO_GATHER,INCOMPLETE,6518,0,0.0,0,,,,0.09999999999999999,1.0,0.0,0.0,LOG_TRAIN_P90
temporal,RCSE_V2_NO_GATHER,VALID,9050,8232,0.9096132596685083,1417,0.17213313896987367,0.17436722556141934,0.17313936019164866,0.12398931790580572,0.09038674033149172,0.0,0.0,LOG_TRAIN_P90
temporal,RCSE_V2_FULL,CONTRADICTORY,22012,0,0.0,0,,,,0.1,1.0,0.0,0.0,LOG_TRAIN_P90
temporal,RCSE_V2_FULL,INCOMPLETE,6518,0,0.0,0,,,,0.09169070266953051,0.8961337833691316,0.10386621663086837,0.0,LOG_TRAIN_P90
temporal,RCSE_V2_FULL,VALID,9050,8232,0.9096132596685083,1417,0.17213313896987367,0.17436722556141934,0.17313936019164866,0.12398931790580572,0.09038674033149172,0.0,0.0,LOG_TRAIN_P90
temporal,ARGMAX_V1,CONTRADICTORY,22012,0,0.0,0,,,,0.16779211339269492,0.7895238960566964,0.034163183717972015,0.17631292022533163,UNIFORM
temporal,ARGMAX_V1,INCOMPLETE,6518,0,0.0,0,,,,0.08305001534212948,0.7513040810064437,0.24255906719852716,0.00613685179502915,UNIFORM
temporal,ARGMAX_V1,VALID,9050,0,0.0,0,,,,0.10000000000000002,1.0,0.0,0.0,UNIFORM
temporal,CONFIDENCE_THRESHOLD_V1,CONTRADICTORY,22012,0,0.0,0,,,,0.1,1.0,0.0,0.0,UNIFORM
temporal,CONFIDENCE_THRESHOLD_V1,INCOMPLETE,6518,0,0.0,0,,,,0.09999999999999999,1.0,0.0,0.0,UNIFORM
temporal,CONFIDENCE_THRESHOLD_V1,VALID,9050,0,0.0,0,,,,0.10000000000000002,1.0,0.0,0.0,UNIFORM
temporal,VOI_BLIND_V1,CONTRADICTORY,22012,0,0.0,0,,,,0.1,1.0,0.0,0.0,UNIFORM
temporal,VOI_BLIND_V1,INCOMPLETE,6518,0,0.0,0,,,,0.09165388155876034,0.8956735194845045,0.10432648051549555,0.0,UNIFORM
temporal,VOI_BLIND_V1,VALID,9050,0,0.0,0,,,,0.10000000000000002,1.0,0.0,0.0,UNIFORM
temporal,RCSE_V1_FULL,CONTRADICTORY,22012,0,0.0,0,,,,0.1,1.0,0.0,0.0,UNIFORM
temporal,RCSE_V1_FULL,INCOMPLETE,6518,0,0.0,0,,,,0.09165388155876034,0.8956735194845045,0.10432648051549555,0.0,UNIFORM
temporal,RCSE_V1_FULL,VALID,9050,0,0.0,0,,,,0.10000000000000002,1.0,0.0,0.0,UNIFORM
temporal,V2_SAFETY_NO_GATE,CONTRADICTORY,22012,15807,0.7181083045611485,15745,0.9960776871006516,0.9973309459981103,0.9960776871006516,0.7434808286389242,0.2818916954388515,0.0,0.0,UNIFORM
temporal,V2_SAFETY_NO_GATE,INCOMPLETE,6518,4431,0.6798097575943541,4303,0.9711126156623787,0.9772547994139553,0.9711126156623787,0.6838447376495856,0.21586376189015036,0.10432648051549555,0.0,UNIFORM
temporal,V2_SAFETY_NO_GATE,VALID,9050,8233,0.9097237569060773,1417,0.17211223126442365,0.1718444770168085,0.17211223126442365,0.16560220994475136,0.09027624309392265,0.0,0.0,UNIFORM
temporal,V2_GATE_MULTICLASS_EXECUTE,CONTRADICTORY,22012,0,0.0,0,,,,0.1,1.0,0.0,0.0,UNIFORM
temporal,V2_GATE_MULTICLASS_EXECUTE,INCOMPLETE,6518,0,0.0,0,,,,0.09165388155876034,0.8956735194845045,0.10432648051549555,0.0,UNIFORM
temporal,V2_GATE_MULTICLASS_EXECUTE,VALID,9050,0,0.0,0,,,,0.10000000000000002,1.0,0.0,0.0,UNIFORM
temporal,RCSE_V2_NO_GATHER,CONTRADICTORY,22012,0,0.0,0,,,,0.1,1.0,0.0,0.0,UNIFORM
temporal,RCSE_V2_NO_GATHER,INCOMPLETE,6518,0,0.0,0,,,,0.09999999999999999,1.0,0.0,0.0,UNIFORM
temporal,RCSE_V2_NO_GATHER,VALID,9050,8233,0.9097237569060773,1417,0.17211223126442365,0.1718444770168085,0.17211223126442365,0.16560220994475136,0.09027624309392265,0.0,0.0,UNIFORM
temporal,RCSE_V2_FULL,CONTRADICTORY,22012,0,0.0,0,,,,0.1,1.0,0.0,0.0,UNIFORM
temporal,RCSE_V2_FULL,INCOMPLETE,6518,0,0.0,0,,,,0.09165388155876034,0.8956735194845045,0.10432648051549555,0.0,UNIFORM
temporal,RCSE_V2_FULL,VALID,9050,8233,0.9097237569060773,1417,0.17211223126442365,0.1718444770168085,0.17211223126442365,0.16560220994475136,0.09027624309392265,0.0,0.0,UNIFORM
temporal,ARGMAX_V1,CONTRADICTORY,22012,0,0.0,0,,,,0.16779211339269492,0.7895238960566964,0.034163183717972015,0.17631292022533163,LOG_TRAIN_P50
temporal,ARGMAX_V1,INCOMPLETE,6518,0,0.0,0,,,,0.08305001534212948,0.7513040810064437,0.24255906719852716,0.00613685179502915,LOG_TRAIN_P50
temporal,ARGMAX_V1,VALID,9050,0,0.0,0,,,,0.10000000000000002,1.0,0.0,0.0,LOG_TRAIN_P50
temporal,CONFIDENCE_THRESHOLD_V1,CONTRADICTORY,22012,0,0.0,0,,,,0.1,1.0,0.0,0.0,LOG_TRAIN_P50
temporal,CONFIDENCE_THRESHOLD_V1,INCOMPLETE,6518,0,0.0,0,,,,0.09999999999999999,1.0,0.0,0.0,LOG_TRAIN_P50
temporal,CONFIDENCE_THRESHOLD_V1,VALID,9050,0,0.0,0,,,,0.10000000000000002,1.0,0.0,0.0,LOG_TRAIN_P50
temporal,VOI_BLIND_V1,CONTRADICTORY,22012,0,0.0,0,,,,0.1,1.0,0.0,0.0,LOG_TRAIN_P50
temporal,VOI_BLIND_V1,INCOMPLETE,6518,0,0.0,0,,,,0.09165388155876034,0.8956735194845045,0.10432648051549555,0.0,LOG_TRAIN_P50
temporal,VOI_BLIND_V1,VALID,9050,0,0.0,0,,,,0.10000000000000002,1.0,0.0,0.0,LOG_TRAIN_P50
temporal,RCSE_V1_FULL,CONTRADICTORY,22012,0,0.0,0,,,,0.1,1.0,0.0,0.0,LOG_TRAIN_P50
temporal,RCSE_V1_FULL,INCOMPLETE,6518,0,0.0,0,,,,0.09193617674133168,0.8992022092666462,0.10079779073335379,0.0,LOG_TRAIN_P50
temporal,RCSE_V1_FULL,VALID,9050,0,0.0,0,,,,0.10000000000000002,1.0,0.0,0.0,LOG_TRAIN_P50
temporal,V2_SAFETY_NO_GATE,CONTRADICTORY,22012,15219,0.6913956023986916,15160,0.9961232669689204,0.9979287071251914,0.9964157466031687,0.718399019693234,0.30860439760130837,0.0,0.0,LOG_TRAIN_P50
temporal,V2_SAFETY_NO_GATE,INCOMPLETE,6518,4242,0.6508131328628414,4127,0.9728901461574729,0.9884445084000207,0.9754875006572714,0.6620662506532394,0.24838907640380484,0.10079779073335379,0.0,LOG_TRAIN_P50
temporal,V2_SAFETY_NO_GATE,VALID,9050,7936,0.8769060773480662,1365,0.17200100806451613,0.16021670576113145,0.17279397311496317,0.1645090866367815,0.1230939226519337,0.0,0.0,LOG_TRAIN_P50
temporal,V2_GATE_MULTICLASS_EXECUTE,CONTRADICTORY,22012,0,0.0,0,,,,0.1,1.0,0.0,0.0,LOG_TRAIN_P50
temporal,V2_GATE_MULTICLASS_EXECUTE,INCOMPLETE,6518,0,0.0,0,,,,0.09193617674133168,0.8992022092666462,0.10079779073335379,0.0,LOG_TRAIN_P50
temporal,V2_GATE_MULTICLASS_EXECUTE,VALID,9050,0,0.0,0,,,,0.10000000000000002,1.0,0.0,0.0,LOG_TRAIN_P50
temporal,RCSE_V2_NO_GATHER,CONTRADICTORY,22012,0,0.0,0,,,,0.1,1.0,0.0,0.0,LOG_TRAIN_P50
temporal,RCSE_V2_NO_GATHER,INCOMPLETE,6518,0,0.0,0,,,,0.09999999999999999,1.0,0.0,0.0,LOG_TRAIN_P50
temporal,RCSE_V2_NO_GATHER,VALID,9050,7936,0.8769060773480662,1365,0.17200100806451613,0.16021670576113145,0.17279397311496317,0.1645090866367815,0.1230939226519337,0.0,0.0,LOG_TRAIN_P50
temporal,RCSE_V2_FULL,CONTRADICTORY,22012,0,0.0,0,,,,0.1,1.0,0.0,0.0,LOG_TRAIN_P50
temporal,RCSE_V2_FULL,INCOMPLETE,6518,0,0.0,0,,,,0.09193617674133168,0.8992022092666462,0.10079779073335379,0.0,LOG_TRAIN_P50
temporal,RCSE_V2_FULL,VALID,9050,7936,0.8769060773480662,1365,0.17200100806451613,0.16021670576113145,0.17279397311496317,0.1645090866367815,0.1230939226519337,0.0,0.0,LOG_TRAIN_P50
temporal,ARGMAX_V1,CONTRADICTORY,22012,0,0.0,0,,,,0.16779211339269492,0.7895238960566964,0.034163183717972015,0.17631292022533163,LOG_TRAIN_P99
temporal,ARGMAX_V1,INCOMPLETE,6518,0,0.0,0,,,,0.08305001534212948,0.7513040810064437,0.24255906719852716,0.00613685179502915,LOG_TRAIN_P99
temporal,ARGMAX_V1,VALID,9050,0,0.0,0,,,,0.10000000000000002,1.0,0.0,0.0,LOG_TRAIN_P99
temporal,CONFIDENCE_THRESHOLD_V1,CONTRADICTORY,22012,0,0.0,0,,,,0.1,1.0,0.0,0.0,LOG_TRAIN_P99
temporal,CONFIDENCE_THRESHOLD_V1,INCOMPLETE,6518,0,0.0,0,,,,0.09999999999999999,1.0,0.0,0.0,LOG_TRAIN_P99
temporal,CONFIDENCE_THRESHOLD_V1,VALID,9050,0,0.0,0,,,,0.10000000000000002,1.0,0.0,0.0,LOG_TRAIN_P99
temporal,VOI_BLIND_V1,CONTRADICTORY,22012,0,0.0,0,,,,0.1,1.0,0.0,0.0,LOG_TRAIN_P99
temporal,VOI_BLIND_V1,INCOMPLETE,6518,0,0.0,0,,,,0.09165388155876034,0.8956735194845045,0.10432648051549555,0.0,LOG_TRAIN_P99
temporal,VOI_BLIND_V1,VALID,9050,0,0.0,0,,,,0.10000000000000002,1.0,0.0,0.0,LOG_TRAIN_P99
temporal,RCSE_V1_FULL,CONTRADICTORY,22012,0,0.0,0,,,,0.1,1.0,0.0,0.0,LOG_TRAIN_P99
temporal,RCSE_V1_FULL,INCOMPLETE,6518,0,0.0,0,,,,0.09165388155876034,0.8956735194845045,0.10432648051549555,0.0,LOG_TRAIN_P99
temporal,RCSE_V1_FULL,VALID,9050,0,0.0,0,,,,0.10000000000000002,1.0,0.0,0.0,LOG_TRAIN_P99
temporal,V2_SAFETY_NO_GATE,CONTRADICTORY,22012,15807,0.7181083045611485,15745,0.9960776871006516,0.9973309459981103,0.9963307606092991,0.45489172666080735,0.2818916954388515,0.0,0.0,LOG_TRAIN_P99
temporal,V2_SAFETY_NO_GATE,INCOMPLETE,6518,4431,0.6798097575943541,4303,0.9711126156623787,0.9772547994139553,0.9726094091292722,0.4203448837681192,0.21586376189015036,0.10432648051549555,0.0,LOG_TRAIN_P99
temporal,V2_SAFETY_NO_GATE,VALID,9050,8233,0.9097237569060773,1417,0.17211223126442365,0.1718444770168085,0.1730977546972042,0.10346380080141516,0.09027624309392265,0.0,0.0,LOG_TRAIN_P99
temporal,V2_GATE_MULTICLASS_EXECUTE,CONTRADICTORY,22012,0,0.0,0,,,,0.1,1.0,0.0,0.0,LOG_TRAIN_P99
temporal,V2_GATE_MULTICLASS_EXECUTE,INCOMPLETE,6518,0,0.0,0,,,,0.09165388155876034,0.8956735194845045,0.10432648051549555,0.0,LOG_TRAIN_P99
temporal,V2_GATE_MULTICLASS_EXECUTE,VALID,9050,0,0.0,0,,,,0.10000000000000002,1.0,0.0,0.0,LOG_TRAIN_P99
temporal,RCSE_V2_NO_GATHER,CONTRADICTORY,22012,0,0.0,0,,,,0.1,1.0,0.0,0.0,LOG_TRAIN_P99
temporal,RCSE_V2_NO_GATHER,INCOMPLETE,6518,0,0.0,0,,,,0.09999999999999999,1.0,0.0,0.0,LOG_TRAIN_P99
temporal,RCSE_V2_NO_GATHER,VALID,9050,8233,0.9097237569060773,1417,0.17211223126442365,0.1718444770168085,0.1730977546972042,0.10346380080141516,0.09027624309392265,0.0,0.0,LOG_TRAIN_P99
temporal,RCSE_V2_FULL,CONTRADICTORY,22012,0,0.0,0,,,,0.1,1.0,0.0,0.0,LOG_TRAIN_P99
temporal,RCSE_V2_FULL,INCOMPLETE,6518,0,0.0,0,,,,0.09165388155876034,0.8956735194845045,0.10432648051549555,0.0,LOG_TRAIN_P99
temporal,RCSE_V2_FULL,VALID,9050,8233,0.9097237569060773,1417,0.17211223126442365,0.1718444770168085,0.1730977546972042,0.10346380080141516,0.09027624309392265,0.0,0.0,LOG_TRAIN_P99
ood_exposure,ARGMAX_V1,CONTRADICTORY,1462,70,0.047879616963064295,69,0.9857142857142858,0.9916929785689925,0.9857758603214305,0.18169810782493576,0.646374829001368,0.2106703146374829,0.09507523939808482,LOG_TRAIN_P90
ood_exposure,ARGMAX_V1,INCOMPLETE,474,4,0.008438818565400843,4,1.0,1.0,1.0,0.08501560517766185,0.6455696202531646,0.3459915611814346,0.0,LOG_TRAIN_P90
ood_exposure,ARGMAX_V1,VALID,600,14,0.023333333333333334,10,0.7142857142857143,0.7388643132886868,0.7161854442396106,0.11363679343925284,0.8916666666666667,0.085,0.0,LOG_TRAIN_P90
ood_exposure,CONFIDENCE_THRESHOLD_V1,CONTRADICTORY,1462,47,0.032147742818057455,46,0.9787234042553191,0.9888136916996598,0.9790003014506101,0.14071860514697807,0.9678522571819426,0.0,0.0,LOG_TRAIN_P90
ood_exposure,CONFIDENCE_THRESHOLD_V1,INCOMPLETE,474,4,0.008438818565400843,4,1.0,1.0,1.0,0.11269493007217664,0.9915611814345991,0.0,0.0,LOG_TRAIN_P90
ood_exposure,CONFIDENCE_THRESHOLD_V1,VALID,600,7,0.011666666666666667,6,0.8571428571428571,0.8708628506549079,0.8582809419080435,0.11265103750805561,0.9883333333333333,0.0,0.0,LOG_TRAIN_P90
ood_exposure,VOI_BLIND_V1,CONTRADICTORY,1462,5,0.003419972640218878,5,1.0,1.0,1.0,0.10508393795243894,0.9965800273597811,0.0,0.0,LOG_TRAIN_P90
ood_exposure,VOI_BLIND_V1,INCOMPLETE,474,2,0.004219409282700422,2,1.0,1.0,1.0,0.09433606852446913,0.8396624472573839,0.15611814345991562,0.0,LOG_TRAIN_P90
ood_exposure,VOI_BLIND_V1,VALID,600,0,0.0,0,,,,0.1,1.0,0.0,0.0,LOG_TRAIN_P90
ood_exposure,RCSE_V1_FULL,CONTRADICTORY,1462,3,0.002051983584131327,3,1.0,1.0,1.0,0.10319817580561352,0.9979480164158687,0.0,0.0,LOG_TRAIN_P90
ood_exposure,RCSE_V1_FULL,INCOMPLETE,474,2,0.004219409282700422,2,1.0,1.0,1.0,0.09653016135147335,0.8670886075949367,0.12869198312236288,0.0,LOG_TRAIN_P90
ood_exposure,RCSE_V1_FULL,VALID,600,0,0.0,0,,,,0.1,1.0,0.0,0.0,LOG_TRAIN_P90
ood_exposure,V2_SAFETY_NO_GATE,CONTRADICTORY,1462,51,0.03488372093023256,51,1.0,1.0,1.0,0.14118026686745258,0.9651162790697675,0.0,0.0,LOG_TRAIN_P90
ood_exposure,V2_SAFETY_NO_GATE,INCOMPLETE,474,70,0.14767932489451477,69,0.9857142857142858,0.9876619790169628,0.9849771708303017,0.2656868724594698,0.7236286919831224,0.12869198312236288,0.0,LOG_TRAIN_P90
ood_exposure,V2_SAFETY_NO_GATE,VALID,600,23,0.03833333333333333,5,0.21739130434782608,0.2962075994110268,0.22382155497408596,0.10715249856601969,0.9616666666666667,0.0,0.0,LOG_TRAIN_P90
ood_exposure,V2_GATE_MULTICLASS_EXECUTE,CONTRADICTORY,1462,0,0.0,0,,,,0.09999999999999999,1.0,0.0,0.0,LOG_TRAIN_P90
ood_exposure,V2_GATE_MULTICLASS_EXECUTE,INCOMPLETE,474,0,0.0,0,,,,0.08970464135021097,0.8713080168776371,0.12869198312236288,0.0,LOG_TRAIN_P90
ood_exposure,V2_GATE_MULTICLASS_EXECUTE,VALID,600,0,0.0,0,,,,0.1,1.0,0.0,0.0,LOG_TRAIN_P90
ood_exposure,RCSE_V2_NO_GATHER,CONTRADICTORY,1462,0,0.0,0,,,,0.09999999999999999,1.0,0.0,0.0,LOG_TRAIN_P90
ood_exposure,RCSE_V2_NO_GATHER,INCOMPLETE,474,0,0.0,0,,,,0.1,1.0,0.0,0.0,LOG_TRAIN_P90
ood_exposure,RCSE_V2_NO_GATHER,VALID,600,23,0.03833333333333333,5,0.21739130434782608,0.2962075994110268,0.22382155497408596,0.10715249856601969,0.9616666666666667,0.0,0.0,LOG_TRAIN_P90
ood_exposure,RCSE_V2_FULL,CONTRADICTORY,1462,0,0.0,0,,,,0.09999999999999999,1.0,0.0,0.0,LOG_TRAIN_P90
ood_exposure,RCSE_V2_FULL,INCOMPLETE,474,0,0.0,0,,,,0.08970464135021097,0.8713080168776371,0.12869198312236288,0.0,LOG_TRAIN_P90
ood_exposure,RCSE_V2_FULL,VALID,600,23,0.03833333333333333,5,0.21739130434782608,0.2962075994110268,0.22382155497408596,0.10715249856601969,0.9616666666666667,0.0,0.0,LOG_TRAIN_P90
ood_exposure,ARGMAX_V1,CONTRADICTORY,1462,70,0.047879616963064295,69,0.9857142857142858,0.9916929785689925,0.9857142857142858,0.1635841313269494,0.646374829001368,0.2106703146374829,0.09507523939808482,UNIFORM
ood_exposure,ARGMAX_V1,INCOMPLETE,474,4,0.008438818565400843,4,1.0,1.0,1.0,0.07991561181434599,0.6455696202531646,0.3459915611814346,0.0,UNIFORM
ood_exposure,ARGMAX_V1,VALID,600,14,0.023333333333333334,10,0.7142857142857143,0.7388643132886868,0.7142857142857143,0.10753333333333336,0.8916666666666667,0.085,0.0,UNIFORM
ood_exposure,CONFIDENCE_THRESHOLD_V1,CONTRADICTORY,1462,47,0.032147742818057455,46,0.9787234042553191,0.9888136916996598,0.9787234042553191,0.12824897400820792,0.9678522571819426,0.0,0.0,UNIFORM
ood_exposure,CONFIDENCE_THRESHOLD_V1,INCOMPLETE,474,4,0.008438818565400843,4,1.0,1.0,1.0,0.10759493670886076,0.9915611814345991,0.0,0.0,UNIFORM
ood_exposure,CONFIDENCE_THRESHOLD_V1,VALID,600,7,0.011666666666666667,6,0.8571428571428571,0.8708628506549079,0.8571428571428571,0.10883333333333332,0.9883333333333333,0.0,0.0,UNIFORM
ood_exposure,VOI_BLIND_V1,CONTRADICTORY,1462,5,0.003419972640218878,5,1.0,1.0,1.0,0.10307797537619698,0.9965800273597811,0.0,0.0,UNIFORM
ood_exposure,VOI_BLIND_V1,INCOMPLETE,474,2,0.004219409282700422,2,1.0,1.0,1.0,0.09130801687763714,0.8396624472573839,0.15611814345991562,0.0,UNIFORM
ood_exposure,VOI_BLIND_V1,VALID,600,0,0.0,0,,,,0.1,1.0,0.0,0.0,UNIFORM
ood_exposure,RCSE_V1_FULL,CONTRADICTORY,1462,4,0.0027359781121751026,4,1.0,1.0,1.0,0.10246238030095758,0.9972640218878249,0.0,0.0,UNIFORM
ood_exposure,RCSE_V1_FULL,INCOMPLETE,474,2,0.004219409282700422,2,1.0,1.0,1.0,0.09299578059071731,0.8607594936708861,0.1350210970464135,0.0,UNIFORM
ood_exposure,RCSE_V1_FULL,VALID,600,0,0.0,0,,,,0.1,1.0,0.0,0.0,UNIFORM
ood_exposure,V2_SAFETY_NO_GATE,CONTRADICTORY,1462,80,0.05471956224350205,80,1.0,1.0,1.0,0.14924760601915185,0.945280437756498,0.0,0.0,UNIFORM
ood_exposure,V2_SAFETY_NO_GATE,INCOMPLETE,474,86,0.18143459915611815,85,0.9883720930232558,0.9884523913426403,0.9883720930232558,0.25037974683544306,0.6835443037974683,0.1350210970464135,0.0,UNIFORM
ood_exposure,V2_SAFETY_NO_GATE,VALID,600,38,0.06333333333333334,8,0.21052631578947367,0.2597883486341137,0.21052631578947367,0.107,0.9366666666666666,0.0,0.0,UNIFORM
ood_exposure,V2_GATE_MULTICLASS_EXECUTE,CONTRADICTORY,1462,0,0.0,0,,,,0.09999999999999999,1.0,0.0,0.0,UNIFORM
ood_exposure,V2_GATE_MULTICLASS_EXECUTE,INCOMPLETE,474,0,0.0,0,,,,0.08919831223628692,0.8649789029535865,0.1350210970464135,0.0,UNIFORM
ood_exposure,V2_GATE_MULTICLASS_EXECUTE,VALID,600,0,0.0,0,,,,0.1,1.0,0.0,0.0,UNIFORM
ood_exposure,RCSE_V2_NO_GATHER,CONTRADICTORY,1462,0,0.0,0,,,,0.09999999999999999,1.0,0.0,0.0,UNIFORM
ood_exposure,RCSE_V2_NO_GATHER,INCOMPLETE,474,0,0.0,0,,,,0.1,1.0,0.0,0.0,UNIFORM
ood_exposure,RCSE_V2_NO_GATHER,VALID,600,38,0.06333333333333334,8,0.21052631578947367,0.2597883486341137,0.21052631578947367,0.107,0.9366666666666666,0.0,0.0,UNIFORM
ood_exposure,RCSE_V2_FULL,CONTRADICTORY,1462,0,0.0,0,,,,0.09999999999999999,1.0,0.0,0.0,UNIFORM
ood_exposure,RCSE_V2_FULL,INCOMPLETE,474,0,0.0,0,,,,0.08919831223628692,0.8649789029535865,0.1350210970464135,0.0,UNIFORM
ood_exposure,RCSE_V2_FULL,VALID,600,38,0.06333333333333334,8,0.21052631578947367,0.2597883486341137,0.21052631578947367,0.107,0.9366666666666666,0.0,0.0,UNIFORM
ood_exposure,ARGMAX_V1,CONTRADICTORY,1462,70,0.047879616963064295,69,0.9857142857142858,0.9916929785689925,0.9857758603214303,0.20715014191203765,0.646374829001368,0.2106703146374829,0.09507523939808482,LOG_TRAIN_P50
ood_exposure,ARGMAX_V1,INCOMPLETE,474,4,0.008438818565400843,4,1.0,1.0,1.0,0.0902918633133462,0.6455696202531646,0.3459915611814346,0.0,LOG_TRAIN_P50
ood_exposure,ARGMAX_V1,VALID,600,14,0.023333333333333334,10,0.7142857142857143,0.7388643132886868,0.716185444239611,0.12251061983310317,0.8916666666666667,0.085,0.0,LOG_TRAIN_P50
ood_exposure,CONFIDENCE_THRESHOLD_V1,CONTRADICTORY,1462,47,0.032147742818057455,46,0.9787234042553191,0.9888136916996598,0.9790003014506102,0.157840037356813,0.9678522571819426,0.0,0.0,LOG_TRAIN_P50
ood_exposure,CONFIDENCE_THRESHOLD_V1,INCOMPLETE,474,4,0.008438818565400843,4,1.0,1.0,1.0,0.11797118820786098,0.9915611814345991,0.0,0.0,LOG_TRAIN_P50
ood_exposure,CONFIDENCE_THRESHOLD_V1,VALID,600,7,0.011666666666666667,6,0.8571428571428571,0.8708628506549079,0.8582809419080435,0.11803598372432736,0.9883333333333333,0.0,0.0,LOG_TRAIN_P50
ood_exposure,VOI_BLIND_V1,CONTRADICTORY,1462,5,0.003419972640218878,5,1.0,1.0,1.0,0.10719849829793163,0.9965800273597811,0.0,0.0,LOG_TRAIN_P50
ood_exposure,VOI_BLIND_V1,INCOMPLETE,474,2,0.004219409282700422,2,1.0,1.0,1.0,0.0971605020784497,0.8396624472573839,0.15611814345991562,0.0,LOG_TRAIN_P50
ood_exposure,VOI_BLIND_V1,VALID,600,0,0.0,0,,,,0.1,1.0,0.0,0.0,LOG_TRAIN_P50
ood_exposure,RCSE_V1_FULL,CONTRADICTORY,1462,3,0.002051983584131327,3,1.0,1.0,1.0,0.1045245167516485,0.9979480164158687,0.0,0.0,LOG_TRAIN_P50
ood_exposure,RCSE_V1_FULL,INCOMPLETE,474,2,0.004219409282700422,2,1.0,1.0,1.0,0.10559932064385055,0.9451476793248945,0.05063291139240506,0.0,LOG_TRAIN_P50
ood_exposure,RCSE_V1_FULL,VALID,600,0,0.0,0,,,,0.1,1.0,0.0,0.0,LOG_TRAIN_P50
ood_exposure,V2_SAFETY_NO_GATE,CONTRADICTORY,1462,42,0.028727770177838577,42,1.0,1.0,1.0,0.14839250824842654,0.9712722298221614,0.0,0.0,LOG_TRAIN_P50
ood_exposure,V2_SAFETY_NO_GATE,INCOMPLETE,474,61,0.12869198312236288,60,0.9836065573770492,0.9869021514088195,0.9827810411790834,0.31384288915452285,0.820675105485232,0.05063291139240506,0.0,LOG_TRAIN_P50
ood_exposure,V2_SAFETY_NO_GATE,VALID,600,19,0.03166666666666667,5,0.2631578947368421,0.3424090896201,0.2698209907572308,0.11210049251911364,0.9683333333333334,0.0,0.0,LOG_TRAIN_P50
ood_exposure,V2_GATE_MULTICLASS_EXECUTE,CONTRADICTORY,1462,0,0.0,0,,,,0.09999999999999999,1.0,0.0,0.0,LOG_TRAIN_P50
ood_exposure,V2_GATE_MULTICLASS_EXECUTE,INCOMPLETE,474,0,0.0,0,,,,0.0959493670886076,0.9493670886075949,0.05063291139240506,0.0,LOG_TRAIN_P50
ood_exposure,V2_GATE_MULTICLASS_EXECUTE,VALID,600,0,0.0,0,,,,0.1,1.0,0.0,0.0,LOG_TRAIN_P50
ood_exposure,RCSE_V2_NO_GATHER,CONTRADICTORY,1462,0,0.0,0,,,,0.09999999999999999,1.0,0.0,0.0,LOG_TRAIN_P50
ood_exposure,RCSE_V2_NO_GATHER,INCOMPLETE,474,0,0.0,0,,,,0.1,1.0,0.0,0.0,LOG_TRAIN_P50
ood_exposure,RCSE_V2_NO_GATHER,VALID,600,19,0.03166666666666667,5,0.2631578947368421,0.3424090896201,0.2698209907572308,0.11210049251911364,0.9683333333333334,0.0,0.0,LOG_TRAIN_P50
ood_exposure,RCSE_V2_FULL,CONTRADICTORY,1462,0,0.0,0,,,,0.09999999999999999,1.0,0.0,0.0,LOG_TRAIN_P50
ood_exposure,RCSE_V2_FULL,INCOMPLETE,474,0,0.0,0,,,,0.0959493670886076,0.9493670886075949,0.05063291139240506,0.0,LOG_TRAIN_P50
ood_exposure,RCSE_V2_FULL,VALID,600,19,0.03166666666666667,5,0.2631578947368421,0.3424090896201,0.2698209907572308,0.11210049251911364,0.9683333333333334,0.0,0.0,LOG_TRAIN_P50
ood_exposure,ARGMAX_V1,CONTRADICTORY,1462,70,0.047879616963064295,69,0.9857142857142858,0.9916929785689925,0.9857758603214305,0.1705605386250962,0.646374829001368,0.2106703146374829,0.09507523939808482,LOG_TRAIN_P99
ood_exposure,ARGMAX_V1,INCOMPLETE,474,4,0.008438818565400843,4,1.0,1.0,1.0,0.08270676456000055,0.6455696202531646,0.3459915611814346,0.0,LOG_TRAIN_P99
ood_exposure,ARGMAX_V1,VALID,600,14,0.023333333333333334,10,0.7142857142857143,0.7388643132886868,0.7161854442396108,0.10975369100466374,0.8916666666666667,0.085,0.0,LOG_TRAIN_P99
ood_exposure,CONFIDENCE_THRESHOLD_V1,CONTRADICTORY,1462,47,0.032147742818057455,46,0.9787234042553191,0.9888136916996598,0.9790003014506102,0.13322642847517197,0.9678522571819426,0.0,0.0,LOG_TRAIN_P99
ood_exposure,CONFIDENCE_THRESHOLD_V1,INCOMPLETE,474,4,0.008438818565400843,4,1.0,1.0,1.0,0.11038608945451533,0.9915611814345991,0.0,0.0,LOG_TRAIN_P99
ood_exposure,CONFIDENCE_THRESHOLD_V1,VALID,600,7,0.011666666666666667,6,0.8571428571428571,0.8708628506549079,0.8582809419080436,0.11029463601511819,0.9883333333333333,0.0,0.0,LOG_TRAIN_P99
ood_exposure,VOI_BLIND_V1,CONTRADICTORY,1462,5,0.003419972640218878,5,1.0,1.0,1.0,0.10415862636065948,0.9965800273597811,0.0,0.0,LOG_TRAIN_P99
ood_exposure,VOI_BLIND_V1,INCOMPLETE,474,2,0.004219409282700422,2,1.0,1.0,1.0,0.0931001231359727,0.8396624472573839,0.15611814345991562,0.0,LOG_TRAIN_P99
ood_exposure,VOI_BLIND_V1,VALID,600,0,0.0,0,,,,0.1,1.0,0.0,0.0,LOG_TRAIN_P99
ood_exposure,RCSE_V1_FULL,CONTRADICTORY,1462,4,0.0027359781121751026,4,1.0,1.0,1.0,0.1033986589196352,0.9972640218878249,0.0,0.0,LOG_TRAIN_P99
ood_exposure,RCSE_V1_FULL,INCOMPLETE,474,2,0.004219409282700422,2,1.0,1.0,1.0,0.09478788684905289,0.8607594936708861,0.1350210970464135,0.0,LOG_TRAIN_P99
ood_exposure,RCSE_V1_FULL,VALID,600,0,0.0,0,,,,0.1,1.0,0.0,0.0,LOG_TRAIN_P99
ood_exposure,V2_SAFETY_NO_GATE,CONTRADICTORY,1462,72,0.049247606019151846,72,1.0,1.0,1.0,0.14714603232060555,0.9507523939808481,0.0,0.0,LOG_TRAIN_P99
ood_exposure,V2_SAFETY_NO_GATE,INCOMPLETE,474,84,0.17721518987341772,83,0.9880952380952381,0.9883699691564968,0.9873933775034659,0.2604847278507335,0.6877637130801688,0.1350210970464135,0.0,LOG_TRAIN_P99
ood_exposure,V2_SAFETY_NO_GATE,VALID,600,33,0.055,6,0.18181818181818182,0.24698184548772847,0.18675284197502437,0.10532373501263981,0.945,0.0,0.0,LOG_TRAIN_P99
ood_exposure,V2_GATE_MULTICLASS_EXECUTE,CONTRADICTORY,1462,0,0.0,0,,,,0.09999999999999999,1.0,0.0,0.0,LOG_TRAIN_P99
ood_exposure,V2_GATE_MULTICLASS_EXECUTE,INCOMPLETE,474,0,0.0,0,,,,0.08919831223628692,0.8649789029535865,0.1350210970464135,0.0,LOG_TRAIN_P99
ood_exposure,V2_GATE_MULTICLASS_EXECUTE,VALID,600,0,0.0,0,,,,0.1,1.0,0.0,0.0,LOG_TRAIN_P99
ood_exposure,RCSE_V2_NO_GATHER,CONTRADICTORY,1462,0,0.0,0,,,,0.09999999999999999,1.0,0.0,0.0,LOG_TRAIN_P99
ood_exposure,RCSE_V2_NO_GATHER,INCOMPLETE,474,0,0.0,0,,,,0.1,1.0,0.0,0.0,LOG_TRAIN_P99
ood_exposure,RCSE_V2_NO_GATHER,VALID,600,33,0.055,6,0.18181818181818182,0.24698184548772847,0.18675284197502437,0.10532373501263981,0.945,0.0,0.0,LOG_TRAIN_P99
ood_exposure,RCSE_V2_FULL,CONTRADICTORY,1462,0,0.0,0,,,,0.09999999999999999,1.0,0.0,0.0,LOG_TRAIN_P99
ood_exposure,RCSE_V2_FULL,INCOMPLETE,474,0,0.0,0,,,,0.08919831223628692,0.8649789029535865,0.1350210970464135,0.0,LOG_TRAIN_P99
ood_exposure,RCSE_V2_FULL,VALID,600,33,0.055,6,0.18181818181818182,0.24698184548772847,0.18675284197502437,0.10532373501263981,0.945,0.0,0.0,LOG_TRAIN_P99
