regime,policy,intervention_family,episodes,execute_count,autonomous_execution_coverage,unsafe_execute_count,unsafe_execution_rate,raw_exposure_weighted_unsafe_rate,consequence_weighted_unsafe_rate,mean_realized_normalized_loss,human_escalation_rate,gather_rate,abstention_rate,consequence_mode
grouped_iid,ARGMAX_V1,CONTRADICTION,17934,0,0.0,0,,,,0.10000000000000002,1.0,0.0,0.0,LOG_TRAIN_P90
grouped_iid,ARGMAX_V1,MISSINGNESS,6655,0,0.0,0,,,,0.18396694214876036,0.6638617580766341,0.10518407212622088,0.230954169797145,LOG_TRAIN_P90
grouped_iid,ARGMAX_V1,NATURAL,10106,0,0.0,0,,,,0.08136552543043737,0.7486641599050069,0.24826835543241638,0.003067484662576687,LOG_TRAIN_P90
grouped_iid,ARGMAX_V1,SEVERE_EVIDENCE_LOSS,2224,0,0.0,0,,,,0.4791007194244604,0.0004496402877697842,0.04316546762589928,0.9563848920863309,LOG_TRAIN_P90
grouped_iid,CONFIDENCE_THRESHOLD_V1,CONTRADICTION,17934,0,0.0,0,,,,0.10000000000000002,1.0,0.0,0.0,LOG_TRAIN_P90
grouped_iid,CONFIDENCE_THRESHOLD_V1,MISSINGNESS,6655,0,0.0,0,,,,0.1,1.0,0.0,0.0,LOG_TRAIN_P90
grouped_iid,CONFIDENCE_THRESHOLD_V1,NATURAL,10106,0,0.0,0,,,,0.10000000000000002,1.0,0.0,0.0,LOG_TRAIN_P90
grouped_iid,CONFIDENCE_THRESHOLD_V1,SEVERE_EVIDENCE_LOSS,2224,0,0.0,0,,,,0.09999999999999999,1.0,0.0,0.0,LOG_TRAIN_P90
grouped_iid,VOI_BLIND_V1,CONTRADICTION,17934,0,0.0,0,,,,0.10000000000000002,1.0,0.0,0.0,LOG_TRAIN_P90
grouped_iid,VOI_BLIND_V1,MISSINGNESS,6655,0,0.0,0,,,,0.1,1.0,0.0,0.0,LOG_TRAIN_P90
grouped_iid,VOI_BLIND_V1,NATURAL,10106,0,0.0,0,,,,0.08712843855135564,0.8391054818919453,0.1608945181080546,0.0,LOG_TRAIN_P90
grouped_iid,VOI_BLIND_V1,SEVERE_EVIDENCE_LOSS,2224,0,0.0,0,,,,0.09999999999999999,1.0,0.0,0.0,LOG_TRAIN_P90
grouped_iid,RCSE_V1_FULL,CONTRADICTION,17934,0,0.0,0,,,,0.10000000000000002,1.0,0.0,0.0,LOG_TRAIN_P90
grouped_iid,RCSE_V1_FULL,MISSINGNESS,6655,0,0.0,0,,,,0.1,1.0,0.0,0.0,LOG_TRAIN_P90
grouped_iid,RCSE_V1_FULL,NATURAL,10106,0,0.0,0,,,,0.08801504056995846,0.8501880071244805,0.1498119928755195,0.0,LOG_TRAIN_P90
grouped_iid,RCSE_V1_FULL,SEVERE_EVIDENCE_LOSS,2224,0,0.0,0,,,,0.09999999999999999,1.0,0.0,0.0,LOG_TRAIN_P90
grouped_iid,V2_SAFETY_NO_GATE,CONTRADICTION,17934,12978,0.7236533957845434,12978,1.0,1.0,1.0,0.533598780053832,0.27634660421545665,0.0,0.0,LOG_TRAIN_P90
grouped_iid,V2_SAFETY_NO_GATE,MISSINGNESS,6655,3270,0.49135987978963186,3270,1.0,1.0,1.0,0.39354403970164353,0.5086401202103682,0.0,0.0,LOG_TRAIN_P90
grouped_iid,V2_SAFETY_NO_GATE,NATURAL,10106,5444,0.5386898871957253,103,0.018919911829537107,0.04508146236586798,0.021805335163938237,0.04240857235983632,0.3114981199287552,0.1498119928755195,0.0,LOG_TRAIN_P90
grouped_iid,V2_SAFETY_NO_GATE,SEVERE_EVIDENCE_LOSS,2224,0,0.0,0,,,,0.09999999999999999,1.0,0.0,0.0,LOG_TRAIN_P90
grouped_iid,V2_GATE_MULTICLASS_EXECUTE,CONTRADICTION,17934,0,0.0,0,,,,0.10000000000000002,1.0,0.0,0.0,LOG_TRAIN_P90
grouped_iid,V2_GATE_MULTICLASS_EXECUTE,MISSINGNESS,6655,0,0.0,0,,,,0.1,1.0,0.0,0.0,LOG_TRAIN_P90
grouped_iid,V2_GATE_MULTICLASS_EXECUTE,NATURAL,10106,0,0.0,0,,,,0.08801504056995846,0.8501880071244805,0.1498119928755195,0.0,LOG_TRAIN_P90
grouped_iid,V2_GATE_MULTICLASS_EXECUTE,SEVERE_EVIDENCE_LOSS,2224,0,0.0,0,,,,0.09999999999999999,1.0,0.0,0.0,LOG_TRAIN_P90
grouped_iid,RCSE_V2_NO_GATHER,CONTRADICTION,17934,975,0.05436600869856139,975,1.0,1.0,1.0,0.13263978109838997,0.9456339913014387,0.0,0.0,LOG_TRAIN_P90
grouped_iid,RCSE_V2_NO_GATHER,MISSINGNESS,6655,0,0.0,0,,,,0.1,1.0,0.0,0.0,LOG_TRAIN_P90
grouped_iid,RCSE_V2_NO_GATHER,NATURAL,10106,5401,0.534434989115377,102,0.01888539159414923,0.045464690193991276,0.021756266731879508,0.05473579538825172,0.465565010884623,0.0,0.0,LOG_TRAIN_P90
grouped_iid,RCSE_V2_NO_GATHER,SEVERE_EVIDENCE_LOSS,2224,0,0.0,0,,,,0.09999999999999999,1.0,0.0,0.0,LOG_TRAIN_P90
grouped_iid,RCSE_V2_FULL,CONTRADICTION,17934,975,0.05436600869856139,975,1.0,1.0,1.0,0.13263978109838997,0.9456339913014387,0.0,0.0,LOG_TRAIN_P90
grouped_iid,RCSE_V2_FULL,MISSINGNESS,6655,0,0.0,0,,,,0.1,1.0,0.0,0.0,LOG_TRAIN_P90
grouped_iid,RCSE_V2_FULL,NATURAL,10106,5401,0.534434989115377,102,0.01888539159414923,0.045464690193991276,0.021756266731879508,0.042750835958210165,0.3157530180091035,0.1498119928755195,0.0,LOG_TRAIN_P90
grouped_iid,RCSE_V2_FULL,SEVERE_EVIDENCE_LOSS,2224,0,0.0,0,,,,0.09999999999999999,1.0,0.0,0.0,LOG_TRAIN_P90
grouped_iid,ARGMAX_V1,CONTRADICTION,17934,0,0.0,0,,,,0.10000000000000002,1.0,0.0,0.0,UNIFORM
grouped_iid,ARGMAX_V1,MISSINGNESS,6655,0,0.0,0,,,,0.18396694214876036,0.6638617580766341,0.10518407212622088,0.230954169797145,UNIFORM
grouped_iid,ARGMAX_V1,NATURAL,10106,0,0.0,0,,,,0.08136552543043737,0.7486641599050069,0.24826835543241638,0.003067484662576687,UNIFORM
grouped_iid,ARGMAX_V1,SEVERE_EVIDENCE_LOSS,2224,0,0.0,0,,,,0.4791007194244604,0.0004496402877697842,0.04316546762589928,0.9563848920863309,UNIFORM
grouped_iid,CONFIDENCE_THRESHOLD_V1,CONTRADICTION,17934,0,0.0,0,,,,0.10000000000000002,1.0,0.0,0.0,UNIFORM
grouped_iid,CONFIDENCE_THRESHOLD_V1,MISSINGNESS,6655,0,0.0,0,,,,0.1,1.0,0.0,0.0,UNIFORM
grouped_iid,CONFIDENCE_THRESHOLD_V1,NATURAL,10106,0,0.0,0,,,,0.10000000000000002,1.0,0.0,0.0,UNIFORM
grouped_iid,CONFIDENCE_THRESHOLD_V1,SEVERE_EVIDENCE_LOSS,2224,0,0.0,0,,,,0.09999999999999999,1.0,0.0,0.0,UNIFORM
grouped_iid,VOI_BLIND_V1,CONTRADICTION,17934,0,0.0,0,,,,0.10000000000000002,1.0,0.0,0.0,UNIFORM
grouped_iid,VOI_BLIND_V1,MISSINGNESS,6655,0,0.0,0,,,,0.1,1.0,0.0,0.0,UNIFORM
grouped_iid,VOI_BLIND_V1,NATURAL,10106,0,0.0,0,,,,0.08712843855135564,0.8391054818919453,0.1608945181080546,0.0,UNIFORM
grouped_iid,VOI_BLIND_V1,SEVERE_EVIDENCE_LOSS,2224,0,0.0,0,,,,0.09999999999999999,1.0,0.0,0.0,UNIFORM
grouped_iid,RCSE_V1_FULL,CONTRADICTION,17934,0,0.0,0,,,,0.10000000000000002,1.0,0.0,0.0,UNIFORM
grouped_iid,RCSE_V1_FULL,MISSINGNESS,6655,0,0.0,0,,,,0.1,1.0,0.0,0.0,UNIFORM
grouped_iid,RCSE_V1_FULL,NATURAL,10106,0,0.0,0,,,,0.08799920839105484,0.8499901048881853,0.15000989511181476,0.0,UNIFORM
grouped_iid,RCSE_V1_FULL,SEVERE_EVIDENCE_LOSS,2224,0,0.0,0,,,,0.09999999999999999,1.0,0.0,0.0,UNIFORM
grouped_iid,V2_SAFETY_NO_GATE,CONTRADICTION,17934,13005,0.7251589160254266,13005,1.0,1.0,1.0,0.7526430244228838,0.27484108397457346,0.0,0.0,UNIFORM
grouped_iid,V2_SAFETY_NO_GATE,MISSINGNESS,6655,3278,0.4925619834710744,3278,1.0,1.0,1.0,0.5433057851239669,0.5074380165289256,0.0,0.0,UNIFORM
grouped_iid,V2_SAFETY_NO_GATE,NATURAL,10106,5452,0.5394814961409063,105,0.01925898752751284,0.051734935167005204,0.01925898752751284,0.04444092618246586,0.31050860874727887,0.15000989511181476,0.0,UNIFORM
grouped_iid,V2_SAFETY_NO_GATE,SEVERE_EVIDENCE_LOSS,2224,0,0.0,0,,,,0.09999999999999999,1.0,0.0,0.0,UNIFORM
grouped_iid,V2_GATE_MULTICLASS_EXECUTE,CONTRADICTION,17934,0,0.0,0,,,,0.10000000000000002,1.0,0.0,0.0,UNIFORM
grouped_iid,V2_GATE_MULTICLASS_EXECUTE,MISSINGNESS,6655,0,0.0,0,,,,0.1,1.0,0.0,0.0,UNIFORM
grouped_iid,V2_GATE_MULTICLASS_EXECUTE,NATURAL,10106,0,0.0,0,,,,0.08799920839105484,0.8499901048881853,0.15000989511181476,0.0,UNIFORM
grouped_iid,V2_GATE_MULTICLASS_EXECUTE,SEVERE_EVIDENCE_LOSS,2224,0,0.0,0,,,,0.09999999999999999,1.0,0.0,0.0,UNIFORM
grouped_iid,RCSE_V2_NO_GATHER,CONTRADICTION,17934,975,0.05436600869856139,975,1.0,1.0,1.0,0.14892940782870528,0.9456339913014387,0.0,0.0,UNIFORM
grouped_iid,RCSE_V2_NO_GATHER,MISSINGNESS,6655,0,0.0,0,,,,0.1,1.0,0.0,0.0,UNIFORM
grouped_iid,RCSE_V2_NO_GATHER,NATURAL,10106,5408,0.5351276469424104,104,0.019230769230769232,0.05239241865572753,0.019230769230769232,0.056778151593112995,0.46487235305758956,0.0,0.0,UNIFORM
grouped_iid,RCSE_V2_NO_GATHER,SEVERE_EVIDENCE_LOSS,2224,0,0.0,0,,,,0.09999999999999999,1.0,0.0,0.0,UNIFORM
grouped_iid,RCSE_V2_FULL,CONTRADICTION,17934,975,0.05436600869856139,975,1.0,1.0,1.0,0.14892940782870528,0.9456339913014387,0.0,0.0,UNIFORM
grouped_iid,RCSE_V2_FULL,MISSINGNESS,6655,0,0.0,0,,,,0.1,1.0,0.0,0.0,UNIFORM
grouped_iid,RCSE_V2_FULL,NATURAL,10106,5408,0.5351276469424104,104,0.019230769230769232,0.05239241865572753,0.019230769230769232,0.04477735998416782,0.3148624579457748,0.15000989511181476,0.0,UNIFORM
grouped_iid,RCSE_V2_FULL,SEVERE_EVIDENCE_LOSS,2224,0,0.0,0,,,,0.09999999999999999,1.0,0.0,0.0,UNIFORM
grouped_iid,ARGMAX_V1,CONTRADICTION,17934,0,0.0,0,,,,0.10000000000000002,1.0,0.0,0.0,LOG_TRAIN_P50
grouped_iid,ARGMAX_V1,MISSINGNESS,6655,0,0.0,0,,,,0.18396694214876036,0.6638617580766341,0.10518407212622088,0.230954169797145,LOG_TRAIN_P50
grouped_iid,ARGMAX_V1,NATURAL,10106,0,0.0,0,,,,0.08136552543043737,0.7486641599050069,0.24826835543241638,0.003067484662576687,LOG_TRAIN_P50
grouped_iid,ARGMAX_V1,SEVERE_EVIDENCE_LOSS,2224,0,0.0,0,,,,0.4791007194244604,0.0004496402877697842,0.04316546762589928,0.9563848920863309,LOG_TRAIN_P50
grouped_iid,CONFIDENCE_THRESHOLD_V1,CONTRADICTION,17934,0,0.0,0,,,,0.10000000000000002,1.0,0.0,0.0,LOG_TRAIN_P50
grouped_iid,CONFIDENCE_THRESHOLD_V1,MISSINGNESS,6655,0,0.0,0,,,,0.1,1.0,0.0,0.0,LOG_TRAIN_P50
grouped_iid,CONFIDENCE_THRESHOLD_V1,NATURAL,10106,0,0.0,0,,,,0.10000000000000002,1.0,0.0,0.0,LOG_TRAIN_P50
grouped_iid,CONFIDENCE_THRESHOLD_V1,SEVERE_EVIDENCE_LOSS,2224,0,0.0,0,,,,0.09999999999999999,1.0,0.0,0.0,LOG_TRAIN_P50
grouped_iid,VOI_BLIND_V1,CONTRADICTION,17934,0,0.0,0,,,,0.10000000000000002,1.0,0.0,0.0,LOG_TRAIN_P50
grouped_iid,VOI_BLIND_V1,MISSINGNESS,6655,0,0.0,0,,,,0.1,1.0,0.0,0.0,LOG_TRAIN_P50
grouped_iid,VOI_BLIND_V1,NATURAL,10106,0,0.0,0,,,,0.08712843855135564,0.8391054818919453,0.1608945181080546,0.0,LOG_TRAIN_P50
grouped_iid,VOI_BLIND_V1,SEVERE_EVIDENCE_LOSS,2224,0,0.0,0,,,,0.09999999999999999,1.0,0.0,0.0,LOG_TRAIN_P50
grouped_iid,RCSE_V1_FULL,CONTRADICTION,17934,0,0.0,0,,,,0.10000000000000002,1.0,0.0,0.0,LOG_TRAIN_P50
grouped_iid,RCSE_V1_FULL,MISSINGNESS,6655,0,0.0,0,,,,0.1,1.0,0.0,0.0,LOG_TRAIN_P50
grouped_iid,RCSE_V1_FULL,NATURAL,10106,0,0.0,0,,,,0.08871957253116962,0.85899465663962,0.14100534336037998,0.0,LOG_TRAIN_P50
grouped_iid,RCSE_V1_FULL,SEVERE_EVIDENCE_LOSS,2224,0,0.0,0,,,,0.09999999999999999,1.0,0.0,0.0,LOG_TRAIN_P50
grouped_iid,V2_SAFETY_NO_GATE,CONTRADICTION,17934,12607,0.7029664324746292,12607,1.0,1.0,1.0,0.7092175709709243,0.2970335675253708,0.0,0.0,LOG_TRAIN_P50
grouped_iid,V2_SAFETY_NO_GATE,MISSINGNESS,6655,3167,0.47588279489105934,3167,1.0,1.0,1.0,0.5104670011551502,0.5241172051089407,0.0,0.0,LOG_TRAIN_P50
grouped_iid,V2_SAFETY_NO_GATE,NATURAL,10106,5268,0.5212744904017416,95,0.0180334092634776,0.04379013662395981,0.02063314833699348,0.04703897703319765,0.3377201662378785,0.14100534336037998,0.0,LOG_TRAIN_P50
grouped_iid,V2_SAFETY_NO_GATE,SEVERE_EVIDENCE_LOSS,2224,0,0.0,0,,,,0.09999999999999999,1.0,0.0,0.0,LOG_TRAIN_P50
grouped_iid,V2_GATE_MULTICLASS_EXECUTE,CONTRADICTION,17934,0,0.0,0,,,,0.10000000000000002,1.0,0.0,0.0,LOG_TRAIN_P50
grouped_iid,V2_GATE_MULTICLASS_EXECUTE,MISSINGNESS,6655,0,0.0,0,,,,0.1,1.0,0.0,0.0,LOG_TRAIN_P50
grouped_iid,V2_GATE_MULTICLASS_EXECUTE,NATURAL,10106,0,0.0,0,,,,0.08871957253116962,0.85899465663962,0.14100534336037998,0.0,LOG_TRAIN_P50
grouped_iid,V2_GATE_MULTICLASS_EXECUTE,SEVERE_EVIDENCE_LOSS,2224,0,0.0,0,,,,0.09999999999999999,1.0,0.0,0.0,LOG_TRAIN_P50
grouped_iid,RCSE_V2_NO_GATHER,CONTRADICTION,17934,950,0.05297200847552136,950,1.0,1.0,1.0,0.14606696291572013,0.9470279915244787,0.0,0.0,LOG_TRAIN_P50
grouped_iid,RCSE_V2_NO_GATHER,MISSINGNESS,6655,0,0.0,0,,,,0.1,1.0,0.0,0.0,LOG_TRAIN_P50
grouped_iid,RCSE_V2_NO_GATHER,NATURAL,10106,5228,0.5173164456758361,94,0.017980107115531753,0.04394790126986494,0.020553945481916584,0.0585989387582277,0.4826835543241639,0.0,0.0,LOG_TRAIN_P50
grouped_iid,RCSE_V2_NO_GATHER,SEVERE_EVIDENCE_LOSS,2224,0,0.0,0,,,,0.09999999999999999,1.0,0.0,0.0,LOG_TRAIN_P50
grouped_iid,RCSE_V2_FULL,CONTRADICTION,17934,950,0.05297200847552136,950,1.0,1.0,1.0,0.14606696291572013,0.9470279915244787,0.0,0.0,LOG_TRAIN_P50
grouped_iid,RCSE_V2_FULL,MISSINGNESS,6655,0,0.0,0,,,,0.1,1.0,0.0,0.0,LOG_TRAIN_P50
grouped_iid,RCSE_V2_FULL,NATURAL,10106,5228,0.5173164456758361,94,0.017980107115531753,0.04394790126986494,0.020553945481916584,0.047318511289397285,0.34167821096378387,0.14100534336037998,0.0,LOG_TRAIN_P50
grouped_iid,RCSE_V2_FULL,SEVERE_EVIDENCE_LOSS,2224,0,0.0,0,,,,0.09999999999999999,1.0,0.0,0.0,LOG_TRAIN_P50
grouped_iid,ARGMAX_V1,CONTRADICTION,17934,0,0.0,0,,,,0.10000000000000002,1.0,0.0,0.0,LOG_TRAIN_P99
grouped_iid,ARGMAX_V1,MISSINGNESS,6655,0,0.0,0,,,,0.18396694214876036,0.6638617580766341,0.10518407212622088,0.230954169797145,LOG_TRAIN_P99
grouped_iid,ARGMAX_V1,NATURAL,10106,0,0.0,0,,,,0.08136552543043737,0.7486641599050069,0.24826835543241638,0.003067484662576687,LOG_TRAIN_P99
grouped_iid,ARGMAX_V1,SEVERE_EVIDENCE_LOSS,2224,0,0.0,0,,,,0.4791007194244604,0.0004496402877697842,0.04316546762589928,0.9563848920863309,LOG_TRAIN_P99
grouped_iid,CONFIDENCE_THRESHOLD_V1,CONTRADICTION,17934,0,0.0,0,,,,0.10000000000000002,1.0,0.0,0.0,LOG_TRAIN_P99
grouped_iid,CONFIDENCE_THRESHOLD_V1,MISSINGNESS,6655,0,0.0,0,,,,0.1,1.0,0.0,0.0,LOG_TRAIN_P99
grouped_iid,CONFIDENCE_THRESHOLD_V1,NATURAL,10106,0,0.0,0,,,,0.10000000000000002,1.0,0.0,0.0,LOG_TRAIN_P99
grouped_iid,CONFIDENCE_THRESHOLD_V1,SEVERE_EVIDENCE_LOSS,2224,0,0.0,0,,,,0.09999999999999999,1.0,0.0,0.0,LOG_TRAIN_P99
grouped_iid,VOI_BLIND_V1,CONTRADICTION,17934,0,0.0,0,,,,0.10000000000000002,1.0,0.0,0.0,LOG_TRAIN_P99
grouped_iid,VOI_BLIND_V1,MISSINGNESS,6655,0,0.0,0,,,,0.1,1.0,0.0,0.0,LOG_TRAIN_P99
grouped_iid,VOI_BLIND_V1,NATURAL,10106,0,0.0,0,,,,0.08712843855135564,0.8391054818919453,0.1608945181080546,0.0,LOG_TRAIN_P99
grouped_iid,VOI_BLIND_V1,SEVERE_EVIDENCE_LOSS,2224,0,0.0,0,,,,0.09999999999999999,1.0,0.0,0.0,LOG_TRAIN_P99
grouped_iid,RCSE_V1_FULL,CONTRADICTION,17934,0,0.0,0,,,,0.10000000000000002,1.0,0.0,0.0,LOG_TRAIN_P99
grouped_iid,RCSE_V1_FULL,MISSINGNESS,6655,0,0.0,0,,,,0.1,1.0,0.0,0.0,LOG_TRAIN_P99
grouped_iid,RCSE_V1_FULL,NATURAL,10106,0,0.0,0,,,,0.08799920839105484,0.8499901048881853,0.15000989511181476,0.0,LOG_TRAIN_P99
grouped_iid,RCSE_V1_FULL,SEVERE_EVIDENCE_LOSS,2224,0,0.0,0,,,,0.09999999999999999,1.0,0.0,0.0,LOG_TRAIN_P99
grouped_iid,V2_SAFETY_NO_GATE,CONTRADICTION,17934,13005,0.7251589160254266,13005,1.0,1.0,1.0,0.4444643169965148,0.27484108397457346,0.0,0.0,LOG_TRAIN_P99
grouped_iid,V2_SAFETY_NO_GATE,MISSINGNESS,6655,3278,0.4925619834710744,3278,1.0,1.0,1.0,0.33333801913186656,0.5074380165289256,0.0,0.0,LOG_TRAIN_P99
grouped_iid,V2_SAFETY_NO_GATE,NATURAL,10106,5452,0.5394814961409063,105,0.01925898752751284,0.051734935167005204,0.02237287750463258,0.04103002176345906,0.31050860874727887,0.15000989511181476,0.0,LOG_TRAIN_P99
grouped_iid,V2_SAFETY_NO_GATE,SEVERE_EVIDENCE_LOSS,2224,0,0.0,0,,,,0.09999999999999999,1.0,0.0,0.0,LOG_TRAIN_P99
grouped_iid,V2_GATE_MULTICLASS_EXECUTE,CONTRADICTION,17934,0,0.0,0,,,,0.10000000000000002,1.0,0.0,0.0,LOG_TRAIN_P99
grouped_iid,V2_GATE_MULTICLASS_EXECUTE,MISSINGNESS,6655,0,0.0,0,,,,0.1,1.0,0.0,0.0,LOG_TRAIN_P99
grouped_iid,V2_GATE_MULTICLASS_EXECUTE,NATURAL,10106,0,0.0,0,,,,0.08799920839105484,0.8499901048881853,0.15000989511181476,0.0,LOG_TRAIN_P99
grouped_iid,V2_GATE_MULTICLASS_EXECUTE,SEVERE_EVIDENCE_LOSS,2224,0,0.0,0,,,,0.09999999999999999,1.0,0.0,0.0,LOG_TRAIN_P99
grouped_iid,RCSE_V2_NO_GATHER,CONTRADICTION,17934,975,0.05436600869856139,975,1.0,1.0,1.0,0.1258311218998625,0.9456339913014387,0.0,0.0,LOG_TRAIN_P99
grouped_iid,RCSE_V2_NO_GATHER,MISSINGNESS,6655,0,0.0,0,,,,0.1,1.0,0.0,0.0,LOG_TRAIN_P99
grouped_iid,RCSE_V2_NO_GATHER,NATURAL,10106,5408,0.5351276469424104,104,0.019230769230769232,0.05239241865572753,0.022335405421611276,0.053397854244937995,0.46487235305758956,0.0,0.0,LOG_TRAIN_P99
grouped_iid,RCSE_V2_NO_GATHER,SEVERE_EVIDENCE_LOSS,2224,0,0.0,0,,,,0.09999999999999999,1.0,0.0,0.0,LOG_TRAIN_P99
grouped_iid,RCSE_V2_FULL,CONTRADICTION,17934,975,0.05436600869856139,975,1.0,1.0,1.0,0.1258311218998625,0.9456339913014387,0.0,0.0,LOG_TRAIN_P99
grouped_iid,RCSE_V2_FULL,MISSINGNESS,6655,0,0.0,0,,,,0.1,1.0,0.0,0.0,LOG_TRAIN_P99
grouped_iid,RCSE_V2_FULL,NATURAL,10106,5408,0.5351276469424104,104,0.019230769230769232,0.05239241865572753,0.022335405421611276,0.041397062635992805,0.3148624579457748,0.15000989511181476,0.0,LOG_TRAIN_P99
grouped_iid,RCSE_V2_FULL,SEVERE_EVIDENCE_LOSS,2224,0,0.0,0,,,,0.09999999999999999,1.0,0.0,0.0,LOG_TRAIN_P99
temporal,ARGMAX_V1,CONTRADICTION,18805,0,0.0,0,,,,0.10010635469290084,0.999734113267748,0.0,0.00026588673225206064,LOG_TRAIN_P90
temporal,ARGMAX_V1,MISSINGNESS,7010,0,0.0,0,,,,0.1843138373751783,0.670756062767475,0.09871611982881598,0.23052781740370898,LOG_TRAIN_P90
temporal,ARGMAX_V1,NATURAL,9442,0,0.0,0,,,,0.08817199745816565,0.8286380004236391,0.16744333827578903,0.003918661300571912,LOG_TRAIN_P90
temporal,ARGMAX_V1,SEVERE_EVIDENCE_LOSS,2323,0,0.0,0,,,,0.48760223848471795,0.0,0.02582866982350409,0.9741713301764959,LOG_TRAIN_P90
temporal,CONFIDENCE_THRESHOLD_V1,CONTRADICTION,18805,0,0.0,0,,,,0.1,1.0,0.0,0.0,LOG_TRAIN_P90
temporal,CONFIDENCE_THRESHOLD_V1,MISSINGNESS,7010,0,0.0,0,,,,0.1,1.0,0.0,0.0,LOG_TRAIN_P90
temporal,CONFIDENCE_THRESHOLD_V1,NATURAL,9442,0,0.0,0,,,,0.10000000000000002,1.0,0.0,0.0,LOG_TRAIN_P90
temporal,CONFIDENCE_THRESHOLD_V1,SEVERE_EVIDENCE_LOSS,2323,0,0.0,0,,,,0.09999999999999998,1.0,0.0,0.0,LOG_TRAIN_P90
temporal,VOI_BLIND_V1,CONTRADICTION,18805,0,0.0,0,,,,0.1,1.0,0.0,0.0,LOG_TRAIN_P90
temporal,VOI_BLIND_V1,MISSINGNESS,7010,0,0.0,0,,,,0.1,1.0,0.0,0.0,LOG_TRAIN_P90
temporal,VOI_BLIND_V1,NATURAL,9442,0,0.0,0,,,,0.0942385087905105,0.9279813598813811,0.07201864011861894,0.0,LOG_TRAIN_P90
temporal,VOI_BLIND_V1,SEVERE_EVIDENCE_LOSS,2323,0,0.0,0,,,,0.09999999999999998,1.0,0.0,0.0,LOG_TRAIN_P90
temporal,RCSE_V1_FULL,CONTRADICTION,18805,0,0.0,0,,,,0.1,1.0,0.0,0.0,LOG_TRAIN_P90
temporal,RCSE_V1_FULL,MISSINGNESS,7010,0,0.0,0,,,,0.1,1.0,0.0,0.0,LOG_TRAIN_P90
temporal,RCSE_V1_FULL,NATURAL,9442,0,0.0,0,,,,0.09426392713408177,0.928299089176022,0.07170091082397798,0.0,LOG_TRAIN_P90
temporal,RCSE_V1_FULL,SEVERE_EVIDENCE_LOSS,2323,0,0.0,0,,,,0.09999999999999998,1.0,0.0,0.0,LOG_TRAIN_P90
temporal,V2_SAFETY_NO_GATE,CONTRADICTION,18805,17096,0.9091199149162457,17096,1.0,1.0,1.0,0.6693046558899194,0.09088008508375432,0.0,0.0,LOG_TRAIN_P90
temporal,V2_SAFETY_NO_GATE,MISSINGNESS,7010,4301,0.6135520684736091,4301,1.0,1.0,1.0,0.4878893173677371,0.3864479315263909,0.0,0.0,LOG_TRAIN_P90
temporal,V2_SAFETY_NO_GATE,NATURAL,9442,7072,0.748993857233637,67,0.009473981900452488,0.01719799770047629,0.010550773472056683,0.025122966868878507,0.1793052319423851,0.07170091082397798,0.0,LOG_TRAIN_P90
temporal,V2_SAFETY_NO_GATE,SEVERE_EVIDENCE_LOSS,2323,0,0.0,0,,,,0.09999999999999998,1.0,0.0,0.0,LOG_TRAIN_P90
temporal,V2_GATE_MULTICLASS_EXECUTE,CONTRADICTION,18805,0,0.0,0,,,,0.1,1.0,0.0,0.0,LOG_TRAIN_P90
temporal,V2_GATE_MULTICLASS_EXECUTE,MISSINGNESS,7010,0,0.0,0,,,,0.1,1.0,0.0,0.0,LOG_TRAIN_P90
temporal,V2_GATE_MULTICLASS_EXECUTE,NATURAL,9442,0,0.0,0,,,,0.09426392713408177,0.928299089176022,0.07170091082397798,0.0,LOG_TRAIN_P90
temporal,V2_GATE_MULTICLASS_EXECUTE,SEVERE_EVIDENCE_LOSS,2323,0,0.0,0,,,,0.09999999999999998,1.0,0.0,0.0,LOG_TRAIN_P90
temporal,RCSE_V2_NO_GATHER,CONTRADICTION,18805,1350,0.07178941770805637,1350,1.0,1.0,1.0,0.1452503203335066,0.9282105822919436,0.0,0.0,LOG_TRAIN_P90
temporal,RCSE_V2_NO_GATHER,MISSINGNESS,7010,0,0.0,0,,,,0.1,1.0,0.0,0.0,LOG_TRAIN_P90
temporal,RCSE_V2_NO_GATHER,NATURAL,9442,6882,0.7288710019063758,67,0.00973554199360651,0.017667252103771718,0.010825406180012728,0.032871325267522865,0.27112899809362423,0.0,0.0,LOG_TRAIN_P90
temporal,RCSE_V2_NO_GATHER,SEVERE_EVIDENCE_LOSS,2323,0,0.0,0,,,,0.09999999999999998,1.0,0.0,0.0,LOG_TRAIN_P90
temporal,RCSE_V2_FULL,CONTRADICTION,18805,1350,0.07178941770805637,1350,1.0,1.0,1.0,0.1452503203335066,0.9282105822919436,0.0,0.0,LOG_TRAIN_P90
temporal,RCSE_V2_FULL,MISSINGNESS,7010,0,0.0,0,,,,0.1,1.0,0.0,0.0,LOG_TRAIN_P90
temporal,RCSE_V2_FULL,NATURAL,9442,6882,0.7288710019063758,67,0.00973554199360651,0.017667252103771718,0.010825406180012728,0.027135252401604623,0.19942808726964625,0.07170091082397798,0.0,LOG_TRAIN_P90
temporal,RCSE_V2_FULL,SEVERE_EVIDENCE_LOSS,2323,0,0.0,0,,,,0.09999999999999998,1.0,0.0,0.0,LOG_TRAIN_P90
temporal,ARGMAX_V1,CONTRADICTION,18805,0,0.0,0,,,,0.10010635469290084,0.999734113267748,0.0,0.00026588673225206064,UNIFORM
temporal,ARGMAX_V1,MISSINGNESS,7010,0,0.0,0,,,,0.1843138373751783,0.670756062767475,0.09871611982881598,0.23052781740370898,UNIFORM
temporal,ARGMAX_V1,NATURAL,9442,0,0.0,0,,,,0.08817199745816565,0.8286380004236391,0.16744333827578903,0.003918661300571912,UNIFORM
temporal,ARGMAX_V1,SEVERE_EVIDENCE_LOSS,2323,0,0.0,0,,,,0.48760223848471795,0.0,0.02582866982350409,0.9741713301764959,UNIFORM
temporal,CONFIDENCE_THRESHOLD_V1,CONTRADICTION,18805,0,0.0,0,,,,0.1,1.0,0.0,0.0,UNIFORM
temporal,CONFIDENCE_THRESHOLD_V1,MISSINGNESS,7010,0,0.0,0,,,,0.1,1.0,0.0,0.0,UNIFORM
temporal,CONFIDENCE_THRESHOLD_V1,NATURAL,9442,0,0.0,0,,,,0.10000000000000002,1.0,0.0,0.0,UNIFORM
temporal,CONFIDENCE_THRESHOLD_V1,SEVERE_EVIDENCE_LOSS,2323,0,0.0,0,,,,0.09999999999999998,1.0,0.0,0.0,UNIFORM
temporal,VOI_BLIND_V1,CONTRADICTION,18805,0,0.0,0,,,,0.1,1.0,0.0,0.0,UNIFORM
temporal,VOI_BLIND_V1,MISSINGNESS,7010,0,0.0,0,,,,0.1,1.0,0.0,0.0,UNIFORM
temporal,VOI_BLIND_V1,NATURAL,9442,0,0.0,0,,,,0.0942385087905105,0.9279813598813811,0.07201864011861894,0.0,UNIFORM
temporal,VOI_BLIND_V1,SEVERE_EVIDENCE_LOSS,2323,0,0.0,0,,,,0.09999999999999998,1.0,0.0,0.0,UNIFORM
temporal,RCSE_V1_FULL,CONTRADICTION,18805,0,0.0,0,,,,0.1,1.0,0.0,0.0,UNIFORM
temporal,RCSE_V1_FULL,MISSINGNESS,7010,0,0.0,0,,,,0.1,1.0,0.0,0.0,UNIFORM
temporal,RCSE_V1_FULL,NATURAL,9442,0,0.0,0,,,,0.0942385087905105,0.9279813598813811,0.07201864011861894,0.0,UNIFORM
temporal,RCSE_V1_FULL,SEVERE_EVIDENCE_LOSS,2323,0,0.0,0,,,,0.09999999999999998,1.0,0.0,0.0,UNIFORM
temporal,V2_SAFETY_NO_GATE,CONTRADICTION,18805,17097,0.909173092262696,17097,1.0,1.0,1.0,0.9182557830364264,0.09082690773730391,0.0,0.0,UNIFORM
temporal,V2_SAFETY_NO_GATE,MISSINGNESS,7010,4301,0.6135520684736091,4301,1.0,1.0,1.0,0.6521968616262481,0.3864479315263909,0.0,0.0,UNIFORM
temporal,V2_SAFETY_NO_GATE,NATURAL,9442,7073,0.7490997669985172,67,0.009472642443093454,0.01691047328685102,0.009472642443093454,0.02642448633764033,0.1788815928828638,0.07201864011861894,0.0,UNIFORM
temporal,V2_SAFETY_NO_GATE,SEVERE_EVIDENCE_LOSS,2323,0,0.0,0,,,,0.09999999999999998,1.0,0.0,0.0,UNIFORM
temporal,V2_GATE_MULTICLASS_EXECUTE,CONTRADICTION,18805,0,0.0,0,,,,0.1,1.0,0.0,0.0,UNIFORM
temporal,V2_GATE_MULTICLASS_EXECUTE,MISSINGNESS,7010,0,0.0,0,,,,0.1,1.0,0.0,0.0,UNIFORM
temporal,V2_GATE_MULTICLASS_EXECUTE,NATURAL,9442,0,0.0,0,,,,0.0942385087905105,0.9279813598813811,0.07201864011861894,0.0,UNIFORM
temporal,V2_GATE_MULTICLASS_EXECUTE,SEVERE_EVIDENCE_LOSS,2323,0,0.0,0,,,,0.09999999999999998,1.0,0.0,0.0,UNIFORM
temporal,RCSE_V2_NO_GATHER,CONTRADICTION,18805,1350,0.07178941770805637,1350,1.0,1.0,1.0,0.16461047593725073,0.9282105822919436,0.0,0.0,UNIFORM
temporal,RCSE_V2_NO_GATHER,MISSINGNESS,7010,0,0.0,0,,,,0.1,1.0,0.0,0.0,UNIFORM
temporal,RCSE_V2_NO_GATHER,NATURAL,9442,6883,0.7289769116712561,67,0.00973412756065669,0.017363961539803845,0.00973412756065669,0.03419826307985597,0.2710230883287439,0.0,0.0,UNIFORM
temporal,RCSE_V2_NO_GATHER,SEVERE_EVIDENCE_LOSS,2323,0,0.0,0,,,,0.09999999999999998,1.0,0.0,0.0,UNIFORM
temporal,RCSE_V2_FULL,CONTRADICTION,18805,1350,0.07178941770805637,1350,1.0,1.0,1.0,0.16461047593725073,0.9282105822919436,0.0,0.0,UNIFORM
temporal,RCSE_V2_FULL,MISSINGNESS,7010,0,0.0,0,,,,0.1,1.0,0.0,0.0,UNIFORM
temporal,RCSE_V2_FULL,NATURAL,9442,6883,0.7289769116712561,67,0.00973412756065669,0.017363961539803845,0.00973412756065669,0.02843677187036645,0.19900444821012497,0.07201864011861894,0.0,UNIFORM
temporal,RCSE_V2_FULL,SEVERE_EVIDENCE_LOSS,2323,0,0.0,0,,,,0.09999999999999998,1.0,0.0,0.0,UNIFORM
temporal,ARGMAX_V1,CONTRADICTION,18805,0,0.0,0,,,,0.10010635469290084,0.999734113267748,0.0,0.00026588673225206064,LOG_TRAIN_P50
temporal,ARGMAX_V1,MISSINGNESS,7010,0,0.0,0,,,,0.1843138373751783,0.670756062767475,0.09871611982881598,0.23052781740370898,LOG_TRAIN_P50
temporal,ARGMAX_V1,NATURAL,9442,0,0.0,0,,,,0.08817199745816565,0.8286380004236391,0.16744333827578903,0.003918661300571912,LOG_TRAIN_P50
temporal,ARGMAX_V1,SEVERE_EVIDENCE_LOSS,2323,0,0.0,0,,,,0.48760223848471795,0.0,0.02582866982350409,0.9741713301764959,LOG_TRAIN_P50
temporal,CONFIDENCE_THRESHOLD_V1,CONTRADICTION,18805,0,0.0,0,,,,0.1,1.0,0.0,0.0,LOG_TRAIN_P50
temporal,CONFIDENCE_THRESHOLD_V1,MISSINGNESS,7010,0,0.0,0,,,,0.1,1.0,0.0,0.0,LOG_TRAIN_P50
temporal,CONFIDENCE_THRESHOLD_V1,NATURAL,9442,0,0.0,0,,,,0.10000000000000002,1.0,0.0,0.0,LOG_TRAIN_P50
temporal,CONFIDENCE_THRESHOLD_V1,SEVERE_EVIDENCE_LOSS,2323,0,0.0,0,,,,0.09999999999999998,1.0,0.0,0.0,LOG_TRAIN_P50
temporal,VOI_BLIND_V1,CONTRADICTION,18805,0,0.0,0,,,,0.1,1.0,0.0,0.0,LOG_TRAIN_P50
temporal,VOI_BLIND_V1,MISSINGNESS,7010,0,0.0,0,,,,0.1,1.0,0.0,0.0,LOG_TRAIN_P50
temporal,VOI_BLIND_V1,NATURAL,9442,0,0.0,0,,,,0.0942385087905105,0.9279813598813811,0.07201864011861894,0.0,LOG_TRAIN_P50
temporal,VOI_BLIND_V1,SEVERE_EVIDENCE_LOSS,2323,0,0.0,0,,,,0.09999999999999998,1.0,0.0,0.0,LOG_TRAIN_P50
temporal,RCSE_V1_FULL,CONTRADICTION,18805,0,0.0,0,,,,0.1,1.0,0.0,0.0,LOG_TRAIN_P50
temporal,RCSE_V1_FULL,MISSINGNESS,7010,0,0.0,0,,,,0.1,1.0,0.0,0.0,LOG_TRAIN_P50
temporal,RCSE_V1_FULL,NATURAL,9442,0,0.0,0,,,,0.09443338275789029,0.9304172844736285,0.06958271552637153,0.0,LOG_TRAIN_P50
temporal,RCSE_V1_FULL,SEVERE_EVIDENCE_LOSS,2323,0,0.0,0,,,,0.09999999999999998,1.0,0.0,0.0,LOG_TRAIN_P50
temporal,V2_SAFETY_NO_GATE,CONTRADICTION,18805,16468,0.8757245413453869,16468,1.0,1.0,1.0,0.8869443173796603,0.12427545865461313,0.0,0.0,LOG_TRAIN_P50
temporal,V2_SAFETY_NO_GATE,MISSINGNESS,7010,4126,0.5885877318116975,4126,1.0,1.0,1.0,0.6323898808376271,0.4114122681883024,0.0,0.0,LOG_TRAIN_P50
temporal,V2_SAFETY_NO_GATE,NATURAL,9442,6803,0.7205041304808303,58,0.008525650448331618,0.007848382842676816,0.009079883858014086,0.028935958940042326,0.20991315399279814,0.06958271552637153,0.0,LOG_TRAIN_P50
temporal,V2_SAFETY_NO_GATE,SEVERE_EVIDENCE_LOSS,2323,0,0.0,0,,,,0.09999999999999998,1.0,0.0,0.0,LOG_TRAIN_P50
temporal,V2_GATE_MULTICLASS_EXECUTE,CONTRADICTION,18805,0,0.0,0,,,,0.1,1.0,0.0,0.0,LOG_TRAIN_P50
temporal,V2_GATE_MULTICLASS_EXECUTE,MISSINGNESS,7010,0,0.0,0,,,,0.1,1.0,0.0,0.0,LOG_TRAIN_P50
temporal,V2_GATE_MULTICLASS_EXECUTE,NATURAL,9442,0,0.0,0,,,,0.09443338275789029,0.9304172844736285,0.06958271552637153,0.0,LOG_TRAIN_P50
temporal,V2_GATE_MULTICLASS_EXECUTE,SEVERE_EVIDENCE_LOSS,2323,0,0.0,0,,,,0.09999999999999998,1.0,0.0,0.0,LOG_TRAIN_P50
temporal,RCSE_V2_NO_GATHER,CONTRADICTION,18805,1307,0.06950279181068865,1307,1.0,1.0,1.0,0.16300632330502487,0.9304972081893114,0.0,0.0,LOG_TRAIN_P50
temporal,RCSE_V2_NO_GATHER,MISSINGNESS,7010,0,0.0,0,,,,0.1,1.0,0.0,0.0,LOG_TRAIN_P50
temporal,RCSE_V2_NO_GATHER,NATURAL,9442,6629,0.7020758313916543,58,0.008749434303816564,0.007972492471584896,0.009296080431135927,0.03634540609106965,0.2979241686083457,0.0,0.0,LOG_TRAIN_P50
temporal,RCSE_V2_NO_GATHER,SEVERE_EVIDENCE_LOSS,2323,0,0.0,0,,,,0.09999999999999998,1.0,0.0,0.0,LOG_TRAIN_P50
temporal,RCSE_V2_FULL,CONTRADICTION,18805,1307,0.06950279181068865,1307,1.0,1.0,1.0,0.16300632330502487,0.9304972081893114,0.0,0.0,LOG_TRAIN_P50
temporal,RCSE_V2_FULL,MISSINGNESS,7010,0,0.0,0,,,,0.1,1.0,0.0,0.0,LOG_TRAIN_P50
temporal,RCSE_V2_FULL,NATURAL,9442,6629,0.7020758313916543,58,0.008749434303816564,0.007972492471584896,0.009296080431135927,0.030778788848959928,0.22834145308197415,0.06958271552637153,0.0,LOG_TRAIN_P50
temporal,RCSE_V2_FULL,SEVERE_EVIDENCE_LOSS,2323,0,0.0,0,,,,0.09999999999999998,1.0,0.0,0.0,LOG_TRAIN_P50
temporal,ARGMAX_V1,CONTRADICTION,18805,0,0.0,0,,,,0.10010635469290084,0.999734113267748,0.0,0.00026588673225206064,LOG_TRAIN_P99
temporal,ARGMAX_V1,MISSINGNESS,7010,0,0.0,0,,,,0.1843138373751783,0.670756062767475,0.09871611982881598,0.23052781740370898,LOG_TRAIN_P99
temporal,ARGMAX_V1,NATURAL,9442,0,0.0,0,,,,0.08817199745816565,0.8286380004236391,0.16744333827578903,0.003918661300571912,LOG_TRAIN_P99
temporal,ARGMAX_V1,SEVERE_EVIDENCE_LOSS,2323,0,0.0,0,,,,0.48760223848471795,0.0,0.02582866982350409,0.9741713301764959,LOG_TRAIN_P99
temporal,CONFIDENCE_THRESHOLD_V1,CONTRADICTION,18805,0,0.0,0,,,,0.1,1.0,0.0,0.0,LOG_TRAIN_P99
temporal,CONFIDENCE_THRESHOLD_V1,MISSINGNESS,7010,0,0.0,0,,,,0.1,1.0,0.0,0.0,LOG_TRAIN_P99
temporal,CONFIDENCE_THRESHOLD_V1,NATURAL,9442,0,0.0,0,,,,0.10000000000000002,1.0,0.0,0.0,LOG_TRAIN_P99
temporal,CONFIDENCE_THRESHOLD_V1,SEVERE_EVIDENCE_LOSS,2323,0,0.0,0,,,,0.09999999999999998,1.0,0.0,0.0,LOG_TRAIN_P99
temporal,VOI_BLIND_V1,CONTRADICTION,18805,0,0.0,0,,,,0.1,1.0,0.0,0.0,LOG_TRAIN_P99
temporal,VOI_BLIND_V1,MISSINGNESS,7010,0,0.0,0,,,,0.1,1.0,0.0,0.0,LOG_TRAIN_P99
temporal,VOI_BLIND_V1,NATURAL,9442,0,0.0,0,,,,0.0942385087905105,0.9279813598813811,0.07201864011861894,0.0,LOG_TRAIN_P99
temporal,VOI_BLIND_V1,SEVERE_EVIDENCE_LOSS,2323,0,0.0,0,,,,0.09999999999999998,1.0,0.0,0.0,LOG_TRAIN_P99
temporal,RCSE_V1_FULL,CONTRADICTION,18805,0,0.0,0,,,,0.1,1.0,0.0,0.0,LOG_TRAIN_P99
temporal,RCSE_V1_FULL,MISSINGNESS,7010,0,0.0,0,,,,0.1,1.0,0.0,0.0,LOG_TRAIN_P99
temporal,RCSE_V1_FULL,NATURAL,9442,0,0.0,0,,,,0.0942385087905105,0.9279813598813811,0.07201864011861894,0.0,LOG_TRAIN_P99
temporal,RCSE_V1_FULL,SEVERE_EVIDENCE_LOSS,2323,0,0.0,0,,,,0.09999999999999998,1.0,0.0,0.0,LOG_TRAIN_P99
temporal,V2_SAFETY_NO_GATE,CONTRADICTION,18805,17097,0.909173092262696,17097,1.0,1.0,1.0,0.5515382801181754,0.09082690773730391,0.0,0.0,LOG_TRAIN_P99
temporal,V2_SAFETY_NO_GATE,MISSINGNESS,7010,4301,0.6135520684736091,4301,1.0,1.0,1.0,0.4077156721626829,0.3864479315263909,0.0,0.0,LOG_TRAIN_P99
temporal,V2_SAFETY_NO_GATE,NATURAL,9442,7073,0.7490997669985172,67,0.009472642443093454,0.01691047328685102,0.010547817484566745,0.02405929013221813,0.1788815928828638,0.07201864011861894,0.0,LOG_TRAIN_P99
temporal,V2_SAFETY_NO_GATE,SEVERE_EVIDENCE_LOSS,2323,0,0.0,0,,,,0.09999999999999998,1.0,0.0,0.0,LOG_TRAIN_P99
temporal,V2_GATE_MULTICLASS_EXECUTE,CONTRADICTION,18805,0,0.0,0,,,,0.1,1.0,0.0,0.0,LOG_TRAIN_P99
temporal,V2_GATE_MULTICLASS_EXECUTE,MISSINGNESS,7010,0,0.0,0,,,,0.1,1.0,0.0,0.0,LOG_TRAIN_P99
temporal,V2_GATE_MULTICLASS_EXECUTE,NATURAL,9442,0,0.0,0,,,,0.0942385087905105,0.9279813598813811,0.07201864011861894,0.0,LOG_TRAIN_P99
temporal,V2_GATE_MULTICLASS_EXECUTE,SEVERE_EVIDENCE_LOSS,2323,0,0.0,0,,,,0.09999999999999998,1.0,0.0,0.0,LOG_TRAIN_P99
temporal,RCSE_V2_NO_GATHER,CONTRADICTION,18805,1350,0.07178941770805637,1350,1.0,1.0,1.0,0.13589362296327595,0.9282105822919436,0.0,0.0,LOG_TRAIN_P99
temporal,RCSE_V2_NO_GATHER,MISSINGNESS,7010,0,0.0,0,,,,0.1,1.0,0.0,0.0,LOG_TRAIN_P99
temporal,RCSE_V2_NO_GATHER,NATURAL,9442,6883,0.7289769116712561,67,0.00973412756065669,0.017363961539803845,0.010822294325903096,0.031833066874433755,0.2710230883287439,0.0,0.0,LOG_TRAIN_P99
temporal,RCSE_V2_NO_GATHER,SEVERE_EVIDENCE_LOSS,2323,0,0.0,0,,,,0.09999999999999998,1.0,0.0,0.0,LOG_TRAIN_P99
temporal,RCSE_V2_FULL,CONTRADICTION,18805,1350,0.07178941770805637,1350,1.0,1.0,1.0,0.13589362296327595,0.9282105822919436,0.0,0.0,LOG_TRAIN_P99
temporal,RCSE_V2_FULL,MISSINGNESS,7010,0,0.0,0,,,,0.1,1.0,0.0,0.0,LOG_TRAIN_P99
temporal,RCSE_V2_FULL,NATURAL,9442,6883,0.7289769116712561,67,0.00973412756065669,0.017363961539803845,0.010822294325903096,0.026071575664944245,0.19900444821012497,0.07201864011861894,0.0,LOG_TRAIN_P99
temporal,RCSE_V2_FULL,SEVERE_EVIDENCE_LOSS,2323,0,0.0,0,,,,0.09999999999999998,1.0,0.0,0.0,LOG_TRAIN_P99
ood_exposure,ARGMAX_V1,CONTRADICTION,1195,69,0.05774058577405858,69,1.0,1.0,1.0,0.16608444395886185,0.8451882845188284,0.09707112970711297,0.0,LOG_TRAIN_P90
ood_exposure,ARGMAX_V1,MISSINGNESS,496,4,0.008064516129032258,4,1.0,1.0,1.0,0.0821318484963946,0.6169354838709677,0.375,0.0,LOG_TRAIN_P90
ood_exposure,ARGMAX_V1,NATURAL,677,12,0.01772525849335303,7,0.5833333333333334,0.6219504218719341,0.5865352959509771,0.0887072751367777,0.6853766617429837,0.2968980797636632,0.0,LOG_TRAIN_P90
ood_exposure,ARGMAX_V1,SEVERE_EVIDENCE_LOSS,168,3,0.017857142857142856,3,1.0,1.0,1.0,0.445589130387913,0.03571428571428571,0.11904761904761904,0.8273809523809523,LOG_TRAIN_P90
ood_exposure,CONFIDENCE_THRESHOLD_V1,CONTRADICTION,1195,44,0.03682008368200837,44,1.0,1.0,1.0,0.14782727474593862,0.9631799163179916,0.0,0.0,LOG_TRAIN_P90
ood_exposure,CONFIDENCE_THRESHOLD_V1,MISSINGNESS,496,4,0.008064516129032258,4,1.0,1.0,1.0,0.11213184849639461,0.9919354838709677,0.0,0.0,LOG_TRAIN_P90
ood_exposure,CONFIDENCE_THRESHOLD_V1,NATURAL,677,8,0.011816838995568686,6,0.75,0.7642327120663194,0.751144323051337,0.1110644350145249,0.9881831610044313,0.0,0.0,LOG_TRAIN_P90
ood_exposure,CONFIDENCE_THRESHOLD_V1,SEVERE_EVIDENCE_LOSS,168,2,0.011904761904761904,2,1.0,1.0,1.0,0.11474409168741208,0.9880952380952381,0.0,0.0,LOG_TRAIN_P90
ood_exposure,VOI_BLIND_V1,CONTRADICTION,1195,5,0.0041841004184100415,5,1.0,1.0,1.0,0.10621984710164496,0.99581589958159,0.0,0.0,LOG_TRAIN_P90
ood_exposure,VOI_BLIND_V1,MISSINGNESS,496,2,0.004032258064516129,2,1.0,1.0,1.0,0.10652277516249672,0.9959677419354839,0.0,0.0,LOG_TRAIN_P90
ood_exposure,VOI_BLIND_V1,NATURAL,677,0,0.0,0,,,,0.09125553914327915,0.8906942392909897,0.10930576070901034,0.0,LOG_TRAIN_P90
ood_exposure,VOI_BLIND_V1,SEVERE_EVIDENCE_LOSS,168,0,0.0,0,,,,0.09999999999999998,1.0,0.0,0.0,LOG_TRAIN_P90
ood_exposure,RCSE_V1_FULL,CONTRADICTION,1195,3,0.002510460251046025,3,1.0,1.0,1.0,0.10391274730360417,0.9974895397489539,0.0,0.0,LOG_TRAIN_P90
ood_exposure,RCSE_V1_FULL,MISSINGNESS,496,2,0.004032258064516129,2,1.0,1.0,1.0,0.10652277516249672,0.9959677419354839,0.0,0.0,LOG_TRAIN_P90
ood_exposure,RCSE_V1_FULL,NATURAL,677,0,0.0,0,,,,0.0927917282127031,0.9098966026587888,0.09010339734121123,0.0,LOG_TRAIN_P90
ood_exposure,RCSE_V1_FULL,SEVERE_EVIDENCE_LOSS,168,0,0.0,0,,,,0.09999999999999998,1.0,0.0,0.0,LOG_TRAIN_P90
ood_exposure,V2_SAFETY_NO_GATE,CONTRADICTION,1195,52,0.04351464435146443,52,1.0,1.0,1.0,0.1514097296586126,0.9564853556485355,0.0,0.0,LOG_TRAIN_P90
ood_exposure,V2_SAFETY_NO_GATE,MISSINGNESS,496,70,0.14112903225806453,70,1.0,1.0,1.0,0.27073838342786544,0.8588709677419355,0.0,0.0,LOG_TRAIN_P90
ood_exposure,V2_SAFETY_NO_GATE,NATURAL,677,22,0.03249630723781388,3,0.13636363636363635,0.1972968170530433,0.1414060501313749,0.09543834818811345,0.8774002954209749,0.09010339734121123,0.0,LOG_TRAIN_P90
ood_exposure,V2_SAFETY_NO_GATE,SEVERE_EVIDENCE_LOSS,168,0,0.0,0,,,,0.09999999999999998,1.0,0.0,0.0,LOG_TRAIN_P90
ood_exposure,V2_GATE_MULTICLASS_EXECUTE,CONTRADICTION,1195,0,0.0,0,,,,0.1,1.0,0.0,0.0,LOG_TRAIN_P90
ood_exposure,V2_GATE_MULTICLASS_EXECUTE,MISSINGNESS,496,0,0.0,0,,,,0.10000000000000002,1.0,0.0,0.0,LOG_TRAIN_P90
ood_exposure,V2_GATE_MULTICLASS_EXECUTE,NATURAL,677,0,0.0,0,,,,0.0927917282127031,0.9098966026587888,0.09010339734121123,0.0,LOG_TRAIN_P90
ood_exposure,V2_GATE_MULTICLASS_EXECUTE,SEVERE_EVIDENCE_LOSS,168,0,0.0,0,,,,0.09999999999999998,1.0,0.0,0.0,LOG_TRAIN_P90
ood_exposure,RCSE_V2_NO_GATHER,CONTRADICTION,1195,2,0.0016736401673640166,2,1.0,1.0,1.0,0.10200814846548871,0.998326359832636,0.0,0.0,LOG_TRAIN_P90
ood_exposure,RCSE_V2_NO_GATHER,MISSINGNESS,496,0,0.0,0,,,,0.10000000000000002,1.0,0.0,0.0,LOG_TRAIN_P90
ood_exposure,RCSE_V2_NO_GATHER,NATURAL,677,21,0.0310192023633678,3,0.14285714285714285,0.2189791487320273,0.14866864098022028,0.10279433046285494,0.9689807976366323,0.0,0.0,LOG_TRAIN_P90
ood_exposure,RCSE_V2_NO_GATHER,SEVERE_EVIDENCE_LOSS,168,0,0.0,0,,,,0.09999999999999998,1.0,0.0,0.0,LOG_TRAIN_P90
ood_exposure,RCSE_V2_FULL,CONTRADICTION,1195,2,0.0016736401673640166,2,1.0,1.0,1.0,0.10200814846548871,0.998326359832636,0.0,0.0,LOG_TRAIN_P90
ood_exposure,RCSE_V2_FULL,MISSINGNESS,496,0,0.0,0,,,,0.10000000000000002,1.0,0.0,0.0,LOG_TRAIN_P90
ood_exposure,RCSE_V2_FULL,NATURAL,677,21,0.0310192023633678,3,0.14285714285714285,0.2189791487320273,0.14866864098022028,0.09558605867555804,0.8788774002954209,0.09010339734121123,0.0,LOG_TRAIN_P90
ood_exposure,RCSE_V2_FULL,SEVERE_EVIDENCE_LOSS,168,0,0.0,0,,,,0.09999999999999998,1.0,0.0,0.0,LOG_TRAIN_P90
ood_exposure,ARGMAX_V1,CONTRADICTION,1195,69,0.05774058577405858,69,1.0,1.0,1.0,0.14420083682008367,0.8451882845188284,0.09707112970711297,0.0,UNIFORM
ood_exposure,ARGMAX_V1,MISSINGNESS,496,4,0.008064516129032258,4,1.0,1.0,1.0,0.07725806451612903,0.6169354838709677,0.375,0.0,UNIFORM
ood_exposure,ARGMAX_V1,NATURAL,677,12,0.01772525849335303,7,0.5833333333333334,0.6219504218719341,0.5833333333333334,0.08481536189069425,0.6853766617429837,0.2968980797636632,0.0,UNIFORM
ood_exposure,ARGMAX_V1,SEVERE_EVIDENCE_LOSS,168,3,0.017857142857142856,3,1.0,1.0,1.0,0.4375,0.03571428571428571,0.11904761904761904,0.8273809523809523,UNIFORM
ood_exposure,CONFIDENCE_THRESHOLD_V1,CONTRADICTION,1195,44,0.03682008368200837,44,1.0,1.0,1.0,0.13313807531380753,0.9631799163179916,0.0,0.0,UNIFORM
ood_exposure,CONFIDENCE_THRESHOLD_V1,MISSINGNESS,496,4,0.008064516129032258,4,1.0,1.0,1.0,0.10725806451612904,0.9919354838709677,0.0,0.0,UNIFORM
ood_exposure,CONFIDENCE_THRESHOLD_V1,NATURAL,677,8,0.011816838995568686,6,0.75,0.7642327120663194,0.75,0.10768094534711964,0.9881831610044313,0.0,0.0,UNIFORM
ood_exposure,CONFIDENCE_THRESHOLD_V1,SEVERE_EVIDENCE_LOSS,168,2,0.011904761904761904,2,1.0,1.0,1.0,0.11071428571428572,0.9880952380952381,0.0,0.0,UNIFORM
ood_exposure,VOI_BLIND_V1,CONTRADICTION,1195,5,0.0041841004184100415,5,1.0,1.0,1.0,0.10376569037656903,0.99581589958159,0.0,0.0,UNIFORM
ood_exposure,VOI_BLIND_V1,MISSINGNESS,496,2,0.004032258064516129,2,1.0,1.0,1.0,0.10362903225806452,0.9959677419354839,0.0,0.0,UNIFORM
ood_exposure,VOI_BLIND_V1,NATURAL,677,0,0.0,0,,,,0.09125553914327915,0.8906942392909897,0.10930576070901034,0.0,UNIFORM
ood_exposure,VOI_BLIND_V1,SEVERE_EVIDENCE_LOSS,168,0,0.0,0,,,,0.09999999999999998,1.0,0.0,0.0,UNIFORM
ood_exposure,RCSE_V1_FULL,CONTRADICTION,1195,4,0.0033472803347280333,4,1.0,1.0,1.0,0.10301255230125522,0.9966527196652719,0.0,0.0,UNIFORM
ood_exposure,RCSE_V1_FULL,MISSINGNESS,496,2,0.004032258064516129,2,1.0,1.0,1.0,0.10362903225806452,0.9959677419354839,0.0,0.0,UNIFORM
ood_exposure,RCSE_V1_FULL,NATURAL,677,0,0.0,0,,,,0.09243722304283603,0.9054652880354506,0.09453471196454949,0.0,UNIFORM
ood_exposure,RCSE_V1_FULL,SEVERE_EVIDENCE_LOSS,168,0,0.0,0,,,,0.09999999999999998,1.0,0.0,0.0,UNIFORM
ood_exposure,V2_SAFETY_NO_GATE,CONTRADICTION,1195,81,0.06778242677824267,81,1.0,1.0,1.0,0.16100418410041842,0.9322175732217574,0.0,0.0,UNIFORM
ood_exposure,V2_SAFETY_NO_GATE,MISSINGNESS,496,86,0.17338709677419356,86,1.0,1.0,1.0,0.2560483870967742,0.8266129032258065,0.0,0.0,UNIFORM
ood_exposure,V2_SAFETY_NO_GATE,NATURAL,677,37,0.05465288035450517,6,0.16216216216216217,0.19495757667567487,0.16216216216216217,0.09583456425406203,0.8508124076809453,0.09453471196454949,0.0,UNIFORM
ood_exposure,V2_SAFETY_NO_GATE,SEVERE_EVIDENCE_LOSS,168,0,0.0,0,,,,0.09999999999999998,1.0,0.0,0.0,UNIFORM
ood_exposure,V2_GATE_MULTICLASS_EXECUTE,CONTRADICTION,1195,0,0.0,0,,,,0.1,1.0,0.0,0.0,UNIFORM
ood_exposure,V2_GATE_MULTICLASS_EXECUTE,MISSINGNESS,496,0,0.0,0,,,,0.10000000000000002,1.0,0.0,0.0,UNIFORM
ood_exposure,V2_GATE_MULTICLASS_EXECUTE,NATURAL,677,0,0.0,0,,,,0.09243722304283603,0.9054652880354506,0.09453471196454949,0.0,UNIFORM
ood_exposure,V2_GATE_MULTICLASS_EXECUTE,SEVERE_EVIDENCE_LOSS,168,0,0.0,0,,,,0.09999999999999998,1.0,0.0,0.0,UNIFORM
ood_exposure,RCSE_V2_NO_GATHER,CONTRADICTION,1195,2,0.0016736401673640166,2,1.0,1.0,1.0,0.1015062761506276,0.998326359832636,0.0,0.0,UNIFORM
ood_exposure,RCSE_V2_NO_GATHER,MISSINGNESS,496,0,0.0,0,,,,0.10000000000000002,1.0,0.0,0.0,UNIFORM
ood_exposure,RCSE_V2_NO_GATHER,NATURAL,677,36,0.053175775480059084,6,0.16666666666666666,0.20848914117862372,0.16666666666666666,0.10354505169867059,0.946824224519941,0.0,0.0,UNIFORM
ood_exposure,RCSE_V2_NO_GATHER,SEVERE_EVIDENCE_LOSS,168,0,0.0,0,,,,0.09999999999999998,1.0,0.0,0.0,UNIFORM
ood_exposure,RCSE_V2_FULL,CONTRADICTION,1195,2,0.0016736401673640166,2,1.0,1.0,1.0,0.1015062761506276,0.998326359832636,0.0,0.0,UNIFORM
ood_exposure,RCSE_V2_FULL,MISSINGNESS,496,0,0.0,0,,,,0.10000000000000002,1.0,0.0,0.0,UNIFORM
ood_exposure,RCSE_V2_FULL,NATURAL,677,36,0.053175775480059084,6,0.16666666666666666,0.20848914117862372,0.16666666666666666,0.09598227474150663,0.8522895125553914,0.09453471196454949,0.0,UNIFORM
ood_exposure,RCSE_V2_FULL,SEVERE_EVIDENCE_LOSS,168,0,0.0,0,,,,0.09999999999999998,1.0,0.0,0.0,UNIFORM
ood_exposure,ARGMAX_V1,CONTRADICTION,1195,69,0.05774058577405858,69,1.0,1.0,1.0,0.19711506894025752,0.8451882845188284,0.09707112970711297,0.0,LOG_TRAIN_P50
ood_exposure,ARGMAX_V1,MISSINGNESS,496,4,0.008064516129032258,4,1.0,1.0,1.0,0.08717407905348003,0.6169354838709677,0.375,0.0,LOG_TRAIN_P50
ood_exposure,ARGMAX_V1,NATURAL,677,12,0.01772525849335303,7,0.5833333333333334,0.6219504218719341,0.5865352959509771,0.09425354061418943,0.6853766617429837,0.2968980797636632,0.0,LOG_TRAIN_P50
ood_exposure,ARGMAX_V1,SEVERE_EVIDENCE_LOSS,168,3,0.017857142857142856,3,1.0,1.0,1.0,0.45570074402289845,0.03571428571428571,0.11904761904761904,0.8273809523809523,LOG_TRAIN_P50
ood_exposure,CONFIDENCE_THRESHOLD_V1,CONTRADICTION,1195,44,0.03682008368200837,44,1.0,1.0,1.0,0.16790113909424176,0.9631799163179916,0.0,0.0,LOG_TRAIN_P50
ood_exposure,CONFIDENCE_THRESHOLD_V1,MISSINGNESS,496,4,0.008064516129032258,4,1.0,1.0,1.0,0.11717407905348004,0.9919354838709677,0.0,0.0,LOG_TRAIN_P50
ood_exposure,CONFIDENCE_THRESHOLD_V1,NATURAL,677,8,0.011816838995568686,6,0.75,0.7642327120663194,0.751144323051337,0.11583691319733591,0.9881831610044313,0.0,0.0,LOG_TRAIN_P50
ood_exposure,CONFIDENCE_THRESHOLD_V1,SEVERE_EVIDENCE_LOSS,168,2,0.011904761904761904,2,1.0,1.0,1.0,0.12095400832167699,0.9880952380952381,0.0,0.0,LOG_TRAIN_P50
ood_exposure,VOI_BLIND_V1,CONTRADICTION,1195,5,0.0041841004184100415,5,1.0,1.0,1.0,0.10880686570006363,0.99581589958159,0.0,0.0,LOG_TRAIN_P50
ood_exposure,VOI_BLIND_V1,MISSINGNESS,496,2,0.004032258064516129,2,1.0,1.0,1.0,0.10922193142174429,0.9959677419354839,0.0,0.0,LOG_TRAIN_P50
ood_exposure,VOI_BLIND_V1,NATURAL,677,0,0.0,0,,,,0.09125553914327915,0.8906942392909897,0.10930576070901034,0.0,LOG_TRAIN_P50
ood_exposure,VOI_BLIND_V1,SEVERE_EVIDENCE_LOSS,168,0,0.0,0,,,,0.09999999999999998,1.0,0.0,0.0,LOG_TRAIN_P50
ood_exposure,RCSE_V1_FULL,CONTRADICTION,1195,3,0.002510460251046025,3,1.0,1.0,1.0,0.1055354338836068,0.9974895397489539,0.0,0.0,LOG_TRAIN_P50
ood_exposure,RCSE_V1_FULL,MISSINGNESS,496,2,0.004032258064516129,2,1.0,1.0,1.0,0.10922193142174429,0.9959677419354839,0.0,0.0,LOG_TRAIN_P50
ood_exposure,RCSE_V1_FULL,NATURAL,677,0,0.0,0,,,,0.0971639586410635,0.9645494830132939,0.03545051698670606,0.0,LOG_TRAIN_P50
ood_exposure,RCSE_V1_FULL,SEVERE_EVIDENCE_LOSS,168,0,0.0,0,,,,0.09999999999999998,1.0,0.0,0.0,LOG_TRAIN_P50
ood_exposure,V2_SAFETY_NO_GATE,CONTRADICTION,1195,43,0.03598326359832636,43,1.0,1.0,1.0,0.16066684773230433,0.9640167364016736,0.0,0.0,LOG_TRAIN_P50
ood_exposure,V2_SAFETY_NO_GATE,MISSINGNESS,496,61,0.12298387096774194,61,1.0,1.0,1.0,0.3117890801007523,0.8770161290322581,0.0,0.0,LOG_TRAIN_P50
ood_exposure,V2_SAFETY_NO_GATE,NATURAL,677,18,0.026587887740029542,3,0.16666666666666666,0.2280652344030576,0.17199617364550038,0.10269926921689039,0.9379615952732644,0.03545051698670606,0.0,LOG_TRAIN_P50
ood_exposure,V2_SAFETY_NO_GATE,SEVERE_EVIDENCE_LOSS,168,0,0.0,0,,,,0.09999999999999998,1.0,0.0,0.0,LOG_TRAIN_P50
ood_exposure,V2_GATE_MULTICLASS_EXECUTE,CONTRADICTION,1195,0,0.0,0,,,,0.1,1.0,0.0,0.0,LOG_TRAIN_P50
ood_exposure,V2_GATE_MULTICLASS_EXECUTE,MISSINGNESS,496,0,0.0,0,,,,0.10000000000000002,1.0,0.0,0.0,LOG_TRAIN_P50
ood_exposure,V2_GATE_MULTICLASS_EXECUTE,NATURAL,677,0,0.0,0,,,,0.0971639586410635,0.9645494830132939,0.03545051698670606,0.0,LOG_TRAIN_P50
ood_exposure,V2_GATE_MULTICLASS_EXECUTE,SEVERE_EVIDENCE_LOSS,168,0,0.0,0,,,,0.09999999999999998,1.0,0.0,0.0,LOG_TRAIN_P50
ood_exposure,RCSE_V2_NO_GATHER,CONTRADICTION,1195,2,0.0016736401673640166,2,1.0,1.0,1.0,0.10285597510596935,0.998326359832636,0.0,0.0,LOG_TRAIN_P50
ood_exposure,RCSE_V2_NO_GATHER,MISSINGNESS,496,0,0.0,0,,,,0.10000000000000002,1.0,0.0,0.0,LOG_TRAIN_P50
ood_exposure,RCSE_V2_NO_GATHER,NATURAL,677,17,0.025110782865583457,3,0.17647058823529413,0.25754280213364983,0.18286156658012667,0.10568302106327147,0.9748892171344166,0.0,0.0,LOG_TRAIN_P50
ood_exposure,RCSE_V2_NO_GATHER,SEVERE_EVIDENCE_LOSS,168,0,0.0,0,,,,0.09999999999999998,1.0,0.0,0.0,LOG_TRAIN_P50
ood_exposure,RCSE_V2_FULL,CONTRADICTION,1195,2,0.0016736401673640166,2,1.0,1.0,1.0,0.10285597510596935,0.998326359832636,0.0,0.0,LOG_TRAIN_P50
ood_exposure,RCSE_V2_FULL,MISSINGNESS,496,0,0.0,0,,,,0.10000000000000002,1.0,0.0,0.0,LOG_TRAIN_P50
ood_exposure,RCSE_V2_FULL,NATURAL,677,17,0.025110782865583457,3,0.17647058823529413,0.25754280213364983,0.18286156658012667,0.10284697970433501,0.9394387001477105,0.03545051698670606,0.0,LOG_TRAIN_P50
ood_exposure,RCSE_V2_FULL,SEVERE_EVIDENCE_LOSS,168,0,0.0,0,,,,0.09999999999999998,1.0,0.0,0.0,LOG_TRAIN_P50
ood_exposure,ARGMAX_V1,CONTRADICTION,1195,69,0.05774058577405858,69,1.0,1.0,1.0,0.15250573618792954,0.8451882845188284,0.09707112970711297,0.0,LOG_TRAIN_P99
ood_exposure,ARGMAX_V1,MISSINGNESS,496,4,0.008064516129032258,4,1.0,1.0,1.0,0.079925416131936,0.6169354838709677,0.375,0.0,LOG_TRAIN_P99
ood_exposure,ARGMAX_V1,NATURAL,677,12,0.01772525849335303,7,0.5833333333333334,0.6219504218719341,0.586535295950977,0.08628028186213572,0.6853766617429837,0.2968980797636632,0.0,LOG_TRAIN_P99
ood_exposure,ARGMAX_V1,SEVERE_EVIDENCE_LOSS,168,3,0.017857142857142856,3,1.0,1.0,1.0,0.4411643839729001,0.03571428571428571,0.11904761904761904,0.8273809523809523,LOG_TRAIN_P99
ood_exposure,CONFIDENCE_THRESHOLD_V1,CONTRADICTION,1195,44,0.03682008368200837,44,1.0,1.0,1.0,0.13904314171663723,0.9631799163179916,0.0,0.0,LOG_TRAIN_P99
ood_exposure,CONFIDENCE_THRESHOLD_V1,MISSINGNESS,496,4,0.008064516129032258,4,1.0,1.0,1.0,0.10992541613193603,0.9919354838709677,0.0,0.0,LOG_TRAIN_P99
ood_exposure,CONFIDENCE_THRESHOLD_V1,NATURAL,677,8,0.011816838995568686,6,0.75,0.7642327120663194,0.751144323051337,0.108976043735703,0.9881831610044313,0.0,0.0,LOG_TRAIN_P99
ood_exposure,CONFIDENCE_THRESHOLD_V1,SEVERE_EVIDENCE_LOSS,168,2,0.011904761904761904,2,1.0,1.0,1.0,0.11202669094833284,0.9880952380952381,0.0,0.0,LOG_TRAIN_P99
ood_exposure,VOI_BLIND_V1,CONTRADICTION,1195,5,0.0041841004184100415,5,1.0,1.0,1.0,0.10508779225044698,0.99581589958159,0.0,0.0,LOG_TRAIN_P99
ood_exposure,VOI_BLIND_V1,MISSINGNESS,496,2,0.004032258064516129,2,1.0,1.0,1.0,0.10534164993236102,0.9959677419354839,0.0,0.0,LOG_TRAIN_P99
ood_exposure,VOI_BLIND_V1,NATURAL,677,0,0.0,0,,,,0.09125553914327915,0.8906942392909897,0.10930576070901034,0.0,LOG_TRAIN_P99
ood_exposure,VOI_BLIND_V1,SEVERE_EVIDENCE_LOSS,168,0,0.0,0,,,,0.09999999999999998,1.0,0.0,0.0,LOG_TRAIN_P99
ood_exposure,RCSE_V1_FULL,CONTRADICTION,1195,4,0.0033472803347280333,4,1.0,1.0,1.0,0.10415802455272524,0.9966527196652719,0.0,0.0,LOG_TRAIN_P99
ood_exposure,RCSE_V1_FULL,MISSINGNESS,496,2,0.004032258064516129,2,1.0,1.0,1.0,0.10534164993236102,0.9959677419354839,0.0,0.0,LOG_TRAIN_P99
ood_exposure,RCSE_V1_FULL,NATURAL,677,0,0.0,0,,,,0.09243722304283603,0.9054652880354506,0.09453471196454949,0.0,LOG_TRAIN_P99
ood_exposure,RCSE_V1_FULL,SEVERE_EVIDENCE_LOSS,168,0,0.0,0,,,,0.09999999999999998,1.0,0.0,0.0,LOG_TRAIN_P99
ood_exposure,V2_SAFETY_NO_GATE,CONTRADICTION,1195,73,0.06108786610878661,73,1.0,1.0,1.0,0.15851876317304375,0.9389121338912134,0.0,0.0,LOG_TRAIN_P99
ood_exposure,V2_SAFETY_NO_GATE,MISSINGNESS,496,84,0.1693548387096774,84,1.0,1.0,1.0,0.2658139709429454,0.8306451612903226,0.0,0.0,LOG_TRAIN_P99
ood_exposure,V2_SAFETY_NO_GATE,NATURAL,677,32,0.047267355982274745,4,0.125,0.17179407600347568,0.12848328776362716,0.09411794635460666,0.8581979320531757,0.09453471196454949,0.0,LOG_TRAIN_P99
ood_exposure,V2_SAFETY_NO_GATE,SEVERE_EVIDENCE_LOSS,168,0,0.0,0,,,,0.09999999999999998,1.0,0.0,0.0,LOG_TRAIN_P99
ood_exposure,V2_GATE_MULTICLASS_EXECUTE,CONTRADICTION,1195,0,0.0,0,,,,0.1,1.0,0.0,0.0,LOG_TRAIN_P99
ood_exposure,V2_GATE_MULTICLASS_EXECUTE,MISSINGNESS,496,0,0.0,0,,,,0.10000000000000002,1.0,0.0,0.0,LOG_TRAIN_P99
ood_exposure,V2_GATE_MULTICLASS_EXECUTE,NATURAL,677,0,0.0,0,,,,0.09243722304283603,0.9054652880354506,0.09453471196454949,0.0,LOG_TRAIN_P99
ood_exposure,V2_GATE_MULTICLASS_EXECUTE,SEVERE_EVIDENCE_LOSS,168,0,0.0,0,,,,0.09999999999999998,1.0,0.0,0.0,LOG_TRAIN_P99
ood_exposure,RCSE_V2_NO_GATHER,CONTRADICTION,1195,2,0.0016736401673640166,2,1.0,1.0,1.0,0.10163714755273236,0.998326359832636,0.0,0.0,LOG_TRAIN_P99
ood_exposure,RCSE_V2_NO_GATHER,MISSINGNESS,496,0,0.0,0,,,,0.10000000000000002,1.0,0.0,0.0,LOG_TRAIN_P99
ood_exposure,RCSE_V2_NO_GATHER,NATURAL,677,31,0.04579025110782865,4,0.12903225806451613,0.18577814541345122,0.1329889068737565,0.10182843379921522,0.9542097488921714,0.0,0.0,LOG_TRAIN_P99
ood_exposure,RCSE_V2_NO_GATHER,SEVERE_EVIDENCE_LOSS,168,0,0.0,0,,,,0.09999999999999998,1.0,0.0,0.0,LOG_TRAIN_P99
ood_exposure,RCSE_V2_FULL,CONTRADICTION,1195,2,0.0016736401673640166,2,1.0,1.0,1.0,0.10163714755273236,0.998326359832636,0.0,0.0,LOG_TRAIN_P99
ood_exposure,RCSE_V2_FULL,MISSINGNESS,496,0,0.0,0,,,,0.10000000000000002,1.0,0.0,0.0,LOG_TRAIN_P99
ood_exposure,RCSE_V2_FULL,NATURAL,677,31,0.04579025110782865,4,0.12903225806451613,0.18577814541345122,0.1329889068737565,0.09426565684205127,0.8596750369276218,0.09453471196454949,0.0,LOG_TRAIN_P99
ood_exposure,RCSE_V2_FULL,SEVERE_EVIDENCE_LOSS,168,0,0.0,0,,,,0.09999999999999998,1.0,0.0,0.0,LOG_TRAIN_P99
