regime,consequence_mode,comparison,left_policy,right_policy,autonomous_execution_coverage_left,autonomous_execution_coverage_right,autonomous_execution_coverage_delta_left_minus_right,unsafe_execution_rate_left,unsafe_execution_rate_right,unsafe_execution_rate_delta_left_minus_right,raw_exposure_weighted_unsafe_rate_left,raw_exposure_weighted_unsafe_rate_right,raw_exposure_weighted_unsafe_rate_delta_left_minus_right,consequence_weighted_unsafe_rate_left,consequence_weighted_unsafe_rate_right,consequence_weighted_unsafe_rate_delta_left_minus_right,mean_realized_normalized_loss_left,mean_realized_normalized_loss_right,mean_realized_normalized_loss_delta_left_minus_right,human_escalation_rate_left,human_escalation_rate_right,human_escalation_rate_delta_left_minus_right,gather_rate_left,gather_rate_right,gather_rate_delta_left_minus_right,abstention_rate_left,abstention_rate_right,abstention_rate_delta_left_minus_right
grouped_iid,LOG_TRAIN_P50,GATHER_CONTRIBUTION,RCSE_V2_FULL,RCSE_V2_NO_GATHER,0.16733931038218802,0.16733931038218802,0.0,0.16898672709614762,0.16898672709614762,0.0,0.20407440054543494,0.20407440054543494,0.0,0.17091269757179964,0.17091269757179964,0.0,0.1079570353482265,0.1110448762973313,-0.003087840949104803,0.794062677754002,0.8326606896178119,-0.038598011863809956,0.03859801186380996,0.0,0.03859801186380996,0.0,0.0,0.0
grouped_iid,LOG_TRAIN_P50,EVIDENCE_GATE_CONTRIBUTION,RCSE_V2_FULL,V2_SAFETY_NO_GATE,0.16733931038218802,0.5699504320268697,-0.40261112164468166,0.16898672709614762,0.7541583499667333,-0.5851716228705857,0.20407440054543494,0.7649551896948875,-0.5608807891494526,0.17091269757179964,0.7537667734673188,-0.5828540758955192,0.1079570353482265,0.45543058350382126,-0.3474735481555948,0.794062677754002,0.3914515561093204,0.40261112164468155,0.03859801186380996,0.03859801186380996,0.0,0.0,0.0,0.0
grouped_iid,LOG_TRAIN_P50,DEDICATED_SAFETY_BELIEF_CONTRIBUTION,RCSE_V2_FULL,V2_GATE_MULTICLASS_EXECUTE,0.16733931038218802,0.0,0.16733931038218802,0.16898672709614762,,,0.20407440054543494,,,0.17091269757179964,,,0.1079570353482265,0.09691215905089522,0.01104487629733128,0.794062677754002,0.96140198813619,-0.16733931038218808,0.03859801186380996,0.03859801186380996,0.0,0.0,0.0,0.0
grouped_iid,LOG_TRAIN_P50,CONSEQUENCE_AWARE_VS_VOI_BLIND,RCSE_V2_FULL,VOI_BLIND_V1,0.16733931038218802,0.0,0.16733931038218802,0.16898672709614762,,,0.20407440054543494,,,0.17091269757179964,,,0.1079570353482265,0.09647661095912675,0.011480424389099742,0.794062677754002,0.9559576369890842,-0.16189495923508224,0.03859801186380996,0.04404236301091579,-0.005444351147105828,0.0,0.0,0.0
grouped_iid,LOG_TRAIN_P50,V2_VS_V1,RCSE_V2_FULL,RCSE_V1_FULL,0.16733931038218802,0.0,0.16733931038218802,0.16898672709614762,,,0.20407440054543494,,,0.17091269757179964,,,0.1079570353482265,0.09691215905089522,0.01104487629733128,0.794062677754002,0.96140198813619,-0.16733931038218808,0.03859801186380996,0.03859801186380996,0.0,0.0,0.0,0.0
grouped_iid,LOG_TRAIN_P90,GATHER_CONTRIBUTION,RCSE_V2_FULL,RCSE_V2_NO_GATHER,0.172702402556949,0.172702402556949,0.0,0.1689146800501882,0.1689146800501882,0.0,0.20063101011965698,0.20063101011965698,0.0,0.17079059237208455,0.17079059237208455,0.0,0.10018423528297621,0.10346493085977948,-0.003280695576803272,0.7862889027330101,0.827297597443051,-0.04100869471004087,0.0410086947100409,0.0,0.0410086947100409,0.0,0.0,0.0
grouped_iid,LOG_TRAIN_P90,EVIDENCE_GATE_CONTRIBUTION,RCSE_V2_FULL,V2_SAFETY_NO_GATE,0.172702402556949,0.58755654270159,-0.41485414014464095,0.1689146800501882,0.7537801954637654,-0.5848655154135772,0.20063101011965698,0.7645379543824574,-0.5639069442628004,0.17079059237208455,0.7532986297677587,-0.5825080373956741,0.10018423528297621,0.3477769478579692,-0.247592712574993,0.7862889027330101,0.3714347625883691,0.414854140144641,0.0410086947100409,0.0410086947100409,0.0,0.0,0.0,0.0
grouped_iid,LOG_TRAIN_P90,DEDICATED_SAFETY_BELIEF_CONTRIBUTION,RCSE_V2_FULL,V2_GATE_MULTICLASS_EXECUTE,0.172702402556949,0.0,0.172702402556949,0.1689146800501882,,,0.20063101011965698,,,0.17079059237208455,,,0.10018423528297621,0.09671930442319675,0.003464930859779461,0.7862889027330101,0.9589913052899591,-0.17270240255694902,0.0410086947100409,0.0410086947100409,0.0,0.0,0.0,0.0
grouped_iid,LOG_TRAIN_P90,CONSEQUENCE_AWARE_VS_VOI_BLIND,RCSE_V2_FULL,VOI_BLIND_V1,0.172702402556949,0.0,0.172702402556949,0.1689146800501882,,,0.20063101011965698,,,0.17079059237208455,,,0.10018423528297621,0.09647661095912675,0.003707624323849454,0.7862889027330101,0.9559576369890842,-0.1696687342560741,0.0410086947100409,0.04404236301091579,-0.0030336683008748908,0.0,0.0,0.0
grouped_iid,LOG_TRAIN_P90,V2_VS_V1,RCSE_V2_FULL,RCSE_V1_FULL,0.172702402556949,0.0,0.172702402556949,0.1689146800501882,,,0.20063101011965698,,,0.17079059237208455,,,0.10018423528297621,0.09671930442319675,0.003464930859779461,0.7862889027330101,0.9589913052899591,-0.17270240255694902,0.0410086947100409,0.0410086947100409,0.0,0.0,0.0,0.0
grouped_iid,LOG_TRAIN_P99,GATHER_CONTRIBUTION,RCSE_V2_FULL,RCSE_V2_NO_GATHER,0.17289200682575367,0.17289200682575367,0.0,0.1690427698574338,0.1690427698574338,0.0,0.20288607746642398,0.20288607746642398,0.0,0.1710052241463958,0.1710052241463958,0.0,0.09650624489155929,0.09979127428022096,-0.003285029388661667,0.7860451258159755,0.8271079931742463,-0.041062867358270805,0.04106286735827081,0.0,0.04106286735827081,0.0,0.0,0.0
grouped_iid,LOG_TRAIN_P99,EVIDENCE_GATE_CONTRIBUTION,RCSE_V2_FULL,V2_SAFETY_NO_GATE,0.17289200682575367,0.588721254638533,-0.4158292478127793,0.1690427698574338,0.7539912583390844,-0.5849484884816506,0.20288607746642398,0.7703877471255651,-0.5675016696591412,0.1710052241463958,0.7536677462674365,-0.5826625221210406,0.09650624489155929,0.29324838100380796,-0.19674213611224867,0.7860451258159755,0.37021587800319616,0.41582924781277936,0.04106286735827081,0.04106286735827081,0.0,0.0,0.0,0.0
grouped_iid,LOG_TRAIN_P99,DEDICATED_SAFETY_BELIEF_CONTRIBUTION,RCSE_V2_FULL,V2_GATE_MULTICLASS_EXECUTE,0.17289200682575367,0.0,0.17289200682575367,0.1690427698574338,,,0.20288607746642398,,,0.1710052241463958,,,0.09650624489155929,0.09671497061133835,-0.00020872571977906262,0.7860451258159755,0.9589371326417292,-0.17289200682575367,0.04106286735827081,0.04106286735827081,0.0,0.0,0.0,0.0
grouped_iid,LOG_TRAIN_P99,CONSEQUENCE_AWARE_VS_VOI_BLIND,RCSE_V2_FULL,VOI_BLIND_V1,0.17289200682575367,0.0,0.17289200682575367,0.1690427698574338,,,0.20288607746642398,,,0.1710052241463958,,,0.09650624489155929,0.09647661095912675,2.9633932432535093e-05,0.7860451258159755,0.9559576369890842,-0.16991251117310868,0.04106286735827081,0.04404236301091579,-0.0029794956526449784,0.0,0.0,0.0
grouped_iid,LOG_TRAIN_P99,V2_VS_V1,RCSE_V2_FULL,RCSE_V1_FULL,0.17289200682575367,0.0,0.17289200682575367,0.1690427698574338,,,0.20288607746642398,,,0.1710052241463958,,,0.09650624489155929,0.09671497061133835,-0.00020872571977906262,0.7860451258159755,0.9589371326417292,-0.17289200682575367,0.04106286735827081,0.04106286735827081,0.0,0.0,0.0,0.0
grouped_iid,UNIFORM,GATHER_CONTRIBUTION,RCSE_V2_FULL,RCSE_V2_NO_GATHER,0.17289200682575367,0.17289200682575367,0.0,0.1690427698574338,0.1690427698574338,0.0,0.20288607746642398,0.20288607746642398,0.0,0.1690427698574338,0.1690427698574338,0.0,0.10865191364879874,0.11193694303746042,-0.003285029388661681,0.7860451258159755,0.8271079931742463,-0.041062867358270805,0.04106286735827081,0.0,0.04106286735827081,0.0,0.0,0.0
grouped_iid,UNIFORM,EVIDENCE_GATE_CONTRIBUTION,RCSE_V2_FULL,V2_SAFETY_NO_GATE,0.17289200682575367,0.588721254638533,-0.4158292478127793,0.1690427698574338,0.7539912583390844,-0.5849484884816506,0.20288607746642398,0.7703877471255651,-0.5675016696591412,0.1690427698574338,0.7539912583390844,-0.5849484884816506,0.10865191364879874,0.48173352474335707,-0.37308161109455834,0.7860451258159755,0.37021587800319616,0.41582924781277936,0.04106286735827081,0.04106286735827081,0.0,0.0,0.0,0.0
grouped_iid,UNIFORM,DEDICATED_SAFETY_BELIEF_CONTRIBUTION,RCSE_V2_FULL,V2_GATE_MULTICLASS_EXECUTE,0.17289200682575367,0.0,0.17289200682575367,0.1690427698574338,,,0.20288607746642398,,,0.1690427698574338,,,0.10865191364879874,0.09671497061133835,0.011936943037460387,0.7860451258159755,0.9589371326417292,-0.17289200682575367,0.04106286735827081,0.04106286735827081,0.0,0.0,0.0,0.0
grouped_iid,UNIFORM,CONSEQUENCE_AWARE_VS_VOI_BLIND,RCSE_V2_FULL,VOI_BLIND_V1,0.17289200682575367,0.0,0.17289200682575367,0.1690427698574338,,,0.20288607746642398,,,0.1690427698574338,,,0.10865191364879874,0.09647661095912675,0.012175302689671985,0.7860451258159755,0.9559576369890842,-0.16991251117310868,0.04106286735827081,0.04404236301091579,-0.0029794956526449784,0.0,0.0,0.0
grouped_iid,UNIFORM,V2_VS_V1,RCSE_V2_FULL,RCSE_V1_FULL,0.17289200682575367,0.0,0.17289200682575367,0.1690427698574338,,,0.20288607746642398,,,0.1690427698574338,,,0.10865191364879874,0.09671497061133835,0.011936943037460387,0.7860451258159755,0.9589371326417292,-0.17289200682575367,0.04106286735827081,0.04106286735827081,0.0,0.0,0.0,0.0
ood_exposure,LOG_TRAIN_P50,GATHER_CONTRIBUTION,RCSE_V2_FULL,RCSE_V2_NO_GATHER,0.00749211356466877,0.00749211356466877,0.0,0.2631578947368421,0.2631578947368421,0.0,0.3424090896201,0.3424090896201,0.0,0.2698209907572308,0.2698209907572308,0.0,0.10210579476004264,0.10286289255184076,-0.0007570977917981253,0.9830441640378549,0.9925078864353313,-0.009463722397476393,0.00946372239747634,0.0,0.00946372239747634,0.0,0.0,0.0
ood_exposure,LOG_TRAIN_P50,EVIDENCE_GATE_CONTRIBUTION,RCSE_V2_FULL,V2_SAFETY_NO_GATE,0.00749211356466877,0.04810725552050473,-0.04061514195583596,0.2631578947368421,0.8770491803278688,-0.6138912855910268,0.3424090896201,0.9364415787855657,-0.5940324891654656,0.2698209907572308,0.8787193870813078,-0.608898396324077,0.10210579476004264,0.17073015458592727,-0.06862435982588463,0.9830441640378549,0.942429022082019,0.04061514195583593,0.00946372239747634,0.00946372239747634,0.0,0.0,0.0,0.0
ood_exposure,LOG_TRAIN_P50,DEDICATED_SAFETY_BELIEF_CONTRIBUTION,RCSE_V2_FULL,V2_GATE_MULTICLASS_EXECUTE,0.00749211356466877,0.0,0.00749211356466877,0.2631578947368421,,,0.3424090896201,,,0.2698209907572308,,,0.10210579476004264,0.09924290220820188,0.0028628925518407594,0.9830441640378549,0.9905362776025236,-0.007492113564668723,0.00946372239747634,0.00946372239747634,0.0,0.0,0.0,0.0
ood_exposure,LOG_TRAIN_P50,CONSEQUENCE_AWARE_VS_VOI_BLIND,RCSE_V2_FULL,VOI_BLIND_V1,0.00749211356466877,0.0027602523659305996,0.00473186119873817,0.2631578947368421,1.0,-0.736842105263158,0.3424090896201,1.0,-0.6575909103799,0.2698209907572308,1.0,-0.7301790092427691,0.10210579476004264,0.1036191965681235,-0.0015134018080808637,0.9830441640378549,0.9680599369085173,0.014984227129337557,0.00946372239747634,0.02917981072555205,-0.01971608832807571,0.0,0.0,0.0
ood_exposure,LOG_TRAIN_P50,V2_VS_V1,RCSE_V2_FULL,RCSE_V1_FULL,0.00749211356466877,0.001971608832807571,0.005520504731861199,0.2631578947368421,1.0,-0.736842105263158,0.3424090896201,1.0,-0.6575909103799,0.2698209907572308,1.0,-0.7301790092427691,0.10210579476004264,0.10365493749057383,-0.0015491427305311944,0.9830441640378549,0.988564668769716,-0.005520504731861164,0.00946372239747634,0.00946372239747634,0.0,0.0,0.0,0.0
ood_exposure,LOG_TRAIN_P90,GATHER_CONTRIBUTION,RCSE_V2_FULL,RCSE_V2_NO_GATHER,0.009069400630914827,0.009069400630914827,0.0,0.21739130434782608,0.21739130434782608,0.0,0.2962075994110268,0.2962075994110268,0.0,0.22382155497408596,0.22382155497408596,0.0,0.09976794130110875,0.10169223152192895,-0.0019242902208202045,0.9668769716088328,0.9909305993690851,-0.024053627760252327,0.024053627760252366,0.0,0.024053627760252366,0.0,0.0,0.0
ood_exposure,LOG_TRAIN_P90,EVIDENCE_GATE_CONTRIBUTION,RCSE_V2_FULL,V2_SAFETY_NO_GATE,0.009069400630914827,0.056782334384858045,-0.04771293375394322,0.21739130434782608,0.8680555555555556,-0.6506642512077295,0.2962075994110268,0.9299207614242957,-0.6337131620132689,0.22382155497408596,0.8700760150783563,-0.6462544601042703,0.09976794130110875,0.1564008780936972,-0.05663293679258846,0.9668769716088328,0.9191640378548895,0.047712933753943254,0.024053627760252366,0.024053627760252366,0.0,0.0,0.0,0.0
ood_exposure,LOG_TRAIN_P90,DEDICATED_SAFETY_BELIEF_CONTRIBUTION,RCSE_V2_FULL,V2_GATE_MULTICLASS_EXECUTE,0.009069400630914827,0.0,0.009069400630914827,0.21739130434782608,,,0.2962075994110268,,,0.22382155497408596,,,0.09976794130110875,0.0980757097791798,0.0016922315219289469,0.9668769716088328,0.9759463722397477,-0.009069400630914881,0.024053627760252366,0.024053627760252366,0.0,0.0,0.0,0.0
ood_exposure,LOG_TRAIN_P90,CONSEQUENCE_AWARE_VS_VOI_BLIND,RCSE_V2_FULL,VOI_BLIND_V1,0.009069400630914827,0.0027602523659305996,0.006309148264984228,0.21739130434782608,1.0,-0.782608695652174,0.2962075994110268,1.0,-0.7037924005889732,0.22382155497408596,1.0,-0.776178445025914,0.09976794130110875,0.10187224517628711,-0.002104303875178362,0.9668769716088328,0.9680599369085173,-0.0011829652996845352,0.024053627760252366,0.02917981072555205,-0.005126182965299684,0.0,0.0,0.0
ood_exposure,LOG_TRAIN_P90,V2_VS_V1,RCSE_V2_FULL,RCSE_V1_FULL,0.009069400630914827,0.001971608832807571,0.0070977917981072565,0.21739130434782608,1.0,-0.782608695652174,0.2962075994110268,1.0,-0.7037924005889732,0.22382155497408596,1.0,-0.776178445025914,0.09976794130110875,0.10119520091025447,-0.0014272596091457201,0.9668769716088328,0.9739747634069401,-0.007097791798107322,0.024053627760252366,0.024053627760252366,0.0,0.0,0.0,0.0
ood_exposure,LOG_TRAIN_P99,GATHER_CONTRIBUTION,RCSE_V2_FULL,RCSE_V2_NO_GATHER,0.013012618296529969,0.013012618296529969,0.0,0.18181818181818182,0.18181818181818182,0.0,0.24698184548772847,0.24698184548772847,0.0,0.18675284197502437,0.18675284197502437,0.0,0.09924063131213876,0.10125955875693371,-0.0020189274447949546,0.9617507886435331,0.98698738170347,-0.025236593059936863,0.025236593059936908,0.0,0.025236593059936908,0.0,0.0,0.0
ood_exposure,LOG_TRAIN_P99,EVIDENCE_GATE_CONTRIBUTION,RCSE_V2_FULL,V2_SAFETY_NO_GATE,0.013012618296529969,0.07452681388012618,-0.06151419558359621,0.18181818181818182,0.8518518518518519,-0.67003367003367,0.24698184548772847,0.9162831238289264,-0.6693012783411979,0.18675284197502437,0.8540727811894367,-0.6673199392144123,0.09924063131213876,0.15843513456686,-0.059194503254721254,0.9617507886435331,0.9002365930599369,0.061514195583596276,0.025236593059936908,0.025236593059936908,0.0,0.0,0.0,0.0
ood_exposure,LOG_TRAIN_P99,DEDICATED_SAFETY_BELIEF_CONTRIBUTION,RCSE_V2_FULL,V2_GATE_MULTICLASS_EXECUTE,0.013012618296529969,0.0,0.013012618296529969,0.18181818181818182,,,0.24698184548772847,,,0.18675284197502437,,,0.09924063131213876,0.09798107255520504,0.001259558756933718,0.9617507886435331,0.9747634069400631,-0.013012618296529999,0.025236593059936908,0.025236593059936908,0.0,0.0,0.0,0.0
ood_exposure,LOG_TRAIN_P99,CONSEQUENCE_AWARE_VS_VOI_BLIND,RCSE_V2_FULL,VOI_BLIND_V1,0.013012618296529969,0.0027602523659305996,0.01025236593059937,0.18181818181818182,1.0,-0.8181818181818181,0.24698184548772847,1.0,-0.7530181545122715,0.18675284197502437,1.0,-0.8132471580249756,0.09924063131213876,0.10110779578301861,-0.0018671644708798535,0.9617507886435331,0.9680599369085173,-0.006309148264984188,0.025236593059936908,0.02917981072555205,-0.003943217665615142,0.0,0.0,0.0
ood_exposure,LOG_TRAIN_P99,V2_VS_V1,RCSE_V2_FULL,RCSE_V1_FULL,0.013012618296529969,0.002365930599369085,0.010646687697160883,0.18181818181818182,1.0,-0.8181818181818181,0.24698184548772847,1.0,-0.7530181545122715,0.18675284197502437,1.0,-0.8132471580249756,0.09924063131213876,0.10098513316520416,-0.0017445018530654055,0.9617507886435331,0.972397476340694,-0.010646687697160817,0.025236593059936908,0.025236593059936908,0.0,0.0,0.0,0.0
ood_exposure,UNIFORM,GATHER_CONTRIBUTION,RCSE_V2_FULL,RCSE_V2_NO_GATHER,0.01498422712933754,0.01498422712933754,0.0,0.21052631578947367,0.21052631578947367,0.0,0.2597883486341137,0.2597883486341137,0.0,0.21052631578947367,0.21052631578947367,0.0,0.0996372239747634,0.10165615141955835,-0.0020189274447949407,0.9597791798107256,0.9850157728706624,-0.025236593059936863,0.025236593059936908,0.0,0.025236593059936908,0.0,0.0,0.0
ood_exposure,UNIFORM,EVIDENCE_GATE_CONTRIBUTION,RCSE_V2_FULL,V2_SAFETY_NO_GATE,0.01498422712933754,0.0804416403785489,-0.06545741324921135,0.21052631578947367,0.8480392156862745,-0.6375128998968008,0.2597883486341137,0.9095105052934085,-0.6497221566592948,0.21052631578947367,0.8480392156862745,-0.6375128998968008,0.0996372239747634,0.15815457413249212,-0.058517350157728715,0.9597791798107256,0.8943217665615142,0.0654574132492114,0.025236593059936908,0.025236593059936908,0.0,0.0,0.0,0.0
ood_exposure,UNIFORM,DEDICATED_SAFETY_BELIEF_CONTRIBUTION,RCSE_V2_FULL,V2_GATE_MULTICLASS_EXECUTE,0.01498422712933754,0.0,0.01498422712933754,0.21052631578947367,,,0.2597883486341137,,,0.21052631578947367,,,0.0996372239747634,0.09798107255520504,0.0016561514195583688,0.9597791798107256,0.9747634069400631,-0.014984227129337557,0.025236593059936908,0.025236593059936908,0.0,0.0,0.0,0.0
ood_exposure,UNIFORM,CONSEQUENCE_AWARE_VS_VOI_BLIND,RCSE_V2_FULL,VOI_BLIND_V1,0.01498422712933754,0.0027602523659305996,0.01222397476340694,0.21052631578947367,1.0,-0.7894736842105263,0.2597883486341137,1.0,-0.7402116513658863,0.21052631578947367,1.0,-0.7894736842105263,0.0996372239747634,0.10014984227129337,-0.0005126182965299597,0.9597791798107256,0.9680599369085173,-0.008280757097791747,0.025236593059936908,0.02917981072555205,-0.003943217665615142,0.0,0.0,0.0
ood_exposure,UNIFORM,V2_VS_V1,RCSE_V2_FULL,RCSE_V1_FULL,0.01498422712933754,0.002365930599369085,0.012618296529968456,0.21052631578947367,1.0,-0.7894736842105263,0.2597883486341137,1.0,-0.7402116513658863,0.21052631578947367,1.0,-0.7894736842105263,0.0996372239747634,0.10011041009463723,-0.00047318611987381964,0.9597791798107256,0.972397476340694,-0.012618296529968376,0.025236593059936908,0.025236593059936908,0.0,0.0,0.0,0.0
temporal,LOG_TRAIN_P50,GATHER_CONTRIBUTION,RCSE_V2_FULL,RCSE_V2_NO_GATHER,0.21117615753060137,0.21117615753060137,0.0,0.17200100806451613,0.17200100806451613,0.0,0.16021670576113145,0.16021670576113145,0.0,0.17279397311496317,0.17279397311496317,0.0,0.11413643517995936,0.11553505146521749,-0.001398616285258128,0.7713411389036722,0.7888238424693986,-0.017482703565726454,0.01748270356572645,0.0,0.01748270356572645,0.0,0.0,0.0
temporal,LOG_TRAIN_P50,EVIDENCE_GATE_CONTRIBUTION,RCSE_V2_FULL,V2_SAFETY_NO_GATE,0.21117615753060137,0.7290313996806812,-0.5178552421500798,0.17200100806451613,0.753805161149031,-0.5818041530845148,0.16021670576113145,0.7787966646170242,-0.6185799588558928,0.17279397311496317,0.7535983849877558,-0.5808044118727926,0.11413643517995936,0.575240933403623,-0.4611044982236637,0.7713411389036722,0.25348589675359234,0.5178552421500798,0.01748270356572645,0.01748270356572645,0.0,0.0,0.0,0.0
temporal,LOG_TRAIN_P50,DEDICATED_SAFETY_BELIEF_CONTRIBUTION,RCSE_V2_FULL,V2_GATE_MULTICLASS_EXECUTE,0.21117615753060137,0.0,0.21117615753060137,0.17200100806451613,,,0.16021670576113145,,,0.17279397311496317,,,0.11413643517995936,0.09860138371474189,0.01553505146521747,0.7713411389036722,0.9825172964342735,-0.21117615753060137,0.01748270356572645,0.01748270356572645,0.0,0.0,0.0,0.0
temporal,LOG_TRAIN_P50,CONSEQUENCE_AWARE_VS_VOI_BLIND,RCSE_V2_FULL,VOI_BLIND_V1,0.21117615753060137,0.0,0.21117615753060137,0.17200100806451613,,,0.16021670576113145,,,0.17279397311496317,,,0.11413643517995936,0.0985524215007983,0.015584013679161055,0.7713411389036722,0.9819052687599787,-0.21056412985630657,0.01748270356572645,0.018094731240021287,-0.0006120276742948363,0.0,0.0,0.0
temporal,LOG_TRAIN_P50,V2_VS_V1,RCSE_V2_FULL,RCSE_V1_FULL,0.21117615753060137,0.0,0.21117615753060137,0.17200100806451613,,,0.16021670576113145,,,0.17279397311496317,,,0.11413643517995936,0.09860138371474189,0.01553505146521747,0.7713411389036722,0.9825172964342735,-0.21117615753060137,0.01748270356572645,0.01748270356572645,0.0,0.0,0.0,0.0
temporal,LOG_TRAIN_P90,GATHER_CONTRIBUTION,RCSE_V2_FULL,RCSE_V2_NO_GATHER,0.21905268759978713,0.21905268759978713,0.0,0.17213313896987367,0.17213313896987367,0.0,0.17436722556141934,0.17436722556141934,0.0,0.17313936019164866,0.17313936019164866,0.0,0.10433590545629436,0.10577709757976429,-0.0014411921234699365,0.7629324108568387,0.7809473124002129,-0.01801490154337415,0.018014901543374134,0.0,0.018014901543374134,0.0,0.0,0.0
temporal,LOG_TRAIN_P90,EVIDENCE_GATE_CONTRIBUTION,RCSE_V2_FULL,V2_SAFETY_NO_GATE,0.21905268759978713,0.7575572112825971,-0.53850452368281,0.17213313896987367,0.7539428852435983,-0.5818097462737246,0.17436722556141934,0.7767978927317223,-0.6024306671703029,0.17313936019164866,0.7538883469545097,-0.580748986762861,0.10433590545629436,0.43842174619302077,-0.3340858407367264,0.7629324108568387,0.22442788717402873,0.53850452368281,0.018014901543374134,0.018014901543374134,0.0,0.0,0.0,0.0
temporal,LOG_TRAIN_P90,DEDICATED_SAFETY_BELIEF_CONTRIBUTION,RCSE_V2_FULL,V2_GATE_MULTICLASS_EXECUTE,0.21905268759978713,0.0,0.21905268759978713,0.17213313896987367,,,0.17436722556141934,,,0.17313936019164866,,,0.10433590545629436,0.09855880787653008,0.005777097579764273,0.7629324108568387,0.9819850984566258,-0.21905268759978713,0.018014901543374134,0.018014901543374134,0.0,0.0,0.0,0.0
temporal,LOG_TRAIN_P90,CONSEQUENCE_AWARE_VS_VOI_BLIND,RCSE_V2_FULL,VOI_BLIND_V1,0.21905268759978713,0.0,0.21905268759978713,0.17213313896987367,,,0.17436722556141934,,,0.17313936019164866,,,0.10433590545629436,0.0985524215007983,0.005783483955496049,0.7629324108568387,0.9819052687599787,-0.21897285790314003,0.018014901543374134,0.018094731240021287,-7.982969664715317e-05,0.0,0.0,0.0
temporal,LOG_TRAIN_P90,V2_VS_V1,RCSE_V2_FULL,RCSE_V1_FULL,0.21905268759978713,0.0,0.21905268759978713,0.17213313896987367,,,0.17436722556141934,,,0.17313936019164866,,,0.10433590545629436,0.09855880787653008,0.005777097579764273,0.7629324108568387,0.9819850984566258,-0.21905268759978713,0.018014901543374134,0.018014901543374134,0.0,0.0,0.0,0.0
temporal,LOG_TRAIN_P99,GATHER_CONTRIBUTION,RCSE_V2_FULL,RCSE_V2_NO_GATHER,0.2190792974986695,0.2190792974986695,0.0,0.17211223126442365,0.17211223126442365,0.0,0.1718444770168085,0.1718444770168085,0.0,0.1730977546972042,0.1730977546972042,0.0,0.09938657257192145,0.10083415107112315,-0.0014475784992016988,0.7628259712613092,0.7809207025013305,-0.018094731240021256,0.018094731240021287,0.0,0.018094731240021287,0.0,0.0,0.0
temporal,LOG_TRAIN_P99,EVIDENCE_GATE_CONTRIBUTION,RCSE_V2_FULL,V2_SAFETY_NO_GATE,0.2190792974986695,0.7576104310803619,-0.5385311335816924,0.17211223126442365,0.7539250465385832,-0.5818128152741595,0.1718444770168085,0.7747250394462258,-0.6028805624294173,0.1730977546972042,0.7538530292555522,-0.580755274558348,0.09938657257192145,0.36426908027969934,-0.2648825077077779,0.7628259712613092,0.2242948376796168,0.5385311335816925,0.018094731240021287,0.018094731240021287,0.0,0.0,0.0,0.0
temporal,LOG_TRAIN_P99,DEDICATED_SAFETY_BELIEF_CONTRIBUTION,RCSE_V2_FULL,V2_GATE_MULTICLASS_EXECUTE,0.2190792974986695,0.0,0.2190792974986695,0.17211223126442365,,,0.1718444770168085,,,0.1730977546972042,,,0.09938657257192145,0.0985524215007983,0.0008341510711231404,0.7628259712613092,0.9819052687599787,-0.2190792974986695,0.018094731240021287,0.018094731240021287,0.0,0.0,0.0,0.0
temporal,LOG_TRAIN_P99,CONSEQUENCE_AWARE_VS_VOI_BLIND,RCSE_V2_FULL,VOI_BLIND_V1,0.2190792974986695,0.0,0.2190792974986695,0.17211223126442365,,,0.1718444770168085,,,0.1730977546972042,,,0.09938657257192145,0.0985524215007983,0.0008341510711231404,0.7628259712613092,0.9819052687599787,-0.2190792974986695,0.018094731240021287,0.018094731240021287,0.0,0.0,0.0,0.0
temporal,LOG_TRAIN_P99,V2_VS_V1,RCSE_V2_FULL,RCSE_V1_FULL,0.2190792974986695,0.0,0.2190792974986695,0.17211223126442365,,,0.1718444770168085,,,0.1730977546972042,,,0.09938657257192145,0.0985524215007983,0.0008341510711231404,0.7628259712613092,0.9819052687599787,-0.2190792974986695,0.018094731240021287,0.018094731240021287,0.0,0.0,0.0,0.0
temporal,UNIFORM,GATHER_CONTRIBUTION,RCSE_V2_FULL,RCSE_V2_NO_GATHER,0.2190792974986695,0.2190792974986695,0.0,0.17211223126442365,0.17211223126442365,0.0,0.1718444770168085,0.1718444770168085,0.0,0.17211223126442365,0.17211223126442365,0.0,0.11435071846726982,0.11579829696647155,-0.0014475784992017265,0.7628259712613092,0.7809207025013305,-0.018094731240021256,0.018094731240021287,0.0,0.018094731240021287,0.0,0.0,0.0
temporal,UNIFORM,EVIDENCE_GATE_CONTRIBUTION,RCSE_V2_FULL,V2_SAFETY_NO_GATE,0.2190792974986695,0.7576104310803619,-0.5385311335816924,0.17211223126442365,0.7539250465385832,-0.5818128152741595,0.1718444770168085,0.7747250394462258,-0.6028805624294173,0.17211223126442365,0.7539250465385832,-0.5818128152741595,0.11435071846726982,0.59397285790314,-0.4796221394358702,0.7628259712613092,0.2242948376796168,0.5385311335816925,0.018094731240021287,0.018094731240021287,0.0,0.0,0.0,0.0
temporal,UNIFORM,DEDICATED_SAFETY_BELIEF_CONTRIBUTION,RCSE_V2_FULL,V2_GATE_MULTICLASS_EXECUTE,0.2190792974986695,0.0,0.2190792974986695,0.17211223126442365,,,0.1718444770168085,,,0.17211223126442365,,,0.11435071846726982,0.0985524215007983,0.015798296966471517,0.7628259712613092,0.9819052687599787,-0.2190792974986695,0.018094731240021287,0.018094731240021287,0.0,0.0,0.0,0.0
temporal,UNIFORM,CONSEQUENCE_AWARE_VS_VOI_BLIND,RCSE_V2_FULL,VOI_BLIND_V1,0.2190792974986695,0.0,0.2190792974986695,0.17211223126442365,,,0.1718444770168085,,,0.17211223126442365,,,0.11435071846726982,0.0985524215007983,0.015798296966471517,0.7628259712613092,0.9819052687599787,-0.2190792974986695,0.018094731240021287,0.018094731240021287,0.0,0.0,0.0,0.0
temporal,UNIFORM,V2_VS_V1,RCSE_V2_FULL,RCSE_V1_FULL,0.2190792974986695,0.0,0.2190792974986695,0.17211223126442365,,,0.1718444770168085,,,0.17211223126442365,,,0.11435071846726982,0.0985524215007983,0.015798296966471517,0.7628259712613092,0.9819052687599787,-0.2190792974986695,0.018094731240021287,0.018094731240021287,0.0,0.0,0.0,0.0
